11:38:42.312 , TTPPH, 35191, 24.09, 24.35, 99346.19, 99348.72, 40.34
11:38:47.356 , TTPPH, 40209, 24.11, 24.34, 99347.13, 99349.17, 40.35
11:38:52.346 , TTPPH, 45227, 24.12, 24.34, 99346.53, 99342.52, 40.37
11:38:57.376 , TTPPH, 50245, 24.12, 24.36, 99344.18, 99343.70, 40.39
11:39:03.200 , TTPPH, 55263, 24.13, 24.36, 99341.70, 99346.82, 40.94
11:39:07.402 , TTPPH, 60281, 24.14, 24.35, 99344.99, 99345.03, 42.10
11:39:12.432 , TTPPH, 65299, 24.14, 24.37, 99345.42, 99348.95, 41.99
11:39:22.008 , mppoctht, 69624.00, -4.27, -4.27, 20.69, 0.29, 23.25, 41.79, 24.15
11:39:22.010 , mppoctht, 69661.00, 0.41, 0.62, 20.69, 0.29, 23.25, 41.79, 24.15
11:39:22.010 , mppoctht, 69697.00, -0.12, -0.25, 20.69, 0.29, 23.25, 41.79, 24.15
11:39:22.010 , mppoctht, 69733.00, -0.12, -0.45, 20.69, 0.29, 23.25, 41.79, 24.15
11:39:22.020 , mppoctht, 69769.00, -0.12, -0.25, 20.69, 0.29, 23.25, 41.79, 24.15
11:39:22.048 , mppoctht, 69806.00, -0.12, -0.25, 20.69, 0.29, 23.25, 41.79, 24.15
11:39:22.050 , mppoctht, 69842.00, -0.12, -0.45, 20.69, 0.29, 23.25, 41.79, 24.15
11:39:22.051 , mppoctht, 69878.00, -0.12, -0.45, 20.66, -0.12, 23.26, 41.82, 24.15
11:39:22.053 , mppoctht, 69914.00, -0.12, -0.25, 20.66, -0.12, 23.26, 41.82, 24.15
11:39:22.054 , mppoctht, 69950.00, -0.12, -0.45, 20.66, -0.12, 23.26, 41.82, 24.15
11:39:22.055 , mppoctht, 69986.00, -0.12, -0.45, 20.66, -0.12, 23.26, 41.82, 24.15
11:39:22.087 , mppoctht, 70022.00, -0.12, -0.45, 20.66, -0.02, 23.26, 41.80, 24.15
11:39:22.089 , mppoctht, 70058.00, -0.12, -0.25, 20.66, -0.02, 23.26, 41.80, 24.15
11:39:22.090 , mppoctht, 70094.00, -0.12, -0.45, 20.66, -0.02, 23.26, 41.80, 24.15
11:39:22.093 , mppoctht, 70130.00, -0.12, -0.45, 20.66, -0.02, 23.26, 41.80, 24.15
11:39:22.093 , mppoctht, 70166.00, -0.12, -0.45, 20.66, -0.00, 23.26, 41.79, 24.16
11:39:22.093 , mppoctht, 70202.00, -0.12, -0.45, 20.66, -0.00, 23.26, 41.79, 24.16
11:39:22.127 , mppoctht, 70240.00, -0.12, -0.25, 20.66, -0.00, 23.26, 41.79, 24.16
11:39:22.128 , mppoctht, 70277.00, -0.12, -0.45, 20.66, -0.00, 23.26, 41.79, 24.16
11:39:22.130 , mppoctht, 70313.00, -0.12, -0.45, 20.66, 0.06, 23.26, 41.79, 24.15
11:39:22.130 , mppoctht, 70349.00, -0.12, -0.45, 20.66, 0.06, 23.26, 41.79, 24.15
11:39:22.131 , mppoctht, 70385.00, -0.12, -0.45, 20.66, 0.06, 23.26, 41.79, 24.15
11:39:22.138 , mppoctht, 70421.00, -0.12, -0.45, 20.66, 0.06, 23.26, 41.79, 24.15
11:39:22.165 , mppoctht, 70457.00, -0.12, -0.45, 20.66, 0.13, 23.30, 41.80, 24.15
11:39:22.190 , mppoctht, 70493.00, -0.12, -0.25, 20.66, 0.13, 23.30, 41.80, 24.15
11:39:22.201 , mppoctht, 70530.00, -0.12, -0.45, 20.66, 0.13, 23.30, 41.80, 24.15
11:39:22.204 , mppoctht, 70566.00, -0.12, -0.25, 20.66, 0.13, 23.30, 41.80, 24.15
11:39:22.204 , mppoctht, 70602.00, -0.12, -0.45, 20.66, 0.13, 23.30, 41.80, 24.15
11:39:22.205 , mppoctht, 70638.00, -0.12, -0.45, 20.69, 0.00, 23.31, 41.79, 24.15
11:39:22.206 , mppoctht, 70674.00, -0.12, -0.45, 20.69, 0.00, 23.31, 41.79, 24.16
11:39:22.208 , mppoctht, 70710.00, -0.12, -0.45, 20.69, 0.00, 23.31, 41.79, 24.16
11:39:22.212 , mppoctht, 70746.00, -0.12, -0.45, 20.69, 0.00, 23.31, 41.79, 24.15
11:39:22.212 , mppoctht, 70782.00, -0.12, -0.45, 20.66, 0.20, 23.31, 41.76, 24.15
11:39:22.212 , mppoctht, 70818.00, -0.12, -0.45, 20.66, 0.20, 23.31, 41.76, 24.15
11:39:22.218 , mppoctht, 70854.00, -0.12, -0.45, 20.66, 0.20, 23.31, 41.76, 24.15
11:39:22.242 , mppoctht, 70890.00, -0.12, -0.45, 20.66, 0.20, 23.31, 41.76, 24.15
11:39:22.242 , mppoctht, 70926.00, -0.12, -0.45, 20.66, 0.16, 23.33, 41.76, 24.15
11:39:22.245 , mppoctht, 70962.00, -0.12, -0.45, 20.66, 0.16, 23.33, 41.76, 24.15
11:39:22.245 , mppoctht, 70998.00, -0.12, -0.45, 20.66, 0.16, 23.33, 41.76, 24.15
11:39:22.247 , mppoctht, 71034.00, -0.12, -0.45, 20.66, 0.16, 23.33, 41.76, 24.15
11:39:22.276 , mppoctht, 71070.00, -0.12, -0.45, 20.66, 0.08, 23.36, 41.79, 24.15
11:39:22.285 , mppoctht, 71106.00, -0.12, -0.45, 20.66, 0.08, 23.36, 41.79, 24.15
11:39:22.286 , mppoctht, 71145.00, -0.12, -0.45, 20.66, 0.08, 23.36, 41.79, 24.15
11:39:22.287 , mppoctht, 71182.00, -0.12, -0.45, 20.66, 0.08, 23.36, 41.79, 24.15
11:39:22.287 , mppoctht, 71218.00, -0.12, -0.45, 20.66, 0.03, 23.34, 41.76, 24.15
11:39:22.290 , mppoctht, 71254.00, -0.12, -0.45, 20.66, 0.03, 23.34, 41.76, 24.15
11:39:22.296 , mppoctht, 71290.00, -0.12, -0.45, 20.66, 0.03, 23.34, 41.76, 24.15
11:39:22.321 , mppoctht, 71326.00, -0.12, -0.45, 20.66, 0.03, 23.34, 41.76, 24.15
11:39:22.322 , mppoctht, 71362.00, -0.12, -0.45, 20.69, -0.06, 23.38, 41.75, 24.15
11:39:22.323 , mppoctht, 71398.00, -0.12, -0.25, 20.69, -0.06, 23.38, 41.75, 24.15
11:39:22.324 , mppoctht, 71434.00, -0.12, -0.45, 20.69, -0.06, 23.38, 41.75, 24.15
11:39:22.324 , mppoctht, 71471.00, -0.12, -0.45, 20.69, -0.06, 23.38, 41.75, 24.15
11:39:22.332 , mppoctht, 71507.00, -0.12, -0.45, 20.69, 0.20, 23.41, 41.75, 24.15
11:39:22.359 , mppoctht, 71543.00, -0.12, -0.45, 20.69, 0.20, 23.41, 41.75, 24.15
11:39:22.369 , mppoctht, 71579.00, -0.12, -0.45, 20.69, 0.20, 23.41, 41.75, 24.15
11:39:22.373 , mppoctht, 71616.00, -0.12, -0.45, 20.69, 0.20, 23.41, 41.75, 24.15
11:39:22.373 , mppoctht, 71652.00, -0.12, -0.45, 20.69, 0.20, 23.41, 41.75, 24.15
11:39:22.373 , mppoctht, 71688.00, -0.12, -0.45, 20.66, -0.25, 23.40, 41.74, 24.15
11:39:22.401 , mppoctht, 71724.00, -0.12, -0.45, 20.66, -0.25, 23.40, 41.74, 24.15
11:39:22.401 , mppoctht, 71760.00, -0.12, -0.45, 20.66, -0.25, 23.40, 41.74, 24.15
11:39:22.402 , mppoctht, 71796.00, -0.12, -0.45, 20.66, -0.25, 23.40, 41.74, 24.15
11:39:22.404 , mppoctht, 71832.00, -0.12, -0.45, 20.69, 0.29, 23.42, 41.71, 24.15
11:39:22.407 , mppoctht, 71868.00, -0.12, -0.45, 20.69, 0.29, 23.42, 41.71, 24.15
11:39:22.412 , mppoctht, 71904.00, -0.12, -0.45, 20.69, 0.29, 23.42, 41.71, 24.15
11:39:22.437 , mppoctht, 71940.00, -0.12, -0.45, 20.69, 0.29, 23.42, 41.71, 24.15
11:39:22.454 , mppoctht, 71976.00, -0.12, -0.45, 20.66, 0.10, 23.43, 41.72, 24.15
11:39:22.455 , mppoctht, 72012.00, -0.12, -0.45, 20.66, 0.10, 23.43, 41.72, 24.15
11:39:22.456 , mppoctht, 72049.00, -0.12, -0.45, 20.66, 0.10, 23.43, 41.72, 24.15
11:39:22.457 , mppoctht, 72086.00, -0.12, -0.45, 20.66, 0.10, 23.43, 41.72, 24.15
11:39:22.484 , mppoctht, 72122.00, -0.12, -0.45, 20.66, 0.27, 23.45, 41.71, 24.15
11:39:22.486 , mppoctht, 72158.00, -0.12, -0.25, 20.66, 0.27, 23.45, 41.71, 24.15
11:39:22.487 , mppoctht, 72194.00, -0.12, -0.45, 20.66, 0.27, 23.45, 41.71, 24.15
11:39:22.489 , mppoctht, 72230.00, -0.12, -0.45, 20.66, 0.27, 23.45, 41.71, 24.15
11:39:22.489 , mppoctht, 72266.00, -0.03, -0.45, 20.66, 0.13, 23.48, 41.69, 24.15
11:39:22.490 , mppoctht, 72302.00, -0.12, -0.45, 20.66, 0.13, 23.48, 41.69, 24.15
11:39:22.502 , mppoctht, 72338.00, -0.12, -0.45, 20.66, 0.13, 23.48, 41.69, 24.16
11:39:22.528 , mppoctht, 72374.00, -0.12, -0.45, 20.66, 0.13, 23.48, 41.69, 24.15
11:39:22.538 , mppoctht, 72410.00, -0.12, -0.45, 20.66, 0.13, 23.48, 41.69, 24.15
11:39:22.540 , mppoctht, 72446.00, -0.12, -0.45, 20.70, -0.18, 23.48, 41.65, 24.16
11:39:22.541 , mppoctht, 72482.00, -0.12, -0.45, 20.70, -0.18, 23.48, 41.65, 24.16
11:39:22.541 , mppoctht, 72518.00, -0.12, -0.45, 20.70, -0.18, 23.48, 41.65, 24.15
11:39:22.571 , mppoctht, 72554.00, -0.12, -0.25, 20.70, -0.18, 23.48, 41.65, 24.15
11:39:22.573 , mppoctht, 72590.00, -0.12, -0.45, 20.66, 0.07, 23.50, 41.64, 24.15
11:39:22.575 , mppoctht, 72626.00, -0.12, -0.45, 20.66, 0.07, 23.50, 41.64, 24.15
11:39:22.586 , mppoctht, 72662.00, -0.12, -0.45, 20.66, 0.07, 23.50, 41.64, 24.15
11:39:22.589 , mppoctht, 72698.00, -0.12, -0.25, 20.66, 0.07, 23.50, 41.64, 24.15
11:39:22.592 , mppoctht, 72734.00, -0.12, -0.45, 20.69, -0.01, 23.53, 41.64, 24.15
11:39:22.618 , mppoctht, 72770.00, -0.12, -0.45, 20.69, -0.01, 23.53, 41.64, 24.15
11:39:22.629 , mppoctht, 72806.00, -0.12, -0.45, 20.69, -0.01, 23.53, 41.64, 24.15
11:39:22.631 , mppoctht, 72842.00, -0.12, -0.45, 20.69, -0.01, 23.53, 41.64, 24.16
11:39:22.631 , mppoctht, 72878.00, -0.12, -0.25, 20.66, 0.12, 23.53, 41.61, 24.16
11:39:22.646 , mppoctht, 72914.00, -0.03, -0.45, 20.66, 0.12, 23.53, 41.61, 24.15
11:39:22.647 , mppoctht, 72953.00, -0.12, -0.45, 20.66, 0.12, 23.53, 41.61, 24.15
11:39:22.650 , mppoctht, 72990.00, -0.12, -0.45, 20.66, 0.12, 23.53, 41.61, 24.15
11:39:22.650 , mppoctht, 73026.00, -0.12, -0.45, 20.66, 0.42, 23.56, 41.59, 24.16
11:39:22.652 , mppoctht, 73062.00, -0.12, -0.45, 20.66, 0.42, 23.56, 41.59, 24.16
11:39:22.652 , mppoctht, 73098.00, -0.12, -0.45, 20.66, 0.42, 23.56, 41.59, 24.15
11:39:22.660 , mppoctht, 73134.00, -0.12, -0.45, 20.66, 0.42, 23.56, 41.59, 24.15
11:39:22.685 , mppoctht, 73170.00, -0.12, -0.45, 20.66, -0.01, 23.58, 41.58, 24.15
11:39:22.688 , mppoctht, 73206.00, -0.12, -0.45, 20.66, -0.01, 23.58, 41.58, 24.15
11:39:22.688 , mppoctht, 73242.00, -0.12, -0.45, 20.66, -0.01, 23.58, 41.58, 24.15
11:39:22.690 , mppoctht, 73278.00, -0.12, -0.45, 20.66, -0.01, 23.58, 41.58, 24.15
11:39:22.691 , mppoctht, 73314.00, -0.12, -0.45, 20.66, -0.01, 23.58, 41.58, 24.15
11:39:22.696 , mppoctht, 73350.00, -0.12, -0.45, 20.69, 0.19, 23.56, 41.54, 24.15
11:39:22.721 , mppoctht, 73386.00, -0.12, -0.45, 20.69, 0.19, 23.56, 41.54, 24.15
11:39:22.721 , mppoctht, 73422.00, -0.12, -0.45, 20.69, 0.19, 23.56, 41.54, 24.15
11:39:22.724 , mppoctht, 73458.00, -0.12, -0.45, 20.69, 0.19, 23.56, 41.54, 24.15
11:39:22.726 , mppoctht, 73494.00, -0.12, -0.45, 20.66, 0.14, 23.57, 41.52, 24.16
11:39:22.726 , mppoctht, 73530.00, -0.12, -0.45, 20.66, 0.14, 23.57, 41.52, 24.16
11:39:22.766 , mppoctht, 73566.00, -0.12, -0.45, 20.66, 0.14, 23.57, 41.52, 24.15
11:39:22.768 , mppoctht, 73602.00, -0.12, -0.25, 20.66, 0.14, 23.57, 41.52, 24.15
11:39:22.769 , mppoctht, 73638.00, -0.12, -0.45, 20.66, -0.06, 23.61, 41.49, 24.16
11:39:22.770 , mppoctht, 73674.00, -0.12, -0.45, 20.66, -0.06, 23.61, 41.49, 24.16
11:39:22.783 , mppoctht, 73710.00, -0.12, -0.25, 20.66, -0.06, 23.61, 41.49, 24.16
11:39:22.786 , mppoctht, 73746.00, -0.12, -0.45, 20.66, -0.06, 23.61, 41.49, 24.16
11:39:22.812 , mppoctht, 73782.00, -0.12, -0.45, 20.66, 0.18, 23.61, 41.49, 24.16
11:39:22.814 , mppoctht, 73818.00, -0.12, -0.45, 20.66, 0.18, 23.61, 41.49, 24.15
11:39:22.814 , mppoctht, 73856.00, -0.12, -0.45, 20.66, 0.18, 23.61, 41.49, 24.15
11:39:22.816 , mppoctht, 73893.00, -0.12, -0.45, 20.66, 0.18, 23.61, 41.49, 24.15
11:39:22.829 , mppoctht, 73929.00, -0.12, -0.45, 20.66, 0.01, 23.62, 41.49, 24.15
11:39:22.831 , mppoctht, 73965.00, -0.12, -0.45, 20.66, 0.01, 23.62, 41.49, 24.16
11:39:22.857 , mppoctht, 74001.00, -0.12, -0.45, 20.66, 0.01, 23.62, 41.49, 24.16
11:39:22.861 , mppoctht, 74037.00, -0.12, -0.45, 20.66, 0.01, 23.62, 41.49, 24.16
11:39:22.861 , mppoctht, 74073.00, -0.12, -0.45, 20.69, 0.16, 23.62, 41.42, 24.15
11:39:22.861 , mppoctht, 74109.00, -0.12, -0.45, 20.69, 0.16, 23.62, 41.42, 24.15
11:39:22.861 , mppoctht, 74146.00, -0.12, -0.45, 20.69, 0.16, 23.62, 41.42, 24.16
11:39:22.863 , mppoctht, 74182.00, -0.12, -0.45, 20.69, 0.16, 23.62, 41.42, 24.16
11:39:22.870 , mppoctht, 74218.00, -0.12, -0.45, 20.69, 0.16, 23.62, 41.42, 24.16
11:39:22.871 , mppoctht, 74254.00, -0.12, -0.45, 20.69, 0.16, 23.67, 41.39, 24.16
11:39:22.875 , mppoctht, 74290.00, -0.12, -0.45, 20.69, 0.16, 23.67, 41.39, 24.16
11:39:22.879 , mppoctht, 74326.00, -0.12, -0.45, 20.69, 0.16, 23.67, 41.39, 24.16
11:39:22.910 , mppoctht, 74362.00, -0.12, -0.45, 20.69, 0.16, 23.67, 41.39, 24.16
11:39:22.910 , mppoctht, 74398.00, -0.12, -0.45, 20.66, 0.03, 23.67, 41.42, 24.16
11:39:22.913 , mppoctht, 74434.00, -0.12, -0.45, 20.66, 0.03, 23.67, 41.42, 24.16
11:39:22.914 , mppoctht, 74470.00, -0.12, -0.45, 20.66, 0.03, 23.67, 41.42, 24.16
11:39:22.917 , mppoctht, 74506.00, -0.12, -0.45, 20.66, 0.03, 23.67, 41.42, 24.16
11:39:27.913 , mppoctht, 74543.00, -0.03, -0.45, 20.66, 0.26, 23.68, 41.38, 24.16
11:39:27.913 , mppoctht, 74579.00, -0.12, -0.45, 20.66, 0.26, 23.68, 41.38, 24.16
11:39:27.913 , mppoctht, 74615.00, -0.12, -0.45, 20.66, 0.26, 23.68, 41.38, 24.16
11:39:27.922 , mppoctht, 74651.00, -0.12, -0.45, 20.66, 0.26, 23.68, 41.38, 24.16
11:39:27.923 , mppoctht, 74687.00, -0.12, -0.45, 20.66, 0.01, 23.69, 41.32, 24.15
11:39:27.924 , mppoctht, 74723.00, -0.12, -0.45, 20.66, 0.01, 23.69, 41.32, 24.16
11:39:27.925 , mppoctht, 74759.00, -0.12, -0.45, 20.66, 0.01, 23.69, 41.32, 24.16
11:39:27.925 , mppoctht, 74795.00, -0.12, -0.45, 20.66, 0.01, 23.69, 41.32, 24.16
11:39:27.926 , mppoctht, 74831.00, -0.12, -0.45, 20.69, 0.04, 23.69, 41.32, 24.16
11:39:27.955 , mppoctht, 74867.00, -0.12, -0.45, 20.69, 0.04, 23.69, 41.32, 24.16
11:39:27.957 , mppoctht, 74903.00, -0.03, -0.45, 20.69, 0.04, 23.69, 41.32, 24.16
11:39:27.958 , mppoctht, 74940.00, -0.12, -0.45, 20.69, 0.04, 23.69, 41.32, 24.16
11:39:27.961 , mppoctht, 74976.00, -0.12, -0.45, 20.69, 0.04, 23.69, 41.32, 24.16
11:39:27.961 , mppoctht, 75012.00, -0.12, -0.45, 20.69, 0.19, 23.71, 41.28, 24.16
11:39:27.991 , mppoctht, 75048.00, -0.12, -0.45, 20.69, 0.19, 23.71, 41.28, 24.16
11:39:27.992 , mppoctht, 75086.00, -0.12, -0.45, 20.69, 0.19, 23.71, 41.28, 24.16
11:39:27.993 , mppoctht, 75124.00, -0.12, -0.45, 20.69, 0.19, 23.71, 41.28, 24.16
11:39:27.997 , mppoctht, 75160.00, -0.12, -0.45, 20.69, 0.19, 23.71, 41.28, 24.16
11:39:28.000 , mppoctht, 75197.00, -0.12, -0.45, 20.69, 0.08, 23.72, 41.29, 24.16
11:39:28.001 , mppoctht, 75234.00, -0.12, -0.25, 20.69, 0.08, 23.72, 41.29, 24.16
11:39:28.016 , mppoctht, 75277.00, -0.12, -0.45, 20.69, 0.08, 23.72, 41.29, 24.16
11:39:28.018 , mppoctht, 75314.00, -0.12, -0.45, 20.69, 0.08, 23.72, 41.29, 24.16
11:39:28.085 , mppoctht, 75353.00, -0.12, -0.45, 20.69, 0.08, 23.72, 41.29, 24.16
11:39:28.086 , mppoctht, 75392.00, -0.12, -0.45, 20.66, 0.12, 23.75, 41.22, 24.16
11:39:28.086 , mppoctht, 75446.00, -0.12, -0.45, 20.66, 0.12, 23.75, 41.22, 24.16
11:39:28.100 , mppoctht, 75485.00, -0.12, -0.45, 20.66, 0.12, 23.75, 41.22, 24.16
11:39:28.102 , mppoctht, 75525.00, -0.12, -0.45, 20.69, -0.14, 23.76, 41.21, 24.16
11:39:28.103 , mppoctht, 75563.00, -0.12, -0.45, 20.69, -0.14, 23.76, 41.21, 24.16
11:39:28.103 , mppoctht, 75600.00, -0.12, -0.45, 20.69, -0.14, 23.76, 41.21, 24.16
11:39:28.105 , mppoctht, 75637.00, -0.12, -0.45, 20.69, -0.14, 23.76, 41.21, 24.16
11:39:28.105 , mppoctht, 75673.00, -0.12, -0.45, 20.69, -0.14, 23.76, 41.21, 24.16
11:39:28.113 , mppoctht, 75710.00, -0.12, -0.45, 20.72, -0.20, 23.76, 41.21, 24.16
11:39:28.139 , mppoctht, 75746.00, -0.12, -0.45, 20.72, -0.20, 23.76, 41.21, 24.16
11:39:28.165 , mppoctht, 75782.00, -0.12, -0.45, 20.72, -0.20, 23.76, 41.21, 24.15
11:39:28.167 , mppoctht, 75819.00, -0.12, -0.45, 20.72, -0.20, 23.76, 41.21, 24.15
11:39:28.168 , mppoctht, 75855.00, -0.12, -0.45, 20.72, -0.20, 23.76, 41.21, 24.16
11:39:28.169 , mppoctht, 75891.00, -0.12, -0.45, 20.69, -0.15, 23.78, 41.16, 24.16
11:39:28.171 , mppoctht, 75927.00, -0.12, -0.45, 20.69, -0.15, 23.78, 41.16, 24.16
11:39:28.198 , mppoctht, 75963.00, -0.12, -0.45, 20.69, -0.15, 23.78, 41.16, 24.16
11:39:28.198 , mppoctht, 75999.00, -0.12, -0.45, 20.69, -0.15, 23.78, 41.16, 24.16
11:39:28.201 , mppoctht, 76035.00, -0.12, -0.45, 20.69, 0.52, 23.80, 41.14, 24.16
11:39:28.201 , mppoctht, 76071.00, -0.12, -0.45, 20.69, 0.52, 23.80, 41.14, 24.16
11:39:28.203 , mppoctht, 76107.00, -0.12, -0.45, 20.69, 0.52, 23.80, 41.14, 24.16
11:39:28.211 , mppoctht, 76143.00, -0.12, -0.45, 20.69, 0.52, 23.80, 41.14, 24.16
11:39:28.233 , mppoctht, 76179.00, -0.12, -0.45, 20.69, 0.31, 23.81, 41.11, 24.15
11:39:28.250 , mppoctht, 76215.00, -0.12, -0.45, 20.69, 0.31, 23.81, 41.11, 24.15
11:39:28.252 , mppoctht, 76253.00, -0.12, -0.45, 20.69, 0.31, 23.81, 41.11, 24.16
11:39:28.255 , mppoctht, 76290.00, -0.12, -0.45, 20.69, 0.31, 23.81, 41.11, 24.16
11:39:28.259 , mppoctht, 76326.00, -0.12, -0.26, 20.66, -0.06, 23.82, 41.06, 24.16
11:39:28.260 , mppoctht, 76362.00, -0.12, -0.45, 20.66, -0.06, 23.82, 41.06, 24.16
11:39:28.261 , mppoctht, 76398.00, -0.50, -0.26, 20.66, -0.06, 23.82, 41.06, 24.16
11:39:28.269 , mppoctht, 76434.00, -0.50, -0.45, 20.66, -0.06, 23.82, 41.06, 24.16
11:39:28.269 , mppoctht, 76470.00, -0.12, -0.26, 20.66, -0.03, 23.82, 41.07, 24.16
11:39:28.270 , mppoctht, 76506.00, -0.12, -0.45, 20.66, -0.03, 23.82, 41.07, 24.16
11:39:28.271 , mppoctht, 76542.00, -0.12, -0.45, 20.66, -0.03, 23.82, 41.07, 24.16
11:39:28.273 , mppoctht, 76579.00, 0.13, -0.45, 20.66, -0.03, 23.82, 41.07, 24.16
11:39:28.300 , mppoctht, 76615.00, -0.12, -0.45, 20.72, -0.05, 23.84, 41.00, 24.16
11:39:28.303 , mppoctht, 76651.00, -0.03, -0.45, 20.72, -0.05, 23.84, 41.00, 24.16
11:39:28.324 , mppoctht, 76687.00, -0.12, -0.45, 20.72, -0.05, 23.84, 41.00, 24.16
11:39:28.337 , mppoctht, 76724.00, -0.12, -0.45, 20.72, -0.05, 23.84, 41.00, 24.16
11:39:28.338 , mppoctht, 76760.00, -0.12, -0.45, 20.72, -0.05, 23.84, 41.00, 24.16
11:39:28.339 , mppoctht, 76796.00, -0.12, -0.45, 20.69, 0.25, 23.84, 41.03, 24.16
11:39:28.341 , mppoctht, 76832.00, -0.12, -0.45, 20.69, 0.25, 23.84, 41.03, 24.16
11:39:28.341 , mppoctht, 76868.00, -0.03, -0.45, 20.69, 0.25, 23.84, 41.03, 24.16
11:39:28.345 , mppoctht, 76904.00, -0.12, -0.45, 20.69, 0.25, 23.84, 41.03, 24.16
11:39:28.345 , mppoctht, 76940.00, -0.12, -0.45, 20.69, 0.29, 23.84, 40.96, 24.16
11:39:28.347 , mppoctht, 76976.00, -0.03, -0.45, 20.69, 0.29, 23.84, 40.96, 24.16
11:39:28.347 , mppoctht, 77012.00, -0.12, -0.45, 20.69, 0.29, 23.84, 40.96, 24.16
11:39:28.352 , mppoctht, 77048.00, -0.03, -0.45, 20.69, 0.29, 23.84, 40.96, 24.16
11:39:28.377 , mppoctht, 77084.00, -0.12, -0.45, 20.69, 0.13, 23.84, 40.94, 24.16
11:39:28.378 , mppoctht, 77120.00, -0.12, -0.45, 20.69, 0.13, 23.84, 40.94, 24.16
11:39:28.379 , mppoctht, 77157.00, -0.12, -0.45, 20.69, 0.13, 23.84, 40.94, 24.16
11:39:28.381 , mppoctht, 77194.00, 0.17, -0.26, 20.69, 0.13, 23.84, 40.94, 24.16
11:39:28.411 , mppoctht, 77230.00, -2.57, 7.62, 20.66, -0.04, 23.87, 40.94, 24.17
11:39:28.423 , mppoctht, 77266.00, -0.50, 9.65, 20.66, -0.04, 23.87, 40.94, 24.16
11:39:28.425 , mppoctht, 77302.00, -0.03, 13.08, 20.66, -0.04, 23.87, 40.94, 24.16
11:39:28.426 , mppoctht, 77338.00, -0.03, 14.81, 20.66, -0.04, 23.87, 40.94, 24.16
11:39:28.426 , mppoctht, 77374.00, -0.12, 16.08, 20.69, 0.15, 23.87, 40.93, 24.16
11:39:28.429 , mppoctht, 77410.00, -0.12, 22.15, 20.69, 0.15, 23.87, 40.93, 24.16
11:39:28.433 , mppoctht, 77446.00, -0.03, 22.69, 20.69, 0.15, 23.87, 40.93, 24.16
11:39:28.458 , mppoctht, 77482.00, -0.03, 23.13, 20.69, 0.15, 23.87, 40.93, 24.16
11:39:28.461 , mppoctht, 77518.00, -0.31, 23.77, 20.69, 0.15, 23.87, 40.93, 24.16
11:39:28.462 , mppoctht, 77554.00, 0.09, 24.13, 20.72, 0.04, 23.87, 40.88, 24.16
11:39:28.463 , mppoctht, 77590.00, -0.12, 22.60, 20.72, 0.04, 23.87, 40.88, 24.16
11:39:28.464 , mppoctht, 77626.00, -0.03, 22.69, 20.72, 0.04, 23.87, 40.88, 24.16
11:39:28.470 , mppoctht, 77662.00, -0.03, 23.77, 20.72, 0.04, 23.87, 40.88, 24.16
11:39:28.495 , mppoctht, 77698.00, -0.31, 22.42, 20.69, 0.24, 23.88, 40.86, 24.16
11:39:28.508 , mppoctht, 77734.00, -0.31, 23.85, 20.69, 0.24, 23.88, 40.86, 24.16
11:39:28.510 , mppoctht, 77770.00, -0.12, 21.45, 20.69, 0.24, 23.88, 40.86, 24.16
11:39:28.511 , mppoctht, 77806.00, -0.12, 22.24, 20.69, 0.24, 23.88, 40.86, 24.16
11:39:28.511 , mppoctht, 77842.00, -0.12, 20.51, 20.69, -0.21, 23.88, 40.89, 24.16
11:39:28.513 , mppoctht, 77878.00, 0.09, 19.25, 20.69, -0.21, 23.88, 40.89, 24.16
11:39:28.533 , mppoctht, 77914.00, -0.50, 18.60, 20.69, -0.21, 23.88, 40.89, 24.16
11:39:28.533 , mppoctht, 77950.00, -0.03, 17.83, 20.69, -0.21, 23.88, 40.89, 24.16
11:39:28.536 , mppoctht, 77986.00, -0.12, 19.25, 20.69, -0.18, 23.86, 40.90, 24.16
11:39:28.536 , mppoctht, 78022.00, -4.27, 3.30, 20.69, -0.18, 23.86, 40.90, 24.16
11:39:28.536 , mppoctht, 78061.00, -2.00, -0.08, 20.69, -0.18, 23.86, 40.90, 24.16
11:39:28.546 , mppoctht, 78098.00, -0.69, -0.08, 20.69, -0.18, 23.86, 40.90, 24.16
11:39:28.570 , mppoctht, 78134.00, -0.03, -0.45, 20.69, 0.16, 23.86, 40.89, 24.16
11:39:28.572 , mppoctht, 78170.00, -0.12, -0.26, 20.69, 0.16, 23.86, 40.89, 24.16
11:39:28.576 , mppoctht, 78206.00, -0.03, -0.26, 20.69, 0.16, 23.86, 40.89, 24.16
11:39:28.576 , mppoctht, 78242.00, -0.03, -0.45, 20.69, 0.16, 23.86, 40.89, 24.16
11:39:28.576 , mppoctht, 78278.00, -0.03, -0.26, 20.69, 0.07, 23.87, 40.92, 24.16
11:39:28.605 , mppoctht, 78314.00, -0.03, -0.45, 20.69, 0.07, 23.87, 40.92, 24.16
11:39:28.606 , mppoctht, 78350.00, 0.09, -0.45, 20.69, 0.07, 23.87, 40.92, 24.16
11:39:28.614 , mppoctht, 78386.00, -0.12, -0.26, 20.69, 0.07, 23.87, 40.92, 24.16
11:39:28.614 , mppoctht, 78422.00, -0.12, -0.26, 20.69, 0.07, 23.87, 40.92, 24.16
11:39:28.614 , mppoctht, 78458.00, -0.31, -0.26, 20.72, -0.07, 23.87, 40.96, 24.16
11:39:28.614 , mppoctht, 78494.00, -0.31, -0.45, 20.72, -0.07, 23.87, 40.96, 24.16
11:39:28.644 , mppoctht, 78530.00, -0.03, -0.45, 20.72, -0.07, 23.87, 40.96, 24.16
11:39:28.645 , mppoctht, 78566.00, -0.12, -0.45, 20.72, -0.07, 23.87, 40.96, 24.16
11:39:28.645 , mppoctht, 78602.00, -0.12, -0.26, 20.69, 0.22, 23.90, 40.98, 24.16
11:39:28.648 , mppoctht, 78638.00, -0.12, -0.26, 20.69, 0.22, 23.90, 40.98, 24.16
11:39:28.648 , mppoctht, 78674.00, -0.12, -0.45, 20.69, 0.22, 23.90, 40.98, 24.16
11:39:28.649 , mppoctht, 78710.00, -0.12, -0.26, 20.69, 0.22, 23.90, 40.98, 24.16
11:39:28.657 , mppoctht, 78746.00, -0.12, -0.26, 20.69, -0.01, 23.90, 41.02, 24.16
11:39:28.684 , mppoctht, 78782.00, -0.12, -0.45, 20.69, -0.01, 23.90, 41.02, 24.16
11:39:28.686 , mppoctht, 78818.00, -0.12, -0.26, 20.69, -0.01, 23.90, 41.02, 24.16
11:39:28.686 , mppoctht, 78854.00, -0.12, -0.45, 20.69, -0.01, 23.90, 41.02, 24.16
11:39:28.687 , mppoctht, 78890.00, -0.12, -0.45, 20.69, -0.15, 23.89, 41.03, 24.16
11:39:28.690 , mppoctht, 78926.00, -0.03, -0.45, 20.69, -0.15, 23.89, 41.03, 24.16
11:39:28.720 , mppoctht, 78964.00, -0.12, -0.45, 20.69, -0.15, 23.89, 41.03, 24.16
11:39:28.721 , mppoctht, 79001.00, -0.03, -0.45, 20.69, -0.15, 23.89, 41.03, 24.16
11:39:28.722 , mppoctht, 79037.00, 0.09, -0.45, 20.69, 0.02, 23.92, 41.03, 24.16
11:39:28.724 , mppoctht, 79073.00, -0.03, -0.45, 20.69, 0.02, 23.92, 41.03, 24.16
11:39:28.725 , mppoctht, 79109.00, -0.12, -0.26, 20.69, 0.02, 23.92, 41.03, 24.16
11:39:28.725 , mppoctht, 79146.00, -0.12, -0.45, 20.69, 0.02, 23.92, 41.03, 24.16
11:39:28.735 , mppoctht, 79182.00, -0.12, -0.45, 20.69, 0.04, 23.92, 41.03, 24.16
11:39:28.759 , mppoctht, 79218.00, -0.12, -0.45, 20.69, 0.04, 23.92, 41.03, 24.16
11:39:28.785 , mppoctht, 79254.00, -0.12, -0.26, 20.69, 0.04, 23.92, 41.03, 24.16
11:39:28.788 , mppoctht, 79290.00, -0.12, -0.26, 20.69, 0.04, 23.92, 41.03, 24.16
11:39:28.789 , mppoctht, 79326.00, -0.12, -0.45, 20.72, 0.31, 23.94, 41.07, 24.16
11:39:28.789 , mppoctht, 79362.00, -0.12, -0.26, 20.72, 0.31, 23.94, 41.07, 24.17
11:39:28.791 , mppoctht, 79398.00, -0.31, -0.45, 20.72, 0.31, 23.94, 41.07, 24.17
11:39:28.820 , mppoctht, 79435.00, -0.12, -0.45, 20.72, 0.31, 23.94, 41.07, 24.16
11:39:28.821 , mppoctht, 79471.00, -0.12, -0.45, 20.72, 0.31, 23.94, 41.07, 24.16
11:39:28.823 , mppoctht, 79507.00, -0.12, -0.26, 20.65, 0.02, 23.95, 41.05, 24.16
11:39:28.823 , mppoctht, 79543.00, -0.12, -0.26, 20.65, 0.02, 23.95, 41.05, 24.16
11:39:28.825 , mppoctht, 79579.00, -0.12, -0.45, 20.65, 0.02, 23.95, 41.05, 24.16
11:39:28.832 , mppoctht, 79615.00, -0.12, -0.26, 20.65, 0.02, 23.95, 41.05, 24.16
11:39:28.856 , mppoctht, 79651.00, -0.03, -0.26, 20.66, 0.06, 23.95, 41.06, 24.16
11:39:28.871 , mppoctht, 79687.00, -0.12, -0.45, 20.66, 0.06, 23.95, 41.06, 24.17
11:39:28.873 , mppoctht, 79723.00, -0.12, -0.45, 20.66, 0.06, 23.95, 41.06, 24.17
11:39:28.874 , mppoctht, 79759.00, -0.12, -0.45, 20.66, 0.06, 23.95, 41.06, 24.16
11:39:28.901 , mppoctht, 79795.00, -0.12, -0.26, 20.69, 0.13, 23.95, 41.06, 24.16
11:39:28.902 , mppoctht, 79831.00, 0.09, -0.45, 20.69, 0.13, 23.95, 41.06, 24.16
11:39:28.903 , mppoctht, 79868.00, -1.06, -0.26, 20.69, 0.13, 23.95, 41.06, 24.16
11:39:28.903 , mppoctht, 79905.00, -4.27, 7.62, 20.69, 0.13, 23.95, 41.06, 24.17
11:39:28.904 , mppoctht, 79941.00, -0.31, 10.79, 20.66, 0.16, 23.95, 41.06, 24.17
11:39:28.906 , mppoctht, 79977.00, -0.03, 15.70, 20.66, 0.16, 23.95, 41.06, 24.17
11:39:28.913 , mppoctht, 80013.00, 0.09, 18.67, 20.66, 0.16, 23.95, 41.06, 24.17
11:39:28.956 , mppoctht, 80049.00, 0.09, 25.43, 20.66, 0.16, 23.95, 41.06, 24.17
11:39:28.956 , mppoctht, 80085.00, -0.03, 28.46, 20.66, -0.08, 23.98, 41.06, 24.16
11:39:28.958 , mppoctht, 80121.00, 0.09, 29.19, 20.66, -0.08, 23.98, 41.06, 24.16
11:39:28.958 , mppoctht, 80157.00, -0.31, 30.88, 20.66, -0.08, 23.98, 41.06, 24.17
11:39:28.960 , mppoctht, 80193.00, -0.12, 33.50, 20.66, -0.08, 23.98, 41.06, 24.17
11:39:28.970 , mppoctht, 80229.00, -0.12, 29.60, 20.66, -0.08, 23.98, 41.06, 24.17
11:39:28.970 , mppoctht, 80265.00, 0.09, 28.67, 20.69, 0.20, 23.98, 41.10, 24.16
11:39:28.973 , mppoctht, 80301.00, -0.03, 28.06, 20.69, 0.20, 23.98, 41.10, 24.16
11:39:28.975 , mppoctht, 80337.00, -0.03, 27.16, 20.69, 0.20, 23.98, 41.10, 24.16
11:39:28.981 , mppoctht, 80373.00, -0.12, 25.81, 20.69, 0.20, 23.98, 41.10, 24.16
11:39:28.985 , mppoctht, 80409.00, -0.31, 27.36, 20.69, 0.16, 23.97, 41.07, 24.17
11:39:28.985 , mppoctht, 80445.00, -0.12, 26.00, 20.69, 0.16, 23.97, 41.07, 24.17
11:39:29.038 , mppoctht, 80481.00, -0.31, 24.77, 20.69, 0.16, 23.97, 41.07, 24.17
11:39:29.040 , mppoctht, 80517.00, -0.31, 24.58, 20.69, 0.16, 23.97, 41.07, 24.17
11:39:29.042 , mppoctht, 80553.00, -0.12, 24.31, 20.69, -0.06, 23.95, 41.06, 24.16
11:39:29.043 , mppoctht, 80589.00, -0.03, 23.95, 20.69, -0.06, 23.95, 41.06, 24.16
11:39:29.043 , mppoctht, 80625.00, -0.50, 21.45, 20.69, -0.06, 23.95, 41.06, 24.17
11:39:29.045 , mppoctht, 80661.00, -0.12, 22.77, 20.69, -0.06, 23.95, 41.06, 24.16
11:39:29.052 , mppoctht, 80697.00, 4.95, -4.27, 20.69, 0.17, 23.95, 41.07, 24.16
11:39:29.077 , mppoctht, 80733.00, 0.82, -4.27, 20.69, 0.17, 23.95, 41.07, 24.17
11:39:29.079 , mppoctht, 80772.00, 0.54, -1.24, 20.69, 0.17, 23.95, 41.07, 24.17
11:39:34.382 , mppoctht, 80809.00, 0.17, -0.26, 20.69, 0.17, 23.95, 41.07, 24.17
11:39:34.387 , mppoctht, 80845.00, -0.03, -0.45, 20.69, -0.04, 23.95, 41.07, 24.17
11:39:34.387 , mppoctht, 80881.00, -0.03, -0.26, 20.69, -0.04, 23.95, 41.07, 24.16
11:39:34.387 , mppoctht, 80917.00, -0.12, -0.26, 20.69, -0.04, 23.95, 41.07, 24.16
11:39:34.396 , mppoctht, 80953.00, -0.12, -0.26, 20.69, -0.04, 23.95, 41.07, 24.16
11:39:34.397 , mppoctht, 80989.00, -0.12, -0.26, 20.69, -0.04, 23.95, 41.07, 24.17
11:39:34.398 , mppoctht, 81025.00, -0.12, -0.26, 20.69, 0.11, 23.95, 41.03, 24.17
11:39:34.401 , mppoctht, 81063.00, -0.12, -0.26, 20.69, 0.11, 23.95, 41.03, 24.17
11:39:34.406 , mppoctht, 81103.00, -0.12, -0.45, 20.69, 0.11, 23.95, 41.03, 24.17
11:39:34.408 , mppoctht, 81141.00, -0.03, -0.26, 20.69, 0.11, 23.95, 41.03, 24.16
11:39:34.409 , mppoctht, 81178.00, -0.12, -0.26, 20.69, -0.13, 23.97, 41.05, 24.16
11:39:34.420 , mppoctht, 81214.00, -0.12, -0.45, 20.69, -0.13, 23.97, 41.05, 24.16
11:39:34.420 , mppoctht, 81253.00, -0.12, -0.26, 20.69, -0.13, 23.97, 41.05, 24.17
11:39:34.423 , mppoctht, 81290.00, -0.12, -0.26, 20.69, -0.13, 23.97, 41.05, 24.17
11:39:34.449 , mppoctht, 81329.00, -0.12, -0.26, 20.72, 0.20, 23.98, 41.01, 24.17
11:39:34.450 , mppoctht, 81369.00, -0.12, -0.26, 20.72, 0.20, 23.98, 41.01, 24.17
11:39:34.450 , mppoctht, 81409.00, -0.03, -0.26, 20.72, 0.20, 23.98, 41.01, 24.16
11:39:34.452 , mppoctht, 81448.00, -0.12, -0.26, 20.72, 0.20, 23.98, 41.01, 24.16
11:39:34.453 , mppoctht, 81485.00, -0.12, -0.45, 20.72, 0.20, 23.98, 41.01, 24.16
11:39:34.456 , mppoctht, 81521.00, -0.12, -0.45, 20.72, -0.02, 23.98, 41.03, 24.17
11:39:34.462 , mppoctht, 81558.00, -0.03, -0.45, 20.72, -0.02, 23.98, 41.03, 24.17
11:39:34.486 , mppoctht, 81595.00, -0.03, -0.26, 20.72, -0.02, 23.98, 41.03, 24.17
11:39:34.488 , mppoctht, 81634.00, -0.12, -0.26, 20.72, -0.02, 23.98, 41.03, 24.17
11:39:34.489 , mppoctht, 81671.00, -0.12, -0.45, 20.72, -0.02, 23.98, 41.03, 24.17
11:39:34.490 , mppoctht, 81707.00, -0.12, -0.26, 20.69, 0.22, 24.00, 41.01, 24.16
11:39:34.491 , mppoctht, 81743.00, -0.12, -0.26, 20.69, 0.22, 24.00, 41.01, 24.16
11:39:34.521 , mppoctht, 81782.00, -0.12, -0.45, 20.69, 0.22, 24.00, 41.01, 24.16
11:39:34.523 , mppoctht, 81819.00, -0.12, -0.26, 20.69, 0.22, 24.00, 41.01, 24.16
11:39:34.525 , mppoctht, 81857.00, -0.12, -0.26, 20.69, -0.09, 24.01, 40.98, 24.17
11:39:34.526 , mppoctht, 81895.00, -0.03, -0.45, 20.69, -0.09, 24.01, 40.98, 24.17
11:39:34.528 , mppoctht, 81947.00, -0.03, -0.45, 20.69, -0.09, 24.01, 40.98, 24.16
11:39:34.529 , mppoctht, 81984.00, -0.12, -0.45, 20.69, -0.09, 24.01, 40.98, 24.17
11:39:34.568 , mppoctht, 82020.00, -0.12, -0.45, 20.69, 0.31, 24.01, 40.96, 24.17
11:39:34.570 , mppoctht, 82056.00, -0.12, -0.45, 20.69, 0.31, 24.01, 40.96, 24.16
11:39:34.571 , mppoctht, 82092.00, -0.03, -0.26, 20.69, 0.31, 24.01, 40.96, 24.16
11:39:34.572 , mppoctht, 82128.00, -0.03, -0.45, 20.69, 0.31, 24.01, 40.96, 24.17
11:39:34.609 , mppoctht, 82164.00, -0.03, -0.45, 20.69, 0.12, 24.01, 40.94, 24.17
11:39:34.612 , mppoctht, 82200.00, -0.12, -0.45, 20.69, 0.12, 24.01, 40.94, 24.17
11:39:34.614 , mppoctht, 82236.00, -0.03, -0.26, 20.69, 0.12, 24.01, 40.94, 24.17
11:39:34.626 , mppoctht, 82273.00, -0.12, -0.26, 20.69, 0.12, 24.01, 40.94, 24.17
11:39:34.627 , mppoctht, 82309.00, -0.12, -0.45, 20.72, 0.23, 24.01, 40.94, 24.17
11:39:34.630 , mppoctht, 82345.00, -0.12, -0.45, 20.72, 0.23, 24.01, 40.94, 24.17
11:39:34.642 , mppoctht, 82381.00, -0.12, -0.45, 20.72, 0.23, 24.01, 40.94, 24.17
11:39:34.643 , mppoctht, 82418.00, -0.12, -0.45, 20.72, 0.23, 24.01, 40.94, 24.17
11:39:34.645 , mppoctht, 82454.00, -0.03, -0.26, 20.72, 0.23, 24.01, 40.94, 24.17
11:39:34.646 , mppoctht, 82490.00, -0.12, -0.45, 20.69, 0.16, 24.06, 40.93, 24.17
11:39:34.647 , mppoctht, 82526.00, -0.12, -0.45, 20.69, 0.16, 24.06, 40.93, 24.17
11:39:34.648 , mppoctht, 82562.00, -0.03, -0.45, 20.69, 0.16, 24.06, 40.93, 24.17
11:39:34.650 , mppoctht, 82598.00, -0.03, -0.26, 20.69, 0.16, 24.06, 40.93, 24.17
11:39:34.657 , mppoctht, 82634.00, -0.12, -0.45, 20.69, 0.23, 24.03, 40.90, 24.17
11:39:34.682 , mppoctht, 82670.00, -0.12, -0.26, 20.69, 0.23, 24.03, 40.90, 24.17
11:39:34.707 , mppoctht, 82706.00, -0.12, -0.26, 20.69, 0.23, 24.03, 40.90, 24.16
11:39:34.723 , mppoctht, 82742.00, -0.03, -0.26, 20.69, 0.23, 24.03, 40.90, 24.16
11:39:34.724 , mppoctht, 82778.00, -0.12, -0.26, 20.69, 0.07, 24.07, 40.89, 24.17
11:39:34.724 , mppoctht, 82814.00, -0.12, -0.45, 20.69, 0.07, 24.07, 40.89, 24.17
11:39:34.726 , mppoctht, 82851.00, -0.03, -0.45, 20.69, 0.07, 24.07, 40.89, 24.17
11:39:34.729 , mppoctht, 82888.00, 0.09, -0.45, 20.69, 0.07, 24.07, 40.89, 24.16
11:39:34.733 , mppoctht, 82924.00, -0.03, -0.45, 20.66, -0.06, 24.07, 40.85, 24.16
11:39:34.733 , mppoctht, 82960.00, -4.27, 1.58, 20.66, -0.06, 24.07, 40.85, 24.17
11:39:34.733 , mppoctht, 82996.00, -0.50, 11.22, 20.66, -0.06, 24.07, 40.85, 24.17
11:39:34.733 , mppoctht, 83032.00, -0.50, 15.03, 20.66, -0.06, 24.07, 40.85, 24.17
11:39:34.741 , mppoctht, 83068.00, -0.03, 14.55, 20.66, 0.52, 24.07, 40.82, 24.17
11:39:34.767 , mppoctht, 83104.00, -0.03, 19.75, 20.66, 0.52, 24.07, 40.82, 24.17
11:39:34.768 , mppoctht, 83140.00, 0.09, 18.67, 20.66, 0.52, 24.07, 40.82, 24.17
11:39:34.769 , mppoctht, 83177.00, -0.03, 22.69, 20.66, 0.52, 24.07, 40.82, 24.17
11:39:34.770 , mppoctht, 83213.00, -0.03, 23.67, 20.69, 0.08, 24.06, 40.85, 24.16
11:39:34.772 , mppoctht, 83249.00, -0.31, 21.71, 20.69, 0.08, 24.06, 40.85, 24.16
11:39:34.809 , mppoctht, 83285.00, -0.12, 21.80, 20.69, 0.08, 24.06, 40.85, 24.17
11:39:34.810 , mppoctht, 83322.00, -0.03, 20.43, 20.69, 0.08, 24.06, 40.85, 24.17
11:39:34.813 , mppoctht, 83358.00, -0.12, 20.00, 20.69, 0.08, 24.06, 40.85, 24.17
11:39:34.813 , mppoctht, 83394.00, -0.03, 20.26, 20.66, 0.22, 24.06, 40.80, 24.17
11:39:34.819 , mppoctht, 83430.00, -0.12, 20.09, 20.66, 0.22, 24.06, 40.80, 24.17
11:39:34.820 , mppoctht, 83466.00, -0.12, 19.52, 20.66, 0.22, 24.06, 40.80, 24.17
11:39:34.849 , mppoctht, 83502.00, -0.03, 19.86, 20.66, 0.22, 24.06, 40.80, 24.17
11:39:34.850 , mppoctht, 83538.00, -0.12, 16.70, 20.69, -0.01, 24.03, 40.80, 24.17
11:39:34.854 , mppoctht, 83574.00, -0.03, 18.02, 20.69, -0.01, 24.03, 40.80, 24.17
11:39:34.855 , mppoctht, 83610.00, -0.12, 18.09, 20.69, -0.01, 24.03, 40.80, 24.17
11:39:34.856 , mppoctht, 83646.00, -0.03, 17.02, 20.69, -0.01, 24.03, 40.80, 24.17
11:39:34.858 , mppoctht, 83682.00, -0.12, 16.56, 20.69, 0.35, 24.03, 40.76, 24.17
11:39:34.884 , mppoctht, 83718.00, -0.12, 15.35, 20.69, 0.35, 24.03, 40.76, 24.17
11:39:34.895 , mppoctht, 83755.00, -0.12, 16.31, 20.69, 0.35, 24.03, 40.76, 24.17
11:39:34.896 , mppoctht, 83792.00, 0.32, 14.32, 20.69, 0.35, 24.03, 40.76, 24.17
11:39:34.897 , mppoctht, 83828.00, 0.49, 0.31, 20.69, -0.22, 24.01, 40.78, 24.17
11:39:34.898 , mppoctht, 83864.00, -0.31, -0.85, 20.69, -0.22, 24.01, 40.78, 24.16
11:39:34.900 , mppoctht, 83900.00, -0.03, -0.65, 20.69, -0.22, 24.01, 40.78, 24.16
11:39:34.908 , mppoctht, 83936.00, -0.03, -0.26, 20.69, -0.22, 24.01, 40.78, 24.17
11:39:34.933 , mppoctht, 83972.00, -0.03, -0.26, 20.69, 0.09, 24.02, 40.78, 24.17
11:39:34.933 , mppoctht, 84008.00, -0.03, -0.26, 20.69, 0.09, 24.02, 40.78, 24.17
11:39:34.936 , mppoctht, 84044.00, -0.12, -0.26, 20.69, 0.09, 24.02, 40.78, 24.17
11:39:34.937 , mppoctht, 84081.00, -0.12, -0.26, 20.69, 0.09, 24.02, 40.78, 24.17
11:39:34.944 , mppoctht, 84117.00, -0.12, -0.26, 20.70, -0.01, 24.03, 40.73, 24.17
11:39:34.968 , mppoctht, 84153.00, -0.12, -0.26, 20.70, -0.01, 24.03, 40.73, 24.17
11:39:34.981 , mppoctht, 84189.00, -0.03, -0.26, 20.70, -0.01, 24.03, 40.73, 24.17
11:39:34.982 , mppoctht, 84226.00, -0.12, -0.45, 20.70, -0.01, 24.03, 40.73, 24.17
11:39:34.984 , mppoctht, 84262.00, -0.12, -0.26, 20.70, -0.01, 24.03, 40.73, 24.16
11:39:34.986 , mppoctht, 84298.00, -0.12, -0.45, 20.69, 0.15, 24.06, 40.70, 24.16
11:39:34.986 , mppoctht, 84334.00, -0.12, -0.26, 20.69, 0.15, 24.06, 40.70, 24.17
11:39:35.012 , mppoctht, 84370.00, -0.03, -0.26, 20.69, 0.15, 24.06, 40.70, 24.17
11:39:35.013 , mppoctht, 84406.00, -0.12, -0.26, 20.69, 0.15, 24.06, 40.70, 24.17
11:39:35.015 , mppoctht, 84442.00, -0.12, -0.26, 20.69, -0.05, 24.05, 40.72, 24.16
11:39:35.016 , mppoctht, 84478.00, -0.12, -0.26, 20.69, -0.05, 24.05, 40.72, 24.16
11:39:35.025 , mppoctht, 84514.00, -0.12, -0.45, 20.69, -0.05, 24.05, 40.72, 24.17
11:39:35.048 , mppoctht, 84550.00, -0.03, -0.26, 20.69, -0.05, 24.05, 40.72, 24.17
11:39:35.066 , mppoctht, 84586.00, -0.12, -0.26, 20.66, 0.03, 24.05, 40.68, 24.17
11:39:35.070 , mppoctht, 84622.00, -0.12, -0.45, 20.66, 0.03, 24.05, 40.68, 24.17
11:39:35.070 , mppoctht, 84659.00, -0.12, -0.26, 20.66, 0.03, 24.05, 40.68, 24.17
11:39:35.070 , mppoctht, 84696.00, -0.12, -0.26, 20.66, 0.03, 24.05, 40.68, 24.17
11:39:35.096 , mppoctht, 84732.00, -0.12, -0.26, 20.69, 0.32, 24.06, 40.65, 24.17
11:39:35.097 , mppoctht, 84768.00, -0.12, -0.26, 20.69, 0.32, 24.06, 40.65, 24.17
11:39:35.098 , mppoctht, 84804.00, -0.12, -0.26, 20.69, 0.32, 24.06, 40.65, 24.17
11:39:35.098 , mppoctht, 84840.00, -0.12, -0.45, 20.69, 0.32, 24.06, 40.65, 24.17
11:39:35.100 , mppoctht, 84876.00, -0.12, -0.26, 20.69, 0.09, 24.06, 40.64, 24.17
11:39:35.101 , mppoctht, 84912.00, -0.12, -0.26, 20.69, 0.09, 24.06, 40.64, 24.17
11:39:35.108 , mppoctht, 84948.00, -0.12, -0.26, 20.69, 0.09, 24.06, 40.64, 24.17
11:39:35.135 , mppoctht, 84984.00, -0.12, -0.45, 20.69, 0.09, 24.06, 40.64, 24.17
11:39:35.137 , mppoctht, 85020.00, -0.12, -0.45, 20.69, 0.09, 24.06, 40.64, 24.17
11:39:35.138 , mppoctht, 85056.00, -0.12, -0.45, 20.72, 0.18, 24.07, 40.66, 24.17
11:39:35.139 , mppoctht, 85092.00, -0.12, -0.45, 20.72, 0.18, 24.07, 40.66, 24.17
11:39:35.140 , mppoctht, 85128.00, -0.03, -0.26, 20.72, 0.18, 24.07, 40.66, 24.17
11:39:35.172 , mppoctht, 85164.00, -0.12, -0.26, 20.72, 0.18, 24.07, 40.66, 24.17
11:39:35.172 , mppoctht, 85200.00, -0.12, -0.26, 20.69, 0.23, 24.07, 40.57, 24.17
11:39:35.173 , mppoctht, 85236.00, -0.12, -0.26, 20.69, 0.23, 24.07, 40.57, 24.17
11:39:35.174 , mppoctht, 85272.00, -0.03, -0.26, 20.69, 0.23, 24.07, 40.57, 24.17
11:39:35.176 , mppoctht, 85308.00, -0.12, -0.45, 20.69, 0.23, 24.07, 40.57, 24.17
11:39:35.178 , mppoctht, 85344.00, -0.12, -0.45, 20.66, 0.13, 24.09, 40.58, 24.17
11:39:35.183 , mppoctht, 85380.00, -0.12, -0.26, 20.66, 0.13, 24.09, 40.58, 24.17
11:39:35.208 , mppoctht, 85416.00, -0.03, -0.45, 20.66, 0.13, 24.09, 40.58, 24.17
11:39:35.209 , mppoctht, 85452.00, -0.03, -0.45, 20.66, 0.13, 24.09, 40.58, 24.17
11:39:35.210 , mppoctht, 85488.00, -0.12, -0.45, 20.65, 0.05, 24.11, 40.56, 24.17
11:39:35.210 , mppoctht, 85524.00, -0.12, -0.45, 20.65, 0.05, 24.11, 40.56, 24.17
11:39:35.212 , mppoctht, 85563.00, -0.12, -0.45, 20.65, 0.05, 24.11, 40.56, 24.16
11:39:35.243 , mppoctht, 85600.00, -0.03, -0.45, 20.65, 0.05, 24.11, 40.56, 24.16
11:39:35.245 , mppoctht, 85636.00, -0.03, -0.45, 20.65, 0.12, 24.09, 40.53, 24.17
11:39:35.247 , mppoctht, 85672.00, -0.03, -0.45, 20.65, 0.12, 24.09, 40.53, 24.17
11:39:35.248 , mppoctht, 85708.00, -0.69, -0.45, 20.65, 0.12, 24.09, 40.53, 24.17
11:39:35.248 , mppoctht, 85744.00, -0.69, 8.52, 20.65, 0.12, 24.09, 40.53, 24.17
11:39:35.249 , mppoctht, 85780.00, 0.09, 10.07, 20.66, 0.01, 24.11, 40.50, 24.17
11:39:35.256 , mppoctht, 85816.00, -0.12, 11.42, 20.66, 0.01, 24.11, 40.50, 24.17
11:39:35.282 , mppoctht, 85853.00, -0.31, 16.10, 20.66, 0.01, 24.11, 40.50, 24.17
11:39:35.282 , mppoctht, 85889.00, -0.03, 23.43, 20.66, 0.01, 24.11, 40.50, 24.17
11:39:35.284 , mppoctht, 85925.00, -0.12, 26.23, 20.66, 0.01, 24.11, 40.50, 24.17
11:39:35.284 , mppoctht, 85961.00, -0.12, 26.13, 20.69, -0.05, 24.11, 40.49, 24.17
11:39:35.285 , mppoctht, 85997.00, -0.03, 24.52, 20.69, -0.05, 24.11, 40.49, 24.17
11:39:35.293 , mppoctht, 86033.00, 0.09, 23.97, 20.69, -0.05, 24.11, 40.49, 24.17
11:39:35.326 , mppoctht, 86069.00, -0.31, 23.34, 20.69, -0.05, 24.11, 40.49, 24.17
11:39:35.334 , mppoctht, 86105.00, -0.12, 23.07, 20.69, 0.37, 24.09, 40.48, 24.17
11:39:35.335 , mppoctht, 86141.00, -0.03, 22.18, 20.69, 0.37, 24.09, 40.48, 24.17
11:39:35.335 , mppoctht, 86177.00, -0.03, 21.49, 20.69, 0.37, 24.09, 40.48, 24.17
11:39:35.337 , mppoctht, 86213.00, -0.31, 21.05, 20.69, 0.37, 24.09, 40.48, 24.17
11:39:35.363 , mppoctht, 86249.00, -0.12, 19.70, 20.66, -0.02, 24.09, 40.44, 24.17
11:39:35.364 , mppoctht, 86285.00, -0.12, 18.78, 20.66, -0.02, 24.09, 40.44, 24.17
11:39:35.366 , mppoctht, 86321.00, -0.12, 19.61, 20.66, -0.02, 24.09, 40.44, 24.17
11:39:35.367 , mppoctht, 86357.00, -0.03, 18.70, 20.66, -0.02, 24.09, 40.44, 24.17
11:39:35.369 , mppoctht, 86393.00, -0.12, 17.94, 20.69, 0.41, 24.11, 40.47, 24.17
11:39:35.370 , mppoctht, 86429.00, -0.12, 19.36, 20.69, 0.41, 24.11, 40.47, 24.17
11:39:35.376 , mppoctht, 86468.00, -0.31, 20.20, 20.69, 0.41, 24.11, 40.47, 24.17
11:39:35.401 , mppoctht, 86505.00, -0.12, 20.88, 20.69, 0.41, 24.11, 40.47, 24.17
11:39:35.416 , mppoctht, 86541.00, -0.03, 21.57, 20.66, 0.23, 24.08, 40.43, 24.17
11:39:35.418 , mppoctht, 86577.00, -0.12, 19.86, 20.66, 0.23, 24.08, 40.43, 24.17
11:39:35.419 , mppoctht, 86613.00, -0.03, 13.57, 20.66, 0.23, 24.08, 40.43, 24.17
11:39:35.420 , mppoctht, 86649.00, -0.03, 0.78, 20.66, 0.23, 24.08, 40.43, 24.17
11:39:35.422 , mppoctht, 86685.00, 0.09, -1.64, 20.66, 0.30, 24.07, 40.43, 24.17
11:39:35.449 , mppoctht, 86721.00, 0.13, -0.26, 20.66, 0.30, 24.07, 40.43, 24.17
11:39:35.449 , mppoctht, 86757.00, 0.09, -0.08, 20.66, 0.30, 24.07, 40.43, 24.17
11:39:35.452 , mppoctht, 86793.00, -0.03, -0.26, 20.66, 0.30, 24.07, 40.43, 24.17
11:39:35.453 , mppoctht, 86829.00, -0.03, -0.26, 20.66, 0.30, 24.07, 40.43, 24.17
11:39:35.453 , mppoctht, 86865.00, -0.12, -0.26, 20.69, -0.03, 24.09, 40.44, 24.17
11:39:35.461 , mppoctht, 86901.00, -0.03, -0.45, 20.69, -0.03, 24.09, 40.44, 24.17
11:39:35.493 , mppoctht, 86937.00, -0.12, -0.26, 20.69, -0.03, 24.09, 40.44, 24.17
11:39:40.488 , mppoctht, 86974.00, -0.12, -0.26, 20.69, -0.03, 24.09, 40.44, 24.17
11:39:40.503 , mppoctht, 87011.00, -0.12, -0.26, 20.66, 0.10, 24.07, 40.44, 24.17
11:39:40.503 , mppoctht, 87047.00, -0.12, -0.26, 20.66, 0.10, 24.07, 40.44, 24.17
11:39:40.504 , mppoctht, 87083.00, -0.12, -0.26, 20.66, 0.10, 24.07, 40.44, 24.18
11:39:40.509 , mppoctht, 87119.00, -0.12, -0.45, 20.66, 0.10, 24.07, 40.44, 24.17
11:39:40.510 , mppoctht, 87155.00, -0.03, -0.26, 20.72, 0.31, 24.07, 40.51, 24.17
11:39:40.511 , mppoctht, 87191.00, -0.12, -0.45, 20.72, 0.31, 24.07, 40.51, 24.18
11:39:40.512 , mppoctht, 87227.00, -0.12, -0.26, 20.72, 0.31, 24.07, 40.51, 24.18
11:39:40.541 , mppoctht, 87264.00, -0.12, -0.45, 20.72, 0.31, 24.07, 40.51, 24.18
11:39:40.543 , mppoctht, 87303.00, -0.03, -0.26, 20.72, 0.31, 24.07, 40.51, 24.18
11:39:40.543 , mppoctht, 87340.00, -0.12, -0.26, 20.69, 0.33, 24.08, 40.54, 24.18
11:39:40.544 , mppoctht, 87376.00, -0.03, -0.26, 20.69, 0.33, 24.08, 40.54, 24.18
11:39:40.547 , mppoctht, 87414.00, -0.03, -0.45, 20.69, 0.33, 24.08, 40.54, 24.17
11:39:40.547 , mppoctht, 87450.00, -0.12, -0.26, 20.69, 0.33, 24.08, 40.54, 24.18
11:39:40.577 , mppoctht, 87490.00, -0.12, -0.26, 20.66, 0.17, 24.11, 40.55, 24.18
11:39:40.587 , mppoctht, 87529.00, -0.12, -0.26, 20.66, 0.17, 24.11, 40.55, 24.17
11:39:40.592 , mppoctht, 87565.00, -0.12, -0.26, 20.66, 0.17, 24.11, 40.55, 24.17
11:39:40.590 , mppoctht, 87604.00, -0.12, -0.45, 20.66, 0.17, 24.11, 40.55, 24.18
11:39:40.591 , mppoctht, 87642.00, -0.12, -0.45, 20.69, 0.04, 24.12, 40.60, 24.17
11:39:40.592 , mppoctht, 87679.00, -0.12, -0.26, 20.69, 0.04, 24.12, 40.60, 24.17
11:39:40.598 , mppoctht, 87718.00, -0.12, -0.45, 20.69, 0.04, 24.12, 40.60, 24.17
11:39:40.624 , mppoctht, 87759.00, -0.12, -0.26, 20.69, 0.04, 24.12, 40.60, 24.17
11:39:40.626 , mppoctht, 87798.00, -0.12, -0.45, 20.69, 0.04, 24.12, 40.60, 24.17
11:39:40.626 , mppoctht, 87837.00, -0.12, -0.26, 20.66, 0.31, 24.11, 40.62, 24.17
11:39:40.628 , mppoctht, 87875.00, -0.12, -0.45, 20.66, 0.31, 24.11, 40.62, 24.17
11:39:40.628 , mppoctht, 87915.00, -0.12, -0.26, 20.66, 0.31, 24.11, 40.62, 24.17
11:39:40.636 , mppoctht, 87953.00, -0.12, -0.26, 20.66, 0.31, 24.11, 40.62, 24.17
11:39:40.660 , mppoctht, 87989.00, -0.12, -0.26, 20.66, 0.44, 24.15, 40.64, 24.17
11:39:40.672 , mppoctht, 88025.00, -0.12, -0.26, 20.66, 0.44, 24.15, 40.64, 24.17
11:39:40.674 , mppoctht, 88063.00, -0.12, -0.45, 20.66, 0.44, 24.15, 40.64, 24.17
11:39:40.677 , mppoctht, 88100.00, -0.03, -0.26, 20.66, 0.44, 24.15, 40.64, 24.17
11:39:40.678 , mppoctht, 88136.00, -0.12, -0.45, 20.66, 0.27, 24.12, 40.72, 24.17
11:39:40.702 , mppoctht, 88172.00, -0.12, -0.26, 20.66, 0.27, 24.12, 40.72, 24.17
11:39:40.703 , mppoctht, 88208.00, -0.03, -0.45, 20.66, 0.27, 24.12, 40.72, 24.17
11:39:40.705 , mppoctht, 88244.00, -0.03, -0.45, 20.66, 0.27, 24.12, 40.72, 24.17
11:39:40.706 , mppoctht, 88280.00, -0.03, -0.26, 20.66, 0.02, 24.15, 40.73, 24.17
11:39:40.707 , mppoctht, 88318.00, 0.17, -0.26, 20.66, 0.02, 24.15, 40.73, 24.18
11:39:40.716 , mppoctht, 88356.00, 0.62, 6.99, 20.66, 0.02, 24.15, 40.73, 24.18
11:39:40.759 , mppoctht, 88392.00, -0.12, 12.37, 20.66, 0.02, 24.15, 40.73, 24.17
11:39:40.759 , mppoctht, 88428.00, -0.03, 15.27, 20.66, 0.02, 24.15, 40.73, 24.18
11:39:40.760 , mppoctht, 88464.00, -0.12, 21.92, 20.66, 0.17, 24.15, 40.73, 24.18
11:39:40.762 , mppoctht, 88500.00, -0.03, 24.71, 20.66, 0.17, 24.15, 40.73, 24.18
11:39:40.763 , mppoctht, 88536.00, -0.31, 23.52, 20.66, 0.17, 24.15, 40.73, 24.18
11:39:40.770 , mppoctht, 88572.00, -0.03, 22.00, 20.66, 0.17, 24.15, 40.73, 24.17
11:39:40.793 , mppoctht, 88608.00, -0.31, 19.95, 20.66, 0.27, 24.15, 40.73, 24.17
11:39:40.794 , mppoctht, 88644.00, -0.50, 19.20, 20.66, 0.27, 24.15, 40.73, 24.17
11:39:40.796 , mppoctht, 88680.00, 0.09, 19.03, 20.66, 0.27, 24.15, 40.73, 24.17
11:39:40.796 , mppoctht, 88716.00, -0.03, 17.28, 20.66, 0.27, 24.15, 40.73, 24.18
11:39:40.799 , mppoctht, 88752.00, -0.03, 16.64, 20.64, 0.13, 24.15, 40.74, 24.18
11:39:40.804 , mppoctht, 88788.00, -0.03, 14.69, 20.64, 0.13, 24.15, 40.74, 24.18
11:39:40.833 , mppoctht, 88824.00, -0.12, 14.55, 20.64, 0.13, 24.15, 40.74, 24.18
11:39:40.833 , mppoctht, 88860.00, -0.03, 12.77, 20.64, 0.13, 24.15, 40.74, 24.18
11:39:40.847 , mppoctht, 88896.00, -0.12, 13.64, 20.63, 0.12, 24.13, 40.78, 24.18
11:39:40.855 , mppoctht, 88932.00, -0.03, 11.98, 20.63, 0.12, 24.13, 40.78, 24.18
11:39:40.855 , mppoctht, 88970.00, -0.12, 12.18, 20.63, 0.12, 24.13, 40.78, 24.18
11:39:40.863 , mppoctht, 89007.00, -0.03, 12.31, 20.63, 0.12, 24.13, 40.78, 24.18
11:39:40.865 , mppoctht, 89043.00, -0.03, 12.11, 20.63, -0.00, 24.10, 40.80, 24.18
11:39:40.867 , mppoctht, 89079.00, -0.31, 11.73, 20.63, -0.00, 24.10, 40.80, 24.18
11:39:40.879 , mppoctht, 89115.00, -0.12, 10.13, 20.63, -0.00, 24.10, 40.80, 24.18
11:39:40.880 , mppoctht, 89151.00, -0.12, 10.74, 20.63, -0.00, 24.10, 40.80, 24.18
11:39:40.882 , mppoctht, 89187.00, 0.09, 7.85, 20.66, 0.00, 24.11, 40.77, 24.18
11:39:40.889 , mppoctht, 89223.00, -0.12, 8.80, 20.66, 0.00, 24.11, 40.77, 24.18
11:39:40.903 , mppoctht, 89259.00, 1.04, 3.22, 20.66, 0.00, 24.11, 40.77, 24.18
11:39:40.914 , mppoctht, 89295.00, 0.25, -4.20, 20.66, 0.00, 24.11, 40.77, 24.18
11:39:40.915 , mppoctht, 89331.00, -0.03, -0.85, 20.66, 0.00, 24.11, 40.77, 24.18
11:39:40.916 , mppoctht, 89367.00, -0.03, -0.45, 20.65, 0.28, 24.11, 40.81, 24.17
11:39:40.918 , mppoctht, 89403.00, -0.03, -0.45, 20.65, 0.28, 24.11, 40.81, 24.17
11:39:40.918 , mppoctht, 89439.00, -0.03, -0.45, 20.65, 0.28, 24.11, 40.81, 24.17
11:39:40.946 , mppoctht, 89475.00, -0.03, -0.45, 20.65, 0.28, 24.11, 40.81, 24.18
11:39:40.946 , mppoctht, 89511.00, -0.12, -0.45, 20.63, 0.14, 24.08, 40.82, 24.18
11:39:40.946 , mppoctht, 89547.00, -0.03, -0.26, 20.63, 0.14, 24.08, 40.82, 24.18
11:39:40.949 , mppoctht, 89583.00, -0.12, -0.26, 20.63, 0.14, 24.08, 40.82, 24.18
11:39:40.950 , mppoctht, 89619.00, -0.12, -0.26, 20.63, 0.14, 24.08, 40.82, 24.17
11:39:40.956 , mppoctht, 89655.00, -0.12, -0.45, 20.63, -0.03, 24.09, 40.83, 24.17
11:39:40.984 , mppoctht, 89691.00, -0.03, -0.26, 20.63, -0.03, 24.09, 40.83, 24.17
11:39:40.987 , mppoctht, 89727.00, -0.12, -0.26, 20.63, -0.03, 24.09, 40.83, 24.17
11:39:40.988 , mppoctht, 89763.00, -0.12, -0.26, 20.63, -0.03, 24.09, 40.83, 24.18
11:39:40.988 , mppoctht, 89799.00, -0.12, -0.45, 20.63, 0.05, 24.11, 40.81, 24.18
11:39:40.989 , mppoctht, 89835.00, -0.12, -0.26, 20.63, 0.05, 24.11, 40.81, 24.18
11:39:40.990 , mppoctht, 89873.00, -0.12, -0.45, 20.63, 0.05, 24.11, 40.81, 24.18
11:39:41.021 , mppoctht, 89910.00, -0.12, -0.26, 20.63, 0.05, 24.11, 40.81, 24.18
11:39:41.024 , mppoctht, 89946.00, -0.03, -0.26, 20.63, 0.23, 24.09, 40.80, 24.18
11:39:41.024 , mppoctht, 89982.00, -0.03, -0.26, 20.63, 0.23, 24.09, 40.80, 24.18
11:39:41.025 , mppoctht, 90018.00, -0.03, -0.45, 20.63, 0.23, 24.09, 40.80, 24.18
11:39:41.026 , mppoctht, 90054.00, -0.03, -0.45, 20.63, 0.23, 24.09, 40.80, 24.18
11:39:41.026 , mppoctht, 90090.00, -0.03, -0.45, 20.63, 0.40, 24.15, 40.80, 24.18
11:39:41.035 , mppoctht, 90126.00, -0.12, -0.45, 20.63, 0.40, 24.15, 40.80, 24.18
11:39:41.060 , mppoctht, 90162.00, -0.12, -0.26, 20.63, 0.40, 24.15, 40.80, 24.18
11:39:41.060 , mppoctht, 90199.00, -0.03, -0.26, 20.63, 0.40, 24.15, 40.80, 24.18
11:39:41.063 , mppoctht, 90235.00, -0.12, -0.45, 20.65, -0.07, 24.12, 40.82, 24.18
11:39:41.063 , mppoctht, 90271.00, -0.03, -0.45, 20.65, -0.07, 24.12, 40.82, 24.18
11:39:41.064 , mppoctht, 90307.00, -0.12, -0.45, 20.65, -0.07, 24.12, 40.82, 24.18
11:39:41.072 , mppoctht, 90344.00, -0.12, -0.45, 20.65, -0.07, 24.12, 40.82, 24.18
11:39:41.096 , mppoctht, 90380.00, -0.03, -0.45, 20.65, -0.07, 24.12, 40.82, 24.18
11:39:41.098 , mppoctht, 90416.00, -0.12, -0.45, 20.63, 0.12, 24.12, 40.77, 24.18
11:39:41.098 , mppoctht, 90452.00, -0.03, -0.26, 20.63, 0.12, 24.12, 40.77, 24.18
11:39:41.100 , mppoctht, 90488.00, -0.03, -0.45, 20.63, 0.12, 24.12, 40.77, 24.18
11:39:41.100 , mppoctht, 90524.00, -0.12, -0.45, 20.63, 0.12, 24.12, 40.77, 24.18
11:39:41.144 , mppoctht, 90560.00, -0.03, -0.45, 20.63, -0.06, 24.15, 40.83, 24.18
11:39:41.145 , mppoctht, 90596.00, -0.12, -0.45, 20.63, -0.06, 24.15, 40.83, 24.17
11:39:41.145 , mppoctht, 90632.00, -0.03, -0.45, 20.63, -0.06, 24.15, 40.83, 24.17
11:39:41.147 , mppoctht, 90668.00, -0.03, -0.26, 20.63, -0.06, 24.15, 40.83, 24.18
11:39:41.196 , mppoctht, 90704.00, 0.09, -0.45, 20.63, -0.05, 24.13, 40.81, 24.18
11:39:41.197 , mppoctht, 90740.00, 0.13, -0.65, 20.63, -0.05, 24.13, 40.81, 24.18
11:39:41.198 , mppoctht, 90777.00, 0.62, 10.37, 20.63, -0.05, 24.13, 40.81, 24.18
11:39:41.199 , mppoctht, 90814.00, -0.12, 11.05, 20.63, -0.05, 24.13, 40.81, 24.18
11:39:41.200 , mppoctht, 90850.00, 0.09, 11.29, 20.63, -0.08, 24.17, 40.81, 24.18
11:39:41.201 , mppoctht, 90886.00, -0.12, 16.41, 20.63, -0.08, 24.17, 40.81, 24.18
11:39:41.203 , mppoctht, 90922.00, -0.12, 18.54, 20.63, -0.08, 24.17, 40.81, 24.18
11:39:41.210 , mppoctht, 90958.00, -0.12, 21.49, 20.63, -0.08, 24.17, 40.81, 24.18
11:39:41.234 , mppoctht, 90994.00, -0.31, 22.45, 20.63, 0.02, 24.16, 40.81, 24.18
11:39:41.236 , mppoctht, 91030.00, -0.03, 20.20, 20.63, 0.02, 24.16, 40.81, 24.18
11:39:41.243 , mppoctht, 91066.00, 0.09, 21.49, 20.63, 0.02, 24.16, 40.81, 24.18
11:39:41.243 , mppoctht, 91103.00, -0.31, 21.92, 20.63, 0.02, 24.16, 40.81, 24.18
11:39:41.243 , mppoctht, 91139.00, -0.12, 21.23, 20.66, -0.02, 24.13, 40.80, 24.18
11:39:41.265 , mppoctht, 91175.00, -0.12, 21.13, 20.66, -0.02, 24.13, 40.80, 24.18
11:39:41.279 , mppoctht, 91211.00, -0.12, 20.20, 20.66, -0.02, 24.13, 40.80, 24.18
11:39:41.282 , mppoctht, 91248.00, -0.12, 21.05, 20.66, -0.02, 24.13, 40.80, 24.18
11:39:41.284 , mppoctht, 91284.00, -0.12, 20.62, 20.66, -0.02, 24.13, 40.80, 24.18
11:39:41.285 , mppoctht, 91320.00, -0.12, 20.03, 20.66, 0.24, 24.13, 40.76, 24.18
11:39:41.285 , mppoctht, 91356.00, -0.03, 21.05, 20.66, 0.24, 24.13, 40.76, 24.18
11:39:41.291 , mppoctht, 91392.00, -0.03, 20.97, 20.66, 0.24, 24.13, 40.76, 24.18
11:39:41.315 , mppoctht, 91428.00, -0.12, 19.03, 20.66, 0.24, 24.13, 40.76, 24.18
11:39:41.316 , mppoctht, 91464.00, -0.12, 19.61, 20.63, 0.30, 24.15, 40.75, 24.18
11:39:41.318 , mppoctht, 91500.00, -0.12, 17.77, 20.63, 0.30, 24.15, 40.75, 24.18
11:39:41.318 , mppoctht, 91536.00, -0.03, 17.61, 20.63, 0.30, 24.15, 40.75, 24.18
11:39:41.318 , mppoctht, 91572.00, -0.12, 17.36, 20.63, 0.30, 24.15, 40.75, 24.18
11:39:41.327 , mppoctht, 91608.00, -0.03, 17.77, 20.63, 0.06, 24.13, 40.76, 24.18
11:39:41.352 , mppoctht, 91644.00, -0.12, 16.48, 20.63, 0.06, 24.13, 40.76, 24.18
11:39:41.363 , mppoctht, 91681.00, -0.31, 15.20, 20.63, 0.06, 24.13, 40.76, 24.18
11:39:41.364 , mppoctht, 91718.00, -4.27, 1.74, 20.63, 0.06, 24.13, 40.76, 24.18
11:39:41.365 , mppoctht, 91754.00, -3.13, 0.31, 20.63, -0.02, 24.09, 40.73, 24.18
11:39:41.366 , mppoctht, 91790.00, -1.06, 0.00, 20.63, -0.02, 24.09, 40.73, 24.18
11:39:41.368 , mppoctht, 91826.00, -0.12, -0.08, 20.63, -0.02, 24.09, 40.73, 24.18
11:39:41.394 , mppoctht, 91862.00, -0.12, -0.26, 20.63, -0.02, 24.09, 40.73, 24.18
11:39:41.394 , mppoctht, 91898.00, -0.12, -0.26, 20.63, 0.47, 24.11, 40.74, 24.17
11:39:41.397 , mppoctht, 91934.00, -0.03, -0.26, 20.63, 0.47, 24.11, 40.74, 24.17
11:39:41.398 , mppoctht, 91970.00, -0.03, -0.26, 20.63, 0.47, 24.11, 40.74, 24.18
11:39:41.399 , mppoctht, 92007.00, -0.03, -0.26, 20.63, 0.47, 24.11, 40.74, 24.18
11:39:41.400 , mppoctht, 92043.00, -0.03, -0.26, 20.66, 0.06, 24.12, 40.74, 24.18
11:39:41.408 , mppoctht, 92079.00, -0.12, -0.26, 20.66, 0.06, 24.12, 40.74, 24.18
11:39:41.433 , mppoctht, 92115.00, -0.12, -0.26, 20.66, 0.06, 24.12, 40.74, 24.18
11:39:41.446 , mppoctht, 92152.00, -0.03, -0.26, 20.66, 0.06, 24.12, 40.74, 24.18
11:39:41.447 , mppoctht, 92188.00, -0.12, -0.26, 20.66, 0.06, 24.12, 40.74, 24.18
11:39:41.447 , mppoctht, 92224.00, -0.12, -0.26, 20.63, -0.05, 24.11, 40.70, 24.18
11:39:41.448 , mppoctht, 92260.00, -0.12, -0.26, 20.63, -0.05, 24.11, 40.70, 24.18
11:39:41.474 , mppoctht, 92296.00, -0.12, -0.26, 20.63, -0.05, 24.11, 40.70, 24.18
11:39:41.476 , mppoctht, 92332.00, -0.12, -0.45, 20.63, -0.05, 24.11, 40.70, 24.18
11:39:41.478 , mppoctht, 92368.00, -0.03, -0.26, 20.63, 0.11, 24.12, 40.72, 24.18
11:39:41.478 , mppoctht, 92404.00, -0.12, -0.26, 20.63, 0.11, 24.12, 40.72, 24.18
11:39:41.479 , mppoctht, 92440.00, -0.12, -0.26, 20.63, 0.11, 24.12, 40.72, 24.18
11:39:41.490 , mppoctht, 92476.00, -0.12, -0.26, 20.63, 0.11, 24.12, 40.72, 24.18
11:39:41.514 , mppoctht, 92512.00, -0.03, -0.26, 20.63, 0.02, 24.13, 40.66, 24.18
11:39:41.531 , mppoctht, 92548.00, -0.12, -0.26, 20.63, 0.02, 24.13, 40.66, 24.18
11:39:41.533 , mppoctht, 92586.00, -0.12, -0.26, 20.63, 0.02, 24.13, 40.66, 24.18
11:39:41.533 , mppoctht, 92623.00, -0.12, -0.26, 20.63, 0.02, 24.13, 40.66, 24.18
11:39:41.535 , mppoctht, 92659.00, -0.12, -0.45, 20.66, 0.14, 24.16, 40.68, 24.18
11:39:41.536 , mppoctht, 92695.00, -0.12, -0.45, 20.66, 0.14, 24.16, 40.68, 24.18
11:39:41.564 , mppoctht, 92731.00, -0.12, -0.26, 20.66, 0.14, 24.16, 40.68, 24.18
11:39:41.565 , mppoctht, 92767.00, -0.12, -0.26, 20.66, 0.14, 24.16, 40.68, 24.18
11:39:41.566 , mppoctht, 92803.00, -0.12, -0.26, 20.63, 0.14, 24.17, 40.66, 24.18
11:39:41.567 , mppoctht, 92839.00, -0.12, -0.45, 20.63, 0.14, 24.17, 40.66, 24.18
11:39:41.568 , mppoctht, 92876.00, -0.03, -0.26, 20.63, 0.14, 24.17, 40.66, 24.18
11:39:41.575 , mppoctht, 92912.00, -0.12, -0.26, 20.63, 0.14, 24.17, 40.66, 24.18
11:39:41.600 , mppoctht, 92948.00, -0.12, -0.45, 20.63, 0.14, 24.17, 40.66, 24.18
11:39:41.613 , mppoctht, 92984.00, -0.03, -0.45, 20.69, -0.21, 24.18, 40.67, 24.18
11:39:41.614 , mppoctht, 93020.00, -0.03, -0.45, 20.69, -0.21, 24.18, 40.67, 24.18
11:39:41.615 , mppoctht, 93056.00, -0.03, -0.45, 20.69, -0.21, 24.18, 40.67, 24.18
11:39:41.617 , mppoctht, 93092.00, -0.12, -0.26, 20.69, -0.21, 24.18, 40.67, 24.18
11:39:41.641 , mppoctht, 93128.00, -0.12, -0.85, 20.66, -0.03, 24.18, 40.66, 24.18
11:39:41.643 , mppoctht, 93164.00, -4.26, 7.31, 20.66, -0.03, 24.18, 40.66, 24.18
11:39:41.646 , mppoctht, 93200.00, -0.31, 9.72, 20.66, -0.03, 24.18, 40.66, 24.18
11:39:41.647 , mppoctht, 93236.00, -0.03, 10.61, 20.66, -0.03, 24.18, 40.66, 24.18
11:39:41.648 , mppoctht, 93272.00, -0.12, 12.31, 20.63, 0.19, 24.17, 40.59, 24.18
11:39:41.649 , mppoctht, 93308.00, -0.03, 13.91, 20.63, 0.19, 24.17, 40.59, 24.18
11:39:41.654 , mppoctht, 93344.00, -0.12, 13.71, 20.63, 0.19, 24.17, 40.59, 24.18
11:39:46.756 , mppoctht, 93380.00, -0.03, 14.90, 20.63, 0.19, 24.17, 40.59, 24.18
11:39:46.761 , mppoctht, 93418.00, -0.12, 15.27, 20.63, 0.43, 24.16, 40.59, 24.18
11:39:46.762 , mppoctht, 93455.00, -0.03, 14.27, 20.63, 0.43, 24.16, 40.59, 24.18
11:39:46.762 , mppoctht, 93495.00, -0.12, 12.63, 20.63, 0.43, 24.16, 40.59, 24.18
11:39:46.764 , mppoctht, 93534.00, -0.12, 12.90, 20.63, 0.43, 24.16, 40.59, 24.18
11:39:46.766 , mppoctht, 93573.00, 0.09, 11.29, 20.63, 0.23, 24.16, 40.58, 24.18
11:39:46.766 , mppoctht, 93611.00, -0.31, 11.48, 20.63, 0.23, 24.16, 40.58, 24.18
11:39:46.767 , mppoctht, 93649.00, -0.31, 13.50, 20.63, 0.23, 24.16, 40.58, 24.18
11:39:46.768 , mppoctht, 93685.00, -0.31, 13.50, 20.63, 0.23, 24.16, 40.58, 24.18
11:39:46.800 , mppoctht, 93721.00, -0.03, 10.86, 20.63, 0.23, 24.16, 40.58, 24.18
11:39:46.802 , mppoctht, 93757.00, -0.03, 13.10, 20.66, 0.21, 24.15, 40.56, 24.18
11:39:46.802 , mppoctht, 93793.00, -0.12, 12.70, 20.66, 0.21, 24.15, 40.56, 24.18
11:39:46.803 , mppoctht, 93829.00, -0.03, 12.18, 20.66, 0.21, 24.15, 40.56, 24.18
11:39:46.804 , mppoctht, 93866.00, -0.03, 13.03, 20.66, 0.21, 24.15, 40.56, 24.18
11:39:46.805 , mppoctht, 93902.00, -0.12, 11.11, 20.66, 0.22, 24.12, 40.55, 24.18
11:39:46.814 , mppoctht, 93938.00, -0.03, 11.91, 20.66, 0.22, 24.12, 40.55, 24.18
11:39:46.843 , mppoctht, 93976.00, -0.03, 9.60, 20.66, 0.22, 24.12, 40.55, 24.18
11:39:46.843 , mppoctht, 94013.00, 0.09, 10.61, 20.66, 0.22, 24.12, 40.55, 24.18
11:39:46.843 , mppoctht, 94049.00, -0.31, 10.32, 20.66, 0.22, 24.12, 40.55, 24.18
11:39:46.843 , mppoctht, 94085.00, -0.03, 9.78, 20.69, 0.40, 24.13, 40.56, 24.18
11:39:46.845 , mppoctht, 94121.00, -0.31, 11.42, 20.69, 0.40, 24.13, 40.56, 24.18
11:39:46.854 , mppoctht, 94159.00, 0.54, -0.26, 20.69, 0.40, 24.13, 40.56, 24.18
11:39:46.881 , mppoctht, 94196.00, -0.50, -0.65, 20.69, 0.40, 24.13, 40.56, 24.18
11:39:46.881 , mppoctht, 94232.00, -0.03, -0.85, 20.69, 0.17, 24.10, 40.50, 24.18
11:39:46.883 , mppoctht, 94270.00, -0.12, -0.26, 20.69, 0.17, 24.10, 40.50, 24.18
11:39:46.884 , mppoctht, 94308.00, -0.12, -0.26, 20.69, 0.17, 24.10, 40.50, 24.18
11:39:46.884 , mppoctht, 94348.00, -0.12, -0.26, 20.69, 0.17, 24.10, 40.50, 24.18
11:39:46.893 , mppoctht, 94387.00, -0.12, -0.26, 20.69, 0.17, 24.10, 40.50, 24.18
11:39:46.917 , mppoctht, 94427.00, -0.12, -0.45, 20.66, 0.43, 24.12, 40.50, 24.18
11:39:46.920 , mppoctht, 94467.00, -0.12, -0.26, 20.66, 0.43, 24.12, 40.50, 24.18
11:39:46.920 , mppoctht, 94504.00, -0.12, -0.26, 20.66, 0.43, 24.12, 40.50, 24.18
11:39:46.920 , mppoctht, 94541.00, -0.12, -0.26, 20.66, 0.43, 24.12, 40.50, 24.18
11:39:46.921 , mppoctht, 94578.00, -0.12, -0.26, 20.66, 0.04, 24.11, 40.52, 24.18
11:39:46.954 , mppoctht, 94614.00, -0.12, -0.26, 20.66, 0.04, 24.11, 40.52, 24.18
11:39:46.956 , mppoctht, 94650.00, -0.03, -0.26, 20.66, 0.04, 24.11, 40.52, 24.18
11:39:46.956 , mppoctht, 94686.00, -0.03, -0.26, 20.66, 0.04, 24.11, 40.52, 24.18
11:39:46.959 , mppoctht, 94722.00, -0.12, -0.26, 20.66, 0.21, 24.12, 40.48, 24.18
11:39:46.960 , mppoctht, 94758.00, -0.12, -0.45, 20.66, 0.21, 24.12, 40.48, 24.18
11:39:46.960 , mppoctht, 94794.00, -0.03, -0.45, 20.66, 0.21, 24.12, 40.48, 24.18
11:39:46.967 , mppoctht, 94830.00, -0.03, -0.45, 20.66, 0.21, 24.12, 40.48, 24.18
11:39:46.995 , mppoctht, 94866.00, -0.03, -0.45, 20.66, 0.40, 24.11, 40.46, 24.18
11:39:46.997 , mppoctht, 94902.00, -0.03, -0.26, 20.66, 0.40, 24.11, 40.46, 24.18
11:39:46.997 , mppoctht, 94938.00, -0.12, -0.26, 20.66, 0.40, 24.11, 40.46, 24.18
11:39:47.019 , mppoctht, 94974.00, -0.12, -0.26, 20.66, 0.40, 24.11, 40.46, 24.18
11:39:47.032 , mppoctht, 95010.00, -0.12, -0.26, 20.66, -0.02, 24.15, 40.43, 24.18
11:39:47.033 , mppoctht, 95046.00, -0.12, -0.26, 20.66, -0.02, 24.15, 40.43, 24.18
11:39:47.034 , mppoctht, 95082.00, -0.12, -0.26, 20.66, -0.02, 24.15, 40.43, 24.18
11:39:47.042 , mppoctht, 95118.00, -0.03, -0.45, 20.66, -0.02, 24.15, 40.43, 24.18
11:39:47.042 , mppoctht, 95154.00, -0.12, -0.26, 20.66, -0.02, 24.15, 40.43, 24.18
11:39:47.042 , mppoctht, 95190.00, -0.12, -0.26, 20.69, 0.02, 24.16, 40.44, 24.18
11:39:47.042 , mppoctht, 95226.00, -0.03, -0.45, 20.69, 0.02, 24.16, 40.44, 24.18
11:39:47.049 , mppoctht, 95262.00, -0.03, -0.26, 20.69, 0.02, 24.16, 40.44, 24.18
11:39:47.052 , mppoctht, 95298.00, -0.12, -0.45, 20.69, 0.02, 24.16, 40.44, 24.18
11:39:47.052 , mppoctht, 95334.00, -0.12, -0.26, 20.66, 0.46, 24.17, 40.40, 24.18
11:39:47.057 , mppoctht, 95370.00, -0.03, -0.26, 20.66, 0.46, 24.17, 40.40, 24.18
11:39:47.064 , mppoctht, 95406.00, -0.03, -0.45, 20.66, 0.46, 24.17, 40.40, 24.18
11:39:47.085 , mppoctht, 95442.00, -0.03, -0.26, 20.66, 0.46, 24.17, 40.40, 24.18
11:39:47.111 , mppoctht, 95478.00, 0.32, -0.45, 20.66, 0.06, 24.17, 40.39, 24.18
11:39:47.117 , mppoctht, 95514.00, 1.32, 3.56, 20.66, 0.06, 24.17, 40.39, 24.18
11:39:47.118 , mppoctht, 95550.00, -0.03, 8.75, 20.66, 0.06, 24.17, 40.39, 24.18
11:39:47.118 , mppoctht, 95586.00, -0.12, 11.23, 20.66, 0.06, 24.17, 40.39, 24.18
11:39:47.120 , mppoctht, 95622.00, -0.03, 17.04, 20.66, 0.25, 24.19, 40.37, 24.18
11:39:47.121 , mppoctht, 95658.00, -0.12, 19.03, 20.66, 0.25, 24.19, 40.37, 24.18
11:39:47.127 , mppoctht, 95696.00, -0.12, 21.31, 20.66, 0.25, 24.19, 40.37, 24.18
11:39:47.152 , mppoctht, 95733.00, 0.09, 26.61, 20.66, 0.25, 24.19, 40.37, 24.18
11:39:47.155 , mppoctht, 95769.00, -0.12, 26.03, 20.66, 0.34, 24.16, 40.38, 24.18
11:39:47.155 , mppoctht, 95805.00, -0.12, 22.98, 20.66, 0.34, 24.16, 40.38, 24.18
11:39:47.156 , mppoctht, 95841.00, -0.03, 23.16, 20.66, 0.34, 24.16, 40.38, 24.18
11:39:47.156 , mppoctht, 95877.00, -0.03, 23.79, 20.66, 0.34, 24.16, 40.38, 24.18
11:39:47.163 , mppoctht, 95913.00, -0.31, 23.79, 20.66, -0.00, 24.17, 40.34, 24.18
11:39:47.188 , mppoctht, 95949.00, -0.31, 23.07, 20.66, -0.00, 24.17, 40.34, 24.18
11:39:47.202 , mppoctht, 95985.00, -0.03, 23.70, 20.66, -0.00, 24.17, 40.34, 24.18
11:39:47.204 , mppoctht, 96022.00, -0.31, 24.34, 20.66, -0.00, 24.17, 40.34, 24.18
11:39:47.204 , mppoctht, 96058.00, -0.12, 23.79, 20.69, 0.29, 24.17, 40.32, 24.18
11:39:47.205 , mppoctht, 96094.00, -0.03, 22.62, 20.69, 0.29, 24.17, 40.32, 24.18
11:39:47.207 , mppoctht, 96130.00, -0.03, 24.15, 20.69, 0.29, 24.17, 40.32, 24.18
11:39:47.235 , mppoctht, 96167.00, -0.12, 23.79, 20.69, 0.29, 24.17, 40.32, 24.18
11:39:47.236 , mppoctht, 96203.00, 0.09, 23.79, 20.69, 0.29, 24.17, 40.32, 24.18
11:39:47.237 , mppoctht, 96239.00, -0.12, 22.80, 20.69, 0.07, 24.15, 40.31, 24.18
11:39:47.237 , mppoctht, 96275.00, -0.03, 21.13, 20.69, 0.07, 24.15, 40.31, 24.18
11:39:47.238 , mppoctht, 96311.00, -0.03, 22.27, 20.69, 0.07, 24.15, 40.31, 24.18
11:39:47.246 , mppoctht, 96347.00, -0.03, 20.62, 20.69, 0.07, 24.15, 40.31, 24.18
11:39:47.271 , mppoctht, 96383.00, 0.09, 18.62, 20.66, 0.11, 24.13, 40.31, 24.18
11:39:47.288 , mppoctht, 96419.00, -4.27, 1.92, 20.66, 0.11, 24.13, 40.31, 24.18
11:39:47.289 , mppoctht, 96455.00, -3.32, 0.23, 20.66, 0.11, 24.13, 40.31, 24.18
11:39:47.289 , mppoctht, 96491.00, -1.06, -0.08, 20.66, 0.11, 24.13, 40.31, 24.18
11:39:47.290 , mppoctht, 96527.00, -0.12, -0.26, 20.66, -0.16, 24.11, 40.27, 24.18
11:39:47.316 , mppoctht, 96563.00, -0.12, -0.26, 20.66, -0.16, 24.11, 40.27, 24.18
11:39:47.319 , mppoctht, 96600.00, -0.12, -0.26, 20.66, -0.16, 24.11, 40.27, 24.18
11:39:47.319 , mppoctht, 96637.00, -0.03, -0.26, 20.66, -0.16, 24.11, 40.27, 24.18
11:39:47.322 , mppoctht, 96673.00, -0.03, -0.26, 20.65, 0.18, 24.11, 40.26, 24.18
11:39:47.322 , mppoctht, 96709.00, -0.03, -0.26, 20.65, 0.18, 24.11, 40.26, 24.18
11:39:47.323 , mppoctht, 96745.00, -0.03, -0.26, 20.65, 0.18, 24.11, 40.26, 24.18
11:39:47.329 , mppoctht, 96781.00, -0.03, -0.26, 20.65, 0.18, 24.11, 40.26, 24.18
11:39:47.356 , mppoctht, 96817.00, -0.12, -0.26, 20.66, 0.20, 24.11, 40.26, 24.18
11:39:47.400 , mppoctht, 96853.00, -0.12, -0.26, 20.66, 0.20, 24.11, 40.26, 24.18
11:39:47.401 , mppoctht, 96889.00, -0.03, -0.26, 20.66, 0.20, 24.11, 40.26, 24.18
11:39:47.401 , mppoctht, 96926.00, -0.03, -0.26, 20.66, 0.20, 24.11, 40.26, 24.18
11:39:47.413 , mppoctht, 96962.00, -0.03, -0.26, 20.72, 0.06, 24.15, 40.25, 24.18
11:39:47.414 , mppoctht, 96998.00, -0.03, -0.26, 20.72, 0.06, 24.15, 40.25, 24.18
11:39:47.415 , mppoctht, 97034.00, -0.03, -0.26, 20.72, 0.06, 24.15, 40.25, 24.18
11:39:47.430 , mppoctht, 97071.00, -0.12, -0.26, 20.72, 0.06, 24.15, 40.25, 24.18
11:39:47.432 , mppoctht, 97107.00, -0.12, -0.26, 20.72, 0.06, 24.15, 40.25, 24.18
11:39:47.433 , mppoctht, 97143.00, -0.12, -0.26, 20.66, 0.22, 24.12, 40.23, 24.18
11:39:47.435 , mppoctht, 97179.00, -0.12, -0.26, 20.66, 0.22, 24.12, 40.23, 24.18
11:39:47.435 , mppoctht, 97215.00, -0.12, -0.26, 20.66, 0.22, 24.12, 40.23, 24.18
11:39:47.484 , mppoctht, 97251.00, -0.13, -0.26, 20.66, 0.22, 24.12, 40.23, 24.18
11:39:47.486 , mppoctht, 97287.00, -0.12, -0.26, 20.66, -0.05, 24.17, 40.23, 24.18
11:39:47.486 , mppoctht, 97323.00, -0.12, -0.26, 20.66, -0.05, 24.17, 40.23, 24.18
11:39:47.488 , mppoctht, 97359.00, -0.12, -0.26, 20.66, -0.05, 24.17, 40.23, 24.18
11:39:47.488 , mppoctht, 97395.00, -0.12, -0.45, 20.66, -0.05, 24.17, 40.23, 24.18
11:39:47.497 , mppoctht, 97431.00, -0.03, -0.26, 20.66, -0.22, 24.15, 40.23, 24.18
11:39:47.521 , mppoctht, 97467.00, -0.12, -0.45, 20.66, -0.22, 24.15, 40.23, 24.18
11:39:47.522 , mppoctht, 97504.00, -0.03, -0.26, 20.66, -0.22, 24.15, 40.23, 24.18
11:39:47.525 , mppoctht, 97541.00, -0.12, -0.26, 20.66, -0.22, 24.15, 40.23, 24.18
11:39:47.533 , mppoctht, 97577.00, -0.12, -0.26, 20.69, 0.17, 24.15, 40.23, 24.18
11:39:47.533 , mppoctht, 97613.00, -0.03, -0.45, 20.69, 0.17, 24.15, 40.23, 24.18
11:39:47.534 , mppoctht, 97649.00, -0.12, -0.26, 20.69, 0.17, 24.15, 40.23, 24.19
11:39:47.557 , mppoctht, 97685.00, -0.12, -0.26, 20.69, 0.17, 24.15, 40.23, 24.19
11:39:47.564 , mppoctht, 97721.00, -0.03, -0.45, 20.66, 0.14, 24.15, 40.19, 24.19
11:39:47.564 , mppoctht, 97757.00, -0.12, -0.26, 20.66, 0.14, 24.15, 40.19, 24.18
11:39:47.564 , mppoctht, 97794.00, -0.03, -0.45, 20.66, 0.14, 24.15, 40.19, 24.18
11:39:47.593 , mppoctht, 97830.00, -0.12, -0.26, 20.66, 0.14, 24.15, 40.19, 24.18
11:39:47.594 , mppoctht, 97866.00, -0.03, -0.26, 20.66, 0.14, 24.15, 40.19, 24.18
11:39:47.597 , mppoctht, 97902.00, -0.03, -0.26, 20.69, 0.24, 24.18, 40.19, 24.18
11:39:47.597 , mppoctht, 97938.00, -0.13, -0.26, 20.69, 0.24, 24.18, 40.19, 24.18
11:39:47.597 , mppoctht, 97974.00, -0.03, -0.45, 20.69, 0.24, 24.18, 40.19, 24.18
11:39:47.597 , mppoctht, 98010.00, -2.57, 2.65, 20.69, 0.24, 24.18, 40.19, 24.18
11:39:47.606 , mppoctht, 98046.00, -1.44, 11.12, 20.66, -0.02, 24.19, 40.18, 24.18
11:39:47.630 , mppoctht, 98082.00, -0.13, 18.78, 20.66, -0.02, 24.19, 40.18, 24.18
11:39:47.633 , mppoctht, 98118.00, -0.12, 23.97, 20.66, -0.02, 24.19, 40.18, 24.18
11:39:47.633 , mppoctht, 98154.00, -0.03, 23.79, 20.66, -0.02, 24.19, 40.18, 24.18
11:39:47.634 , mppoctht, 98190.00, -0.13, 23.52, 20.66, 0.57, 24.20, 40.23, 24.18
11:39:47.635 , mppoctht, 98226.00, -0.03, 21.83, 20.66, 0.57, 24.20, 40.23, 24.18
11:39:47.666 , mppoctht, 98262.00, -0.03, 21.83, 20.66, 0.57, 24.20, 40.23, 24.18
11:39:47.668 , mppoctht, 98298.00, -0.13, 19.61, 20.66, 0.57, 24.20, 40.23, 24.18
11:39:47.668 , mppoctht, 98334.00, -0.31, 18.78, 20.66, 0.32, 24.18, 40.23, 24.18
11:39:47.681 , mppoctht, 98370.00, -0.13, 18.70, 20.66, 0.32, 24.18, 40.23, 24.19
11:39:47.682 , mppoctht, 98409.00, -0.03, 18.54, 20.66, 0.32, 24.18, 40.23, 24.19
11:39:47.684 , mppoctht, 98446.00, -0.13, 17.12, 20.66, 0.32, 24.18, 40.23, 24.18
11:39:47.698 , mppoctht, 98482.00, -0.31, 16.02, 20.66, 0.19, 24.17, 40.19, 24.19
11:39:47.699 , mppoctht, 98518.00, -0.13, 16.17, 20.66, 0.19, 24.17, 40.19, 24.19
11:39:47.699 , mppoctht, 98554.00, -0.13, 16.48, 20.66, 0.19, 24.17, 40.19, 24.19
11:39:47.739 , mppoctht, 98590.00, -0.13, 15.05, 20.66, 0.19, 24.17, 40.19, 24.19
11:39:47.740 , mppoctht, 98626.00, -0.03, 14.69, 20.66, 0.38, 24.17, 40.14, 24.18
11:39:47.740 , mppoctht, 98662.00, -0.03, 14.19, 20.66, 0.38, 24.17, 40.14, 24.18
11:39:47.756 , mppoctht, 98699.00, -0.03, 12.97, 20.66, 0.38, 24.17, 40.14, 24.18
11:39:47.757 , mppoctht, 98735.00, -0.03, 10.32, 20.66, 0.38, 24.17, 40.14, 24.18
11:39:47.757 , mppoctht, 98771.00, -0.13, 11.11, 20.66, 0.38, 24.17, 40.14, 24.18
11:39:47.759 , mppoctht, 98807.00, -0.03, 10.55, 20.69, 0.10, 24.11, 40.16, 24.18
11:39:47.760 , mppoctht, 98843.00, -0.03, 11.98, 20.69, 0.10, 24.11, 40.16, 24.18
11:39:47.761 , mppoctht, 98879.00, -0.13, 12.05, 20.69, 0.10, 24.11, 40.16, 24.18
11:39:47.769 , mppoctht, 98915.00, -0.03, 11.54, 20.69, 0.10, 24.11, 40.16, 24.18
11:39:47.794 , mppoctht, 98951.00, 1.99, -4.27, 20.66, 0.33, 24.12, 40.18, 24.18
11:39:47.819 , mppoctht, 98987.00, 0.33, -4.27, 20.66, 0.33, 24.12, 40.18, 24.18
11:39:47.822 , mppoctht, 99023.00, 0.17, 0.20, 20.66, 0.33, 24.12, 40.18, 24.18
11:39:47.824 , mppoctht, 99059.00, 0.09, -0.08, 20.66, 0.33, 24.12, 40.18, 24.18
11:39:47.825 , mppoctht, 99095.00, -0.13, -0.45, 20.69, 0.06, 24.11, 40.16, 24.19
11:39:47.828 , mppoctht, 99131.00, -0.12, -0.26, 20.69, 0.06, 24.11, 40.16, 24.18
11:39:47.828 , mppoctht, 99167.00, -0.12, -0.26, 20.69, 0.06, 24.11, 40.16, 24.18
11:39:47.831 , mppoctht, 99203.00, -0.12, -0.26, 20.69, 0.06, 24.11, 40.16, 24.18
11:39:47.837 , mppoctht, 99239.00, -0.12, -0.26, 20.66, -0.06, 24.15, 40.15, 24.18
11:39:47.840 , mppoctht, 99275.00, -0.13, -0.26, 20.66, -0.06, 24.15, 40.15, 24.18
11:39:47.868 , mppoctht, 99311.00, -0.13, -0.26, 20.66, -0.06, 24.15, 40.15, 24.18
11:39:47.868 , mppoctht, 99347.00, -0.13, -0.26, 20.66, -0.06, 24.15, 40.15, 24.18
11:39:47.869 , mppoctht, 99383.00, -0.12, -0.26, 20.66, -0.17, 24.15, 40.11, 24.18
11:39:47.872 , mppoctht, 99419.00, -0.03, -0.26, 20.66, -0.17, 24.15, 40.11, 24.18
11:39:47.892 , mppoctht, 99455.00, -0.12, -0.26, 20.66, -0.17, 24.15, 40.11, 24.18
11:39:47.908 , mppoctht, 99491.00, -0.13, -0.26, 20.66, -0.17, 24.15, 40.11, 24.18
11:39:52.869 , mppoctht, 99527.00, -0.03, -0.26, 20.66, -0.17, 24.15, 40.11, 24.19
11:39:52.886 , mppoctht, 99564.00, -0.12, -0.26, 20.72, -0.08, 24.16, 40.12, 24.19
11:39:52.887 , mppoctht, 99600.00, -0.12, -0.45, 20.72, -0.08, 24.16, 40.12, 24.18
11:39:52.889 , mppoctht, 99637.00, -0.13, -0.26, 20.72, -0.08, 24.16, 40.12, 24.18
11:39:52.914 , mppoctht, 99675.00, -0.12, -0.26, 20.72, -0.08, 24.16, 40.12, 24.19
11:39:52.915 , mppoctht, 99713.00, -0.03, -0.26, 20.69, 0.17, 24.16, 40.11, 24.19
11:39:52.918 , mppoctht, 99752.00, -0.12, -0.26, 20.69, 0.17, 24.16, 40.11, 24.18
11:39:52.919 , mppoctht, 99792.00, -0.03, -0.45, 20.69, 0.17, 24.16, 40.11, 24.19
11:39:52.924 , mppoctht, 99830.00, -0.03, -0.26, 20.69, 0.17, 24.16, 40.11, 24.19
11:39:52.925 , mppoctht, 99868.00, -0.13, -0.26, 20.69, -0.22, 24.18, 40.10, 24.18
11:39:52.952 , mppoctht, 99904.00, -0.13, -0.26, 20.69, -0.22, 24.18, 40.10, 24.18
11:39:52.975 , mppoctht, 99941.00, -0.03, -0.26, 20.69, -0.22, 24.18, 40.10, 24.18
11:39:52.975 , mppoctht, 99978.00, -0.03, -0.26, 20.69, -0.22, 24.18, 40.10, 24.18
11:39:52.976 , mppoctht, 100016.00, -0.12, -0.45, 20.69, -0.22, 24.18, 40.10, 24.18
11:39:52.989 , mppoctht, 100057.00, -0.13, -0.26, 20.69, -0.11, 24.18, 40.08, 24.18
11:39:52.990 , mppoctht, 100095.00, -0.03, -0.45, 20.69, -0.11, 24.18, 40.08, 24.18
11:39:53.015 , mppoctht, 100132.00, -0.03, -0.26, 20.69, -0.11, 24.18, 40.08, 24.18
11:39:53.017 , mppoctht, 100170.00, 0.21, -0.45, 20.69, -0.11, 24.18, 40.08, 24.18
11:39:53.020 , mppoctht, 100206.00, -3.51, -0.85, 20.66, 0.11, 24.18, 40.06, 24.18
11:39:53.058 , mppoctht, 100242.00, -1.44, 9.55, 20.66, 0.11, 24.18, 40.06, 24.18
11:39:53.061 , mppoctht, 100278.00, -0.03, 14.48, 20.66, 0.11, 24.18, 40.06, 24.18
11:39:53.061 , mppoctht, 100314.00, -0.03, 19.86, 20.66, 0.11, 24.18, 40.06, 24.18
11:39:53.062 , mppoctht, 100350.00, -0.03, 25.40, 20.66, 0.07, 24.19, 40.07, 24.18
11:39:53.064 , mppoctht, 100388.00, -0.13, 29.26, 20.66, 0.07, 24.19, 40.07, 24.18
11:39:53.066 , mppoctht, 100427.00, -0.13, 27.83, 20.66, 0.07, 24.19, 40.07, 24.18
11:39:53.066 , mppoctht, 100467.00, -0.31, 29.74, 20.66, 0.07, 24.19, 40.07, 24.18
11:39:53.068 , mppoctht, 100507.00, 0.09, 26.65, 20.72, 0.38, 24.19, 40.04, 24.18
11:39:53.075 , mppoctht, 100544.00, -0.03, 26.32, 20.72, 0.38, 24.19, 40.04, 24.18
11:39:53.099 , mppoctht, 100582.00, -0.13, 27.60, 20.72, 0.38, 24.19, 40.04, 24.18
11:39:53.100 , mppoctht, 100620.00, -0.12, 27.80, 20.72, 0.38, 24.19, 40.04, 24.18
11:39:53.100 , mppoctht, 100659.00, -0.13, 26.80, 20.72, 0.38, 24.19, 40.04, 24.19
11:39:53.101 , mppoctht, 100697.00, -0.03, 25.08, 20.69, 0.07, 24.15, 40.02, 24.19
11:39:53.103 , mppoctht, 100736.00, -0.03, 23.43, 20.69, 0.07, 24.15, 40.02, 24.19
11:39:53.134 , mppoctht, 100773.00, -0.13, 23.97, 20.69, 0.07, 24.15, 40.02, 24.18
11:39:53.145 , mppoctht, 100809.00, -0.31, 23.79, 20.69, 0.07, 24.15, 40.02, 24.18
11:39:53.146 , mppoctht, 100845.00, -0.13, 22.89, 20.69, 0.06, 24.13, 40.04, 24.18
11:39:53.147 , mppoctht, 100881.00, -0.13, 23.83, 20.69, 0.06, 24.13, 40.04, 24.18
11:39:53.147 , mppoctht, 100917.00, -0.03, 25.17, 20.69, 0.06, 24.13, 40.04, 24.18
11:39:53.150 , mppoctht, 100953.00, -0.12, 23.92, 20.69, 0.06, 24.13, 40.04, 24.18
11:39:53.156 , mppoctht, 100989.00, -0.03, 24.99, 20.69, -0.14, 24.11, 40.04, 24.18
11:39:53.183 , mppoctht, 101025.00, -0.13, 26.90, 20.69, -0.14, 24.11, 40.04, 24.18
11:39:53.186 , mppoctht, 101061.00, 5.13, 2.17, 20.69, -0.14, 24.11, 40.04, 24.18
11:39:53.186 , mppoctht, 101097.00, 0.41, -2.03, 20.69, -0.14, 24.11, 40.04, 24.18
11:39:53.188 , mppoctht, 101133.00, 0.25, 0.15, 20.69, 0.11, 24.09, 40.03, 24.18
11:39:53.188 , mppoctht, 101169.00, 0.09, 0.10, 20.69, 0.11, 24.09, 40.03, 24.18
11:39:53.194 , mppoctht, 101205.00, -0.03, 0.10, 20.69, 0.11, 24.09, 40.03, 24.18
11:39:53.219 , mppoctht, 101241.00, -0.03, 0.00, 20.69, 0.11, 24.09, 40.03, 24.19
11:39:53.230 , mppoctht, 101277.00, -0.03, -0.08, 20.69, -0.08, 24.11, 40.03, 24.19
11:39:53.231 , mppoctht, 101313.00, -0.03, -0.08, 20.69, -0.08, 24.11, 40.03, 24.19
11:39:53.232 , mppoctht, 101349.00, -0.13, -0.26, 20.69, -0.08, 24.11, 40.03, 24.18
11:39:53.232 , mppoctht, 101386.00, -0.13, -0.08, 20.69, -0.08, 24.11, 40.03, 24.18
11:39:53.260 , mppoctht, 101422.00, -0.12, -0.08, 20.69, 0.06, 24.10, 40.01, 24.18
11:39:53.261 , mppoctht, 101458.00, -0.03, -0.26, 20.69, 0.06, 24.10, 40.01, 24.18
11:39:53.261 , mppoctht, 101494.00, -0.03, -0.26, 20.69, 0.06, 24.10, 40.01, 24.19
11:39:53.264 , mppoctht, 101531.00, -0.13, -0.26, 20.69, 0.06, 24.10, 40.01, 24.19
11:39:53.265 , mppoctht, 101567.00, -0.03, -0.26, 20.69, 0.06, 24.10, 40.01, 24.19
11:39:53.272 , mppoctht, 101603.00, -0.03, -0.26, 20.65, -0.01, 24.11, 40.02, 24.19
11:39:53.298 , mppoctht, 101639.00, -0.12, -0.26, 20.65, -0.01, 24.11, 40.02, 24.19
11:39:53.301 , mppoctht, 101675.00, -0.12, -0.26, 20.65, -0.01, 24.11, 40.02, 24.19
11:39:53.303 , mppoctht, 101711.00, -0.03, -0.26, 20.65, -0.01, 24.11, 40.02, 24.19
11:39:53.303 , mppoctht, 101747.00, -0.13, -0.26, 20.69, 0.08, 24.15, 40.05, 24.18
11:39:53.304 , mppoctht, 101783.00, -0.13, -0.26, 20.69, 0.08, 24.15, 40.05, 24.18
11:39:53.310 , mppoctht, 101819.00, -0.13, -0.26, 20.69, 0.08, 24.15, 40.05, 24.19
11:39:53.336 , mppoctht, 101855.00, -0.03, -0.26, 20.69, 0.08, 24.15, 40.05, 24.19
11:39:53.336 , mppoctht, 101891.00, -0.13, -0.26, 20.66, 0.13, 24.15, 39.97, 24.19
11:39:53.336 , mppoctht, 101927.00, -0.03, -0.45, 20.66, 0.13, 24.15, 39.97, 24.19
11:39:53.338 , mppoctht, 101964.00, -0.13, -0.45, 20.66, 0.13, 24.15, 39.97, 24.19
11:39:53.340 , mppoctht, 102001.00, -0.13, -0.45, 20.66, 0.13, 24.15, 39.97, 24.19
11:39:53.374 , mppoctht, 102037.00, -0.13, -0.26, 20.66, 0.14, 24.15, 40.02, 24.19
11:39:53.374 , mppoctht, 102073.00, -0.13, -0.26, 20.66, 0.14, 24.15, 40.02, 24.19
11:39:53.375 , mppoctht, 102109.00, -0.13, -0.26, 20.66, 0.14, 24.15, 40.02, 24.19
11:39:53.376 , mppoctht, 102145.00, -0.13, -0.26, 20.66, 0.14, 24.15, 40.02, 24.19
11:39:53.377 , mppoctht, 102181.00, -0.03, -0.26, 20.69, 0.34, 24.15, 40.03, 24.19
11:39:53.379 , mppoctht, 102217.00, -0.13, -0.26, 20.69, 0.34, 24.15, 40.03, 24.19
11:39:53.410 , mppoctht, 102253.00, -0.13, -0.45, 20.69, 0.34, 24.15, 40.03, 24.19
11:39:53.411 , mppoctht, 102289.00, -0.13, -0.26, 20.69, 0.34, 24.15, 40.03, 24.19
11:39:53.411 , mppoctht, 102325.00, -0.12, -0.26, 20.69, 0.34, 24.15, 40.03, 24.19
11:39:53.413 , mppoctht, 102361.00, -0.03, -0.45, 20.72, 0.10, 24.17, 40.00, 24.19
11:39:53.413 , mppoctht, 102397.00, -0.13, -0.26, 20.72, 0.10, 24.17, 40.00, 24.19
11:39:53.415 , mppoctht, 102433.00, -0.13, -0.45, 20.72, 0.10, 24.17, 40.00, 24.19
11:39:53.447 , mppoctht, 102469.00, -0.03, -0.26, 20.72, 0.10, 24.17, 40.00, 24.19
11:39:53.449 , mppoctht, 102505.00, -0.13, -0.26, 20.66, 0.21, 24.15, 39.99, 24.19
11:39:53.451 , mppoctht, 102541.00, -0.13, -0.26, 20.66, 0.21, 24.15, 39.99, 24.19
11:39:53.451 , mppoctht, 102577.00, -0.13, -0.26, 20.66, 0.21, 24.15, 39.99, 24.19
11:39:53.454 , mppoctht, 102613.00, -0.13, -0.26, 20.66, 0.21, 24.15, 39.99, 24.19
11:39:53.460 , mppoctht, 102649.00, -0.13, -0.26, 20.66, 0.32, 24.19, 39.99, 24.19
11:39:53.483 , mppoctht, 102685.00, -0.03, -0.26, 20.66, 0.32, 24.19, 39.99, 24.19
11:39:53.485 , mppoctht, 102721.00, -0.03, -0.26, 20.66, 0.32, 24.19, 39.99, 24.19
11:39:53.487 , mppoctht, 102757.00, -0.13, -0.45, 20.66, 0.32, 24.19, 39.99, 24.19
11:39:53.489 , mppoctht, 102793.00, -0.03, -0.26, 20.66, 0.17, 24.17, 40.02, 24.19
11:39:53.492 , mppoctht, 102829.00, -0.13, -0.45, 20.66, 0.17, 24.17, 40.02, 24.19
11:39:53.520 , mppoctht, 102867.00, -0.13, -0.45, 20.66, 0.17, 24.17, 40.02, 24.19
11:39:53.521 , mppoctht, 102904.00, -0.03, -0.45, 20.66, 0.17, 24.17, 40.02, 24.19
11:39:53.523 , mppoctht, 102940.00, -0.03, -0.26, 20.66, 0.04, 24.17, 39.97, 24.19
11:39:53.525 , mppoctht, 102976.00, -0.13, -0.45, 20.66, 0.04, 24.17, 39.97, 24.19
11:39:53.525 , mppoctht, 103012.00, -0.03, -0.45, 20.66, 0.04, 24.17, 39.97, 24.19
11:39:53.527 , mppoctht, 103048.00, -0.03, -0.45, 20.66, 0.04, 24.17, 39.97, 24.19
11:39:53.558 , mppoctht, 103084.00, -0.13, -0.26, 20.66, 0.40, 24.20, 39.97, 24.19
11:39:53.558 , mppoctht, 103120.00, -0.13, -0.45, 20.66, 0.40, 24.20, 39.97, 24.19
11:39:53.560 , mppoctht, 103156.00, -0.13, -0.26, 20.66, 0.40, 24.20, 39.97, 24.19
11:39:53.562 , mppoctht, 103192.00, -0.13, -0.26, 20.66, 0.40, 24.20, 39.97, 24.19
11:39:53.562 , mppoctht, 103228.00, -0.13, -0.45, 20.66, 0.40, 24.20, 39.97, 24.19
11:39:53.583 , mppoctht, 103264.00, -0.13, -0.26, 20.72, 0.25, 24.20, 39.97, 24.19
11:39:53.598 , mppoctht, 103300.00, -0.03, -0.45, 20.72, 0.25, 24.20, 39.97, 24.19
11:39:53.599 , mppoctht, 103336.00, -0.03, -0.26, 20.72, 0.25, 24.20, 39.97, 24.19
11:39:53.599 , mppoctht, 103372.00, -0.03, -0.26, 20.72, 0.25, 24.20, 39.97, 24.19
11:39:53.601 , mppoctht, 103408.00, -0.13, -0.26, 20.66, 0.10, 24.20, 39.98, 24.19
11:39:53.601 , mppoctht, 103444.00, -0.13, -0.45, 20.66, 0.10, 24.20, 39.98, 24.19
11:39:53.602 , mppoctht, 103480.00, -0.13, -0.26, 20.66, 0.10, 24.20, 39.98, 24.19
11:39:53.610 , mppoctht, 103516.00, -0.13, -0.26, 20.66, 0.10, 24.20, 39.98, 24.19
11:39:53.611 , mppoctht, 103552.00, -0.03, -0.45, 20.66, 0.26, 24.23, 39.97, 24.19
11:39:53.615 , mppoctht, 103588.00, -0.13, -0.45, 20.66, 0.26, 24.23, 39.97, 24.19
11:39:53.620 , mppoctht, 103624.00, -0.13, -0.45, 20.66, 0.26, 24.23, 39.97, 24.19
11:39:53.620 , mppoctht, 103660.00, -0.13, -0.26, 20.66, 0.26, 24.23, 39.97, 24.19
11:39:53.650 , mppoctht, 103696.00, -0.13, -0.45, 20.66, 0.02, 24.23, 39.94, 24.19
11:39:53.675 , mppoctht, 103732.00, -0.13, -0.26, 20.66, 0.02, 24.23, 39.94, 24.19
11:39:53.681 , mppoctht, 103770.00, -0.03, -0.45, 20.66, 0.02, 24.23, 39.94, 24.19
11:39:53.681 , mppoctht, 103807.00, -0.13, -0.45, 20.66, 0.02, 24.23, 39.94, 24.19
11:39:53.684 , mppoctht, 103843.00, -0.13, -0.26, 20.66, 0.39, 24.23, 39.94, 24.19
11:39:53.684 , mppoctht, 103879.00, -0.03, -0.45, 20.66, 0.39, 24.23, 39.94, 24.19
11:39:53.684 , mppoctht, 103915.00, -0.13, -0.26, 20.66, 0.39, 24.23, 39.94, 24.19
11:39:53.696 , mppoctht, 103951.00, -0.13, -0.26, 20.66, 0.39, 24.23, 39.94, 24.19
11:39:53.697 , mppoctht, 103987.00, -0.13, -0.45, 20.66, 0.03, 24.25, 39.93, 24.19
11:39:53.704 , mppoctht, 104023.00, -0.13, -0.26, 20.66, 0.03, 24.25, 39.93, 24.18
11:39:53.705 , mppoctht, 104059.00, -0.03, -0.45, 20.66, 0.03, 24.25, 39.93, 24.18
11:39:53.786 , mppoctht, 104095.00, -0.13, -0.45, 20.66, 0.03, 24.25, 39.93, 24.19
11:39:53.786 , mppoctht, 104131.00, -0.13, -0.45, 20.66, 0.03, 24.25, 39.93, 24.19
11:39:53.797 , mppoctht, 104167.00, -0.13, -0.45, 20.72, 0.18, 24.23, 39.93, 24.19
11:39:53.799 , mppoctht, 104203.00, -0.03, -0.26, 20.72, 0.18, 24.23, 39.93, 24.19
11:39:53.800 , mppoctht, 104239.00, -0.13, -0.26, 20.72, 0.18, 24.23, 39.93, 24.19
11:39:53.806 , mppoctht, 104275.00, -0.13, -0.26, 20.72, 0.18, 24.23, 39.93, 24.19
11:39:53.807 , mppoctht, 104311.00, -0.13, -0.26, 20.69, 0.16, 24.25, 39.91, 24.19
11:39:53.836 , mppoctht, 104347.00, -0.13, -0.45, 20.69, 0.16, 24.25, 39.91, 24.19
11:39:53.837 , mppoctht, 104383.00, -0.13, -0.45, 20.69, 0.16, 24.25, 39.91, 24.19
11:39:53.838 , mppoctht, 104419.00, -0.03, -0.26, 20.69, 0.16, 24.25, 39.91, 24.19
11:39:53.840 , mppoctht, 104455.00, -0.03, -0.26, 20.66, 0.23, 24.26, 39.90, 24.19
11:39:53.840 , mppoctht, 104491.00, -0.13, -0.26, 20.66, 0.23, 24.26, 39.90, 24.19
11:39:53.842 , mppoctht, 104527.00, -0.03, -0.45, 20.66, 0.23, 24.26, 39.90, 24.19
11:39:53.873 , mppoctht, 104563.00, -0.13, -0.45, 20.66, 0.23, 24.26, 39.90, 24.19
11:39:53.885 , mppoctht, 104599.00, -0.13, -0.45, 20.66, 0.19, 24.25, 39.93, 24.19
11:39:53.886 , mppoctht, 104635.00, -0.13, -0.45, 20.66, 0.19, 24.25, 39.93, 24.19
11:39:53.886 , mppoctht, 104673.00, -0.13, -0.26, 20.66, 0.19, 24.25, 39.93, 24.19
11:39:53.888 , mppoctht, 104710.00, -0.03, -0.45, 20.66, 0.19, 24.25, 39.93, 24.19
11:39:53.888 , mppoctht, 104746.00, -0.13, -0.26, 20.66, 0.26, 24.26, 39.90, 24.19
11:39:53.894 , mppoctht, 104782.00, -0.13, -0.45, 20.66, 0.26, 24.26, 39.90, 24.19
11:39:53.920 , mppoctht, 104818.00, -0.13, -0.45, 20.66, 0.26, 24.26, 39.90, 24.19
11:39:53.933 , mppoctht, 104854.00, -0.13, -0.45, 20.66, 0.26, 24.26, 39.90, 24.19
11:39:53.934 , mppoctht, 104890.00, -0.13, -0.45, 20.66, -0.06, 24.23, 39.89, 24.19
11:39:53.945 , mppoctht, 104926.00, -0.13, -0.26, 20.66, -0.06, 24.23, 39.89, 24.19
11:39:53.970 , mppoctht, 104962.00, -0.13, -0.45, 20.66, -0.06, 24.23, 39.89, 24.19
11:39:53.974 , mppoctht, 104998.00, -0.03, -0.45, 20.66, -0.06, 24.23, 39.89, 24.19
11:39:53.976 , mppoctht, 105034.00, -0.03, -0.45, 20.66, -0.06, 24.23, 39.89, 24.19
11:39:53.977 , mppoctht, 105070.00, -0.13, -0.45, 20.69, 0.07, 24.26, 39.89, 24.19
11:39:53.978 , mppoctht, 105106.00, -0.03, -0.26, 20.69, 0.07, 24.26, 39.89, 24.19
11:39:53.980 , mppoctht, 105142.00, -0.03, -0.45, 20.69, 0.07, 24.26, 39.89, 24.19
11:39:53.981 , mppoctht, 105178.00, -0.13, -0.45, 20.69, 0.07, 24.26, 39.89, 24.19
11:39:54.012 , mppoctht, 105214.00, -0.03, -0.45, 20.66, -0.02, 24.27, 39.86, 24.19
11:39:54.014 , mppoctht, 105250.00, -0.13, -0.26, 20.66, -0.02, 24.27, 39.86, 24.19
11:39:54.014 , mppoctht, 105286.00, -0.13, -0.26, 20.66, -0.02, 24.27, 39.86, 24.19
11:39:54.015 , mppoctht, 105322.00, -0.13, -0.45, 20.66, -0.02, 24.27, 39.86, 24.19
11:39:54.016 , mppoctht, 105358.00, -0.03, -0.26, 20.66, 0.04, 24.28, 39.87, 24.19
11:39:54.024 , mppoctht, 105394.00, -0.13, -0.45, 20.66, 0.04, 24.28, 39.87, 24.19
11:39:54.048 , mppoctht, 105430.00, -0.03, -0.45, 20.66, 0.04, 24.28, 39.87, 24.19
11:39:54.061 , mppoctht, 105466.00, -0.13, -0.45, 20.66, 0.04, 24.28, 39.87, 24.19
11:39:54.065 , mppoctht, 105502.00, -0.13, -0.45, 20.66, 0.20, 24.28, 39.87, 24.19
11:39:54.065 , mppoctht, 105538.00, -0.03, -0.45, 20.66, 0.20, 24.28, 39.87, 24.19
11:39:54.065 , mppoctht, 105577.00, -0.13, -0.26, 20.66, 0.20, 24.28, 39.87, 24.19
11:39:54.091 , mppoctht, 105614.00, -0.13, -0.26, 20.66, 0.20, 24.28, 39.87, 24.19
11:39:54.096 , mppoctht, 105650.00, -0.03, -0.45, 20.66, 0.14, 24.28, 39.81, 24.19
11:39:54.096 , mppoctht, 105686.00, -0.13, -0.45, 20.66, 0.14, 24.28, 39.81, 24.19
11:39:54.097 , mppoctht, 105722.00, -0.13, -0.26, 20.66, 0.14, 24.28, 39.81, 24.19