16:16:25.921 , TTPPH, 20156, 24.24, 24.85, 98969.42, 98980.33, 38.81
16:16:31.070 , TTPPH, 25174, 24.26, 24.87, 98966.73, 98976.73, 38.71
16:16:35.950 , TTPPH, 30192, 24.29, 24.90, 98965.91, 98970.72, 38.70
16:16:40.988 , TTPPH, 35210, 24.31, 24.94, 98959.52, 98968.78, 38.66
16:16:46.417 , TTPPH, 40228, 24.33, 24.97, 98961.14, 98969.65, 38.65
16:16:54.122 , mppoctht, 43458.00, -4.27, -4.27, 20.75, -0.11, 23.85, 38.66, 24.34
16:16:54.130 , mppoctht, 43495.00, 0.41, 0.62, 20.75, -0.11, 23.85, 38.66, 24.34
16:16:54.148 , mppoctht, 43531.00, -0.31, -0.25, 20.75, -0.11, 23.85, 38.66, 24.34
16:16:54.149 , mppoctht, 43567.00, -0.31, -0.25, 20.75, -0.11, 23.85, 38.66, 24.34
16:16:54.151 , mppoctht, 43603.00, -0.31, -0.25, 20.75, -0.11, 23.85, 38.66, 24.34
16:16:54.151 , mppoctht, 43640.00, -0.31, -0.25, 20.75, -0.11, 23.85, 38.66, 24.34
16:16:54.153 , mppoctht, 43676.00, -0.31, -0.25, 20.75, -0.11, 23.85, 38.66, 24.34
16:16:54.154 , mppoctht, 43712.00, -0.31, -0.25, 20.72, 0.40, 23.86, 38.68, 24.34
16:16:54.160 , mppoctht, 43748.00, -0.31, -0.25, 20.72, 0.40, 23.86, 38.68, 24.34
16:16:54.185 , mppoctht, 43784.00, -0.31, -0.25, 20.72, 0.40, 23.86, 38.68, 24.34
16:16:54.187 , mppoctht, 43820.00, -0.31, -0.25, 20.72, 0.40, 23.86, 38.68, 24.34
16:16:54.188 , mppoctht, 43856.00, -0.31, -0.25, 20.72, 0.13, 23.85, 38.68, 24.34
16:16:54.211 , mppoctht, 43892.00, -0.31, -0.25, 20.72, 0.13, 23.85, 38.68, 24.34
16:16:54.230 , mppoctht, 43928.00, -0.31, -0.25, 20.72, 0.13, 23.85, 38.68, 24.34
16:16:54.232 , mppoctht, 43964.00, -0.12, -0.25, 20.72, 0.13, 23.85, 38.68, 24.34
16:16:54.232 , mppoctht, 44000.00, -0.69, -0.25, 20.72, 0.26, 23.86, 38.67, 24.34
16:16:54.233 , mppoctht, 44036.00, -0.03, -0.45, 20.72, 0.26, 23.86, 38.67, 24.34
16:16:54.235 , mppoctht, 44073.00, -0.31, -0.25, 20.72, 0.26, 23.86, 38.67, 24.34
16:16:54.239 , mppoctht, 44110.00, -0.69, -0.08, 20.72, 0.26, 23.86, 38.67, 24.34
16:16:54.252 , mppoctht, 44146.00, -0.31, -0.25, 20.72, 0.12, 23.86, 38.67, 24.34
16:16:54.252 , mppoctht, 44182.00, -0.50, -0.26, 20.72, 0.12, 23.86, 38.67, 24.34
16:16:54.252 , mppoctht, 44218.00, -0.31, -0.26, 20.72, 0.12, 23.86, 38.67, 24.34
16:16:54.259 , mppoctht, 44254.00, -0.31, -0.25, 20.72, 0.12, 23.86, 38.67, 24.34
16:16:54.261 , mppoctht, 44290.00, -0.12, -0.26, 20.72, 0.66, 23.90, 38.64, 24.34
16:16:54.261 , mppoctht, 44326.00, -0.03, -0.26, 20.72, 0.66, 23.90, 38.64, 24.34
16:16:54.263 , mppoctht, 44362.00, -0.31, -0.08, 20.72, 0.66, 23.90, 38.64, 24.34
16:16:54.263 , mppoctht, 44398.00, -0.50, -0.26, 20.72, 0.66, 23.90, 38.64, 24.34
16:16:54.271 , mppoctht, 44434.00, -0.12, -0.26, 20.72, 0.66, 23.90, 38.64, 24.34
16:16:54.271 , mppoctht, 44470.00, -0.03, -0.08, 20.75, -0.42, 23.90, 38.70, 24.34
16:16:54.271 , mppoctht, 44506.00, -0.31, -0.26, 20.75, -0.42, 23.90, 38.70, 24.34
16:16:54.280 , mppoctht, 44542.00, -0.31, -0.26, 20.75, -0.42, 23.90, 38.70, 24.34
16:16:54.282 , mppoctht, 44578.00, -0.31, -0.26, 20.75, -0.42, 23.90, 38.70, 24.34
16:16:54.326 , mppoctht, 44614.00, -1.62, -0.45, 20.72, 0.08, 23.92, 38.67, 24.34
16:16:54.326 , mppoctht, 44650.00, -0.50, -0.26, 20.72, 0.08, 23.92, 38.67, 24.34
16:16:54.328 , mppoctht, 44686.00, 0.17, -0.26, 20.72, 0.08, 23.92, 38.67, 24.35
16:16:54.328 , mppoctht, 44722.00, -0.50, 0.00, 20.72, 0.08, 23.92, 38.67, 24.35
16:16:54.330 , mppoctht, 44758.00, -0.12, -0.08, 20.72, 0.12, 23.93, 38.67, 24.34
16:16:54.330 , mppoctht, 44794.00, -0.12, -0.45, 20.72, 0.12, 23.93, 38.67, 24.35
16:16:54.336 , mppoctht, 44830.00, -0.50, -0.26, 20.72, 0.12, 23.93, 38.67, 24.35
16:16:54.340 , mppoctht, 44866.00, -0.03, 0.00, 20.72, 0.12, 23.93, 38.67, 24.35
16:16:54.365 , mppoctht, 44902.00, -0.12, 0.00, 20.72, 0.08, 23.95, 38.65, 24.35
16:16:54.365 , mppoctht, 44938.00, -0.69, 0.20, 20.72, 0.08, 23.95, 38.65, 24.34
16:16:54.366 , mppoctht, 44976.00, -0.12, -0.26, 20.72, 0.08, 23.95, 38.65, 24.34
16:16:54.368 , mppoctht, 45013.00, -0.31, -0.65, 20.72, 0.08, 23.95, 38.65, 24.35
16:16:54.369 , mppoctht, 45049.00, -0.12, -0.08, 20.72, 0.33, 23.97, 38.68, 24.35
16:16:54.377 , mppoctht, 45085.00, -0.50, -0.45, 20.72, 0.33, 23.97, 38.68, 24.34
16:16:54.400 , mppoctht, 45121.00, -0.12, -0.08, 20.72, 0.33, 23.97, 38.68, 24.35
16:16:54.425 , mppoctht, 45157.00, -0.12, -0.26, 20.72, 0.33, 23.97, 38.68, 24.35
16:16:54.444 , mppoctht, 45193.00, -0.31, -0.08, 20.72, 0.17, 23.99, 38.66, 24.35
16:16:54.445 , mppoctht, 45229.00, -0.50, -0.26, 20.72, 0.17, 23.99, 38.66, 24.35
16:16:54.447 , mppoctht, 45265.00, -0.50, -0.08, 20.72, 0.17, 23.99, 38.66, 24.35
16:16:54.462 , mppoctht, 45301.00, -0.12, -0.45, 20.72, 0.17, 23.99, 38.66, 24.35
16:16:54.462 , mppoctht, 45337.00, -0.69, -0.08, 20.72, 0.17, 23.99, 38.66, 24.35
16:16:54.464 , mppoctht, 45373.00, -0.12, -0.26, 20.75, 0.00, 23.99, 38.68, 24.35
16:16:54.479 , mppoctht, 45409.00, -0.31, -0.08, 20.75, 0.00, 23.99, 38.68, 24.34
16:16:54.481 , mppoctht, 45445.00, -0.31, 0.00, 20.75, 0.00, 23.99, 38.68, 24.34
16:16:54.481 , mppoctht, 45481.00, -0.31, -0.85, 20.75, 0.00, 23.99, 38.68, 24.35
16:16:54.494 , mppoctht, 45517.00, -1.06, -0.08, 20.72, -0.02, 24.03, 38.68, 24.35
16:16:54.496 , mppoctht, 45553.00, -0.12, -0.08, 20.72, -0.02, 24.03, 38.68, 24.35
16:16:54.496 , mppoctht, 45589.00, -0.69, -0.26, 20.72, -0.02, 24.03, 38.68, 24.35
16:16:54.498 , mppoctht, 45625.00, -0.31, -0.45, 20.72, -0.02, 24.03, 38.68, 24.35
16:16:54.498 , mppoctht, 45661.00, -0.69, -0.08, 20.70, -0.03, 24.03, 38.69, 24.35
16:16:54.500 , mppoctht, 45697.00, -0.50, -0.26, 20.70, -0.03, 24.03, 38.69, 24.35
16:16:54.530 , mppoctht, 45733.00, 0.09, -0.26, 20.70, -0.03, 24.03, 38.69, 24.35
16:16:54.550 , mppoctht, 45769.00, -0.50, -0.26, 20.70, -0.03, 24.03, 38.69, 24.35
16:16:54.550 , mppoctht, 45805.00, -0.03, -0.26, 20.69, 0.32, 24.07, 38.67, 24.35
16:16:54.550 , mppoctht, 45841.00, -0.31, -0.26, 20.69, 0.32, 24.07, 38.67, 24.35
16:16:54.552 , mppoctht, 45880.00, -0.31, -0.08, 20.69, 0.32, 24.07, 38.67, 24.35
16:16:54.553 , mppoctht, 45917.00, -0.50, -0.26, 20.69, 0.32, 24.07, 38.67, 24.35
16:16:54.562 , mppoctht, 45953.00, -0.31, -0.26, 20.69, -0.09, 24.06, 38.67, 24.35
16:16:54.593 , mppoctht, 45989.00, -0.50, -0.26, 20.69, -0.09, 24.06, 38.67, 24.35
16:16:54.593 , mppoctht, 46025.00, -0.12, -0.26, 20.69, -0.09, 24.06, 38.67, 24.35
16:16:54.594 , mppoctht, 46061.00, -0.12, -0.26, 20.69, -0.09, 24.06, 38.67, 24.35
16:16:54.594 , mppoctht, 46097.00, -0.12, -0.26, 20.69, 0.23, 24.09, 38.66, 24.35
16:16:54.599 , mppoctht, 46133.00, -0.50, -0.26, 20.69, 0.23, 24.09, 38.66, 24.35
16:16:54.630 , mppoctht, 46170.00, -0.31, -0.26, 20.69, 0.23, 24.09, 38.66, 24.35
16:16:54.646 , mppoctht, 46207.00, -0.12, -0.26, 20.69, 0.23, 24.09, 38.66, 24.35
16:16:54.646 , mppoctht, 46243.00, -0.12, -0.26, 20.72, 0.35, 24.09, 38.68, 24.35
16:16:54.648 , mppoctht, 46279.00, -0.69, -0.26, 20.72, 0.35, 24.09, 38.68, 24.35
16:16:54.648 , mppoctht, 46315.00, 0.49, -0.26, 20.72, 0.35, 24.09, 38.68, 24.35
16:16:54.676 , mppoctht, 46352.00, 1.24, -0.26, 20.72, 0.35, 24.09, 38.68, 24.35
16:16:54.678 , mppoctht, 46388.00, 2.47, -0.26, 20.72, 0.35, 24.09, 38.68, 24.35
16:16:54.678 , mppoctht, 46424.00, 3.01, -0.26, 20.66, 0.03, 24.13, 38.68, 24.35
16:16:54.678 , mppoctht, 46460.00, 3.85, -0.26, 20.66, 0.03, 24.13, 38.68, 24.35
16:16:54.681 , mppoctht, 46496.00, 4.96, -0.26, 20.66, 0.03, 24.13, 38.68, 24.35
16:16:54.684 , mppoctht, 46532.00, 4.83, -0.26, 20.66, 0.03, 24.13, 38.68, 24.35
16:16:54.697 , mppoctht, 46568.00, 4.96, -0.26, 20.66, 0.01, 24.13, 38.70, 24.35
16:16:54.700 , mppoctht, 46604.00, 5.08, -0.26, 20.66, 0.01, 24.13, 38.70, 24.35
16:16:54.702 , mppoctht, 46640.00, 5.50, -0.26, 20.66, 0.01, 24.13, 38.70, 24.35
16:16:54.716 , mppoctht, 46676.00, 5.12, -0.26, 20.66, 0.01, 24.13, 38.70, 24.35
16:16:54.720 , mppoctht, 46712.00, 4.79, -0.26, 20.66, 0.34, 24.15, 38.72, 24.35
16:16:54.721 , mppoctht, 46748.00, 5.62, -0.26, 20.66, 0.34, 24.15, 38.72, 24.35
16:16:54.724 , mppoctht, 46785.00, 5.87, -0.26, 20.66, 0.34, 24.15, 38.72, 24.35
16:16:54.726 , mppoctht, 46822.00, 5.70, -0.26, 20.66, 0.34, 24.15, 38.72, 24.35
16:16:54.734 , mppoctht, 46858.00, 5.82, -0.26, 20.63, 0.11, 24.13, 38.74, 24.35
16:16:54.734 , mppoctht, 46894.00, 5.05, -0.26, 20.63, 0.11, 24.13, 38.74, 24.35
16:16:54.736 , mppoctht, 46930.00, 4.75, -0.26, 20.63, 0.11, 24.13, 38.74, 24.35
16:16:54.737 , mppoctht, 46966.00, 4.75, -0.26, 20.63, 0.11, 24.13, 38.74, 24.36
16:16:54.738 , mppoctht, 47002.00, 3.72, -0.26, 20.63, 0.07, 24.17, 38.69, 24.36
16:16:54.773 , mppoctht, 47038.00, 3.55, -0.26, 20.63, 0.07, 24.17, 38.69, 24.36
16:16:54.776 , mppoctht, 47074.00, 3.51, -0.26, 20.63, 0.07, 24.17, 38.69, 24.36
16:16:54.776 , mppoctht, 47110.00, 4.05, -0.26, 20.63, 0.07, 24.17, 38.69, 24.36
16:16:54.779 , mppoctht, 47146.00, 3.18, -0.26, 20.63, 0.07, 24.17, 38.69, 24.36
16:16:54.780 , mppoctht, 47182.00, 3.28, -0.26, 20.66, 0.15, 24.17, 38.73, 24.36
16:16:54.792 , mppoctht, 47218.00, 2.65, -0.26, 20.66, 0.15, 24.17, 38.73, 24.36
16:16:54.821 , mppoctht, 47254.00, 3.31, -0.26, 20.66, 0.15, 24.17, 38.73, 24.36
16:16:54.824 , mppoctht, 47290.00, 3.28, -0.26, 20.66, 0.15, 24.17, 38.73, 24.36
16:16:54.824 , mppoctht, 47326.00, 2.81, -0.26, 20.63, -0.05, 24.20, 38.79, 24.36
16:16:54.826 , mppoctht, 47362.00, 2.27, -0.26, 20.63, -0.05, 24.20, 38.79, 24.36
16:16:54.826 , mppoctht, 47398.00, 2.27, -0.26, 20.63, -0.05, 24.20, 38.79, 24.36
16:16:54.827 , mppoctht, 47434.00, 2.24, -0.26, 20.63, -0.05, 24.20, 38.79, 24.36
16:16:54.836 , mppoctht, 47470.00, 2.32, -0.26, 20.60, -0.03, 24.20, 38.79, 24.36
16:16:54.861 , mppoctht, 47506.00, 1.98, -0.26, 20.60, -0.03, 24.20, 38.79, 24.36
16:16:54.885 , mppoctht, 47542.00, 1.77, -0.26, 20.60, -0.03, 24.20, 38.79, 24.36
16:16:54.891 , mppoctht, 47578.00, 1.45, -0.26, 20.60, -0.03, 24.20, 38.79, 24.36
16:16:54.892 , mppoctht, 47614.00, 1.12, -0.26, 20.60, 0.35, 24.23, 38.78, 24.36
16:16:54.894 , mppoctht, 47650.00, 0.75, -0.26, 20.60, 0.35, 24.23, 38.78, 24.36
16:16:54.894 , mppoctht, 47688.00, 0.95, -0.26, 20.60, 0.35, 24.23, 38.78, 24.36
16:16:54.896 , mppoctht, 47725.00, 0.32, -0.26, 20.60, 0.35, 24.23, 38.78, 24.36
16:16:54.898 , mppoctht, 47761.00, -0.03, -0.26, 20.57, 0.02, 24.26, 38.79, 24.36
16:16:54.900 , mppoctht, 47797.00, -0.12, -0.26, 20.57, 0.02, 24.26, 38.79, 24.36
16:16:54.900 , mppoctht, 47833.00, -1.25, -0.26, 20.57, 0.02, 24.26, 38.79, 24.36
16:16:54.904 , mppoctht, 47869.00, -1.25, -0.26, 20.57, 0.02, 24.26, 38.79, 24.36
16:16:54.934 , mppoctht, 47905.00, 0.17, 0.00, 20.57, 0.49, 24.28, 38.80, 24.36
16:16:54.935 , mppoctht, 47941.00, -0.13, -0.08, 20.57, 0.49, 24.28, 38.80, 24.36
16:16:54.937 , mppoctht, 47977.00, -0.12, 0.10, 20.57, 0.49, 24.28, 38.80, 24.36
16:16:54.939 , mppoctht, 48014.00, -0.31, 0.15, 20.57, 0.49, 24.28, 38.80, 24.36
16:16:54.939 , mppoctht, 48050.00, -0.31, 0.15, 20.60, 0.24, 24.28, 38.81, 24.36
16:16:54.945 , mppoctht, 48086.00, -0.31, 0.15, 20.60, 0.24, 24.28, 38.81, 24.36
16:16:54.945 , mppoctht, 48122.00, -0.31, 0.15, 20.60, 0.24, 24.28, 38.81, 24.36
16:16:54.972 , mppoctht, 48159.00, -0.31, 0.31, 20.60, 0.24, 24.28, 38.81, 24.36
16:16:54.990 , mppoctht, 48195.00, -0.31, 0.53, 20.60, 0.24, 24.28, 38.81, 24.36
16:16:54.990 , mppoctht, 48231.00, -0.12, 1.02, 20.57, 0.19, 24.30, 38.82, 24.36
16:16:54.992 , mppoctht, 48267.00, -0.31, 0.78, 20.57, 0.19, 24.30, 38.82, 24.36
16:16:54.993 , mppoctht, 48303.00, -0.31, 0.93, 20.57, 0.19, 24.30, 38.82, 24.36
16:16:54.996 , mppoctht, 48339.00, -0.13, 0.75, 20.57, 0.19, 24.30, 38.82, 24.36
16:17:00.773 , mppoctht, 48375.00, -0.31, 0.67, 20.54, 0.05, 24.31, 38.81, 24.36
16:17:00.778 , mppoctht, 48414.00, -0.31, 0.44, 20.54, 0.05, 24.31, 38.81, 24.36
16:17:00.778 , mppoctht, 48451.00, -0.31, 0.53, 20.54, 0.05, 24.31, 38.81, 24.36
16:17:00.778 , mppoctht, 48487.00, -0.31, 0.49, 20.54, 0.05, 24.31, 38.81, 24.36
16:17:00.780 , mppoctht, 48526.00, -0.31, 0.44, 20.54, 0.21, 24.33, 38.81, 24.36
16:17:00.809 , mppoctht, 48563.00, -0.13, 0.53, 20.54, 0.21, 24.33, 38.81, 24.36
16:17:00.810 , mppoctht, 48601.00, 0.09, 0.36, 20.54, 0.21, 24.33, 38.81, 24.36
16:17:00.812 , mppoctht, 48640.00, 0.09, 0.53, 20.54, 0.21, 24.33, 38.81, 24.36
16:17:00.812 , mppoctht, 48676.00, -0.12, 0.49, 20.51, 0.02, 24.34, 38.85, 24.36
16:17:00.815 , mppoctht, 48712.00, -1.06, 0.44, 20.51, 0.02, 24.34, 38.85, 24.36
16:17:00.817 , mppoctht, 48749.00, 0.17, 0.67, 20.51, 0.02, 24.34, 38.85, 24.36
16:17:00.822 , mppoctht, 48786.00, -1.06, 0.44, 20.51, 0.02, 24.34, 38.85, 24.36
16:17:00.846 , mppoctht, 48825.00, 0.09, 0.62, 20.51, 0.02, 24.34, 38.85, 24.36
16:17:00.876 , mppoctht, 48862.00, -1.25, 0.58, 20.51, 0.52, 24.38, 39.11, 24.36
16:17:00.895 , mppoctht, 48898.00, 0.09, 0.71, 20.51, 0.52, 24.38, 39.11, 24.36
16:17:00.909 , mppoctht, 48935.00, -0.13, 0.49, 20.51, 0.52, 24.38, 39.11, 24.36
16:17:00.909 , mppoctht, 48973.00, -0.50, 0.36, 20.51, 0.52, 24.38, 39.11, 24.36
16:17:00.910 , mppoctht, 49009.00, -0.31, 0.31, 20.51, 0.52, 24.38, 39.11, 24.36
16:17:00.912 , mppoctht, 49045.00, -0.31, 0.36, 20.45, 0.89, 24.41, 39.63, 24.37
16:17:00.913 , mppoctht, 49081.00, -0.31, 0.49, 20.45, 0.89, 24.41, 39.63, 24.37
16:17:00.927 , mppoctht, 49117.00, -0.31, 0.49, 20.45, 0.89, 24.41, 39.63, 24.37
16:17:00.927 , mppoctht, 49154.00, -0.31, 0.53, 20.45, 0.89, 24.41, 39.63, 24.37
16:17:00.927 , mppoctht, 49192.00, -0.31, 0.62, 20.36, 1.10, 24.44, 40.46, 24.36
16:17:00.961 , mppoctht, 49228.00, -0.31, 0.58, 20.36, 1.10, 24.44, 40.46, 24.36
16:17:00.963 , mppoctht, 49264.00, -0.31, 0.53, 20.36, 1.10, 24.44, 40.46, 24.36
16:17:00.977 , mppoctht, 49300.00, -0.31, 0.62, 20.36, 1.10, 24.44, 40.46, 24.37
16:17:01.046 , mppoctht, 49336.00, -0.13, 0.62, 20.36, 1.10, 24.44, 40.46, 24.37
16:17:01.047 , mppoctht, 49372.00, -0.31, 0.40, 20.33, 1.57, 24.48, 41.52, 24.37
16:17:01.062 , mppoctht, 49408.00, -0.13, 0.49, 20.33, 1.57, 24.48, 41.52, 24.37
16:17:01.064 , mppoctht, 49444.00, -0.31, 0.49, 20.33, 1.57, 24.48, 41.52, 24.37
16:17:01.065 , mppoctht, 49480.00, -0.13, 0.53, 20.33, 1.57, 24.48, 41.52, 24.37
16:17:01.068 , mppoctht, 49516.00, -0.13, 0.62, 20.21, 2.11, 24.48, 42.59, 24.37
16:17:01.070 , mppoctht, 49552.00, -0.31, 0.31, 20.21, 2.11, 24.48, 42.59, 24.37
16:17:01.071 , mppoctht, 49588.00, -0.31, 0.36, 20.21, 2.11, 24.48, 42.59, 24.37
16:17:01.101 , mppoctht, 49624.00, -0.31, 0.31, 20.21, 2.11, 24.48, 42.59, 24.37
16:17:01.112 , mppoctht, 49660.00, -0.31, 0.20, 20.12, 2.65, 24.51, 43.86, 24.37
16:17:01.112 , mppoctht, 49696.00, -0.31, 0.20, 20.12, 2.65, 24.51, 43.86, 24.36
16:17:01.114 , mppoctht, 49732.00, -0.31, 0.10, 20.12, 2.65, 24.51, 43.86, 24.36
16:17:01.114 , mppoctht, 49769.00, -0.31, 0.00, 20.12, 2.65, 24.51, 43.86, 24.37
16:17:01.119 , mppoctht, 49805.00, -0.13, -0.08, 20.03, 3.00, 24.55, 45.19, 24.37
16:17:01.123 , mppoctht, 49841.00, -0.31, -0.08, 20.03, 3.00, 24.55, 45.19, 24.37
16:17:01.148 , mppoctht, 49877.00, -0.31, -0.08, 20.03, 3.00, 24.55, 45.19, 24.37
16:17:01.173 , mppoctht, 49914.00, -0.31, -0.08, 20.03, 3.00, 24.55, 45.19, 24.37
16:17:01.174 , mppoctht, 49950.00, -0.31, -0.08, 20.03, 3.00, 24.55, 45.19, 24.37
16:17:01.174 , mppoctht, 49986.00, -0.31, -0.08, 19.88, 2.89, 24.57, 46.67, 24.37
16:17:01.175 , mppoctht, 50022.00, -0.31, -0.08, 19.88, 2.89, 24.57, 46.67, 24.37
16:17:01.201 , mppoctht, 50058.00, -0.31, -0.45, 19.88, 2.89, 24.57, 46.67, 24.37
16:17:01.208 , mppoctht, 50094.00, -0.31, -0.45, 19.88, 2.89, 24.57, 46.67, 24.37
16:17:01.211 , mppoctht, 50130.00, 0.09, -0.65, 19.72, 2.58, 24.58, 48.03, 24.37
16:17:01.211 , mppoctht, 50166.00, 0.37, -0.26, 19.72, 2.58, 24.58, 48.03, 24.37
16:17:01.211 , mppoctht, 50202.00, 0.09, -0.26, 19.72, 2.58, 24.58, 48.03, 24.37
16:17:01.212 , mppoctht, 50238.00, -0.03, -0.26, 19.72, 2.58, 24.58, 48.03, 24.37
16:17:01.224 , mppoctht, 50274.00, 0.21, -0.26, 19.60, 2.88, 24.59, 49.33, 24.37
16:17:01.250 , mppoctht, 50310.00, 0.25, -0.26, 19.60, 2.88, 24.59, 49.33, 24.37
16:17:01.251 , mppoctht, 50347.00, 0.21, -0.26, 19.60, 2.88, 24.59, 49.33, 24.37
16:17:01.254 , mppoctht, 50384.00, 0.13, -0.26, 19.60, 2.88, 24.59, 49.33, 24.37
16:17:01.256 , mppoctht, 50420.00, 0.33, -0.26, 19.49, 3.28, 24.59, 50.60, 24.37
16:17:01.258 , mppoctht, 50456.00, 0.41, -0.26, 19.49, 3.28, 24.59, 50.60, 24.37
16:17:01.272 , mppoctht, 50492.00, 0.45, -0.26, 19.49, 3.28, 24.59, 50.60, 24.37
16:17:01.274 , mppoctht, 50528.00, 0.45, -0.26, 19.49, 3.28, 24.59, 50.60, 24.37
16:17:01.274 , mppoctht, 50564.00, 0.83, -0.26, 19.37, 3.63, 24.61, 51.84, 24.37
16:17:01.276 , mppoctht, 50600.00, 1.04, -0.26, 19.37, 3.63, 24.61, 51.84, 24.37
16:17:01.284 , mppoctht, 50636.00, 1.37, -0.26, 19.37, 3.63, 24.61, 51.84, 24.37
16:17:01.309 , mppoctht, 50672.00, 1.65, -0.26, 19.37, 3.63, 24.61, 51.84, 24.37
16:17:01.310 , mppoctht, 50708.00, 2.03, -0.26, 19.37, 3.63, 24.61, 51.84, 24.37
16:17:01.312 , mppoctht, 50744.00, 2.28, -0.26, 19.28, 3.41, 24.61, 53.03, 24.38
16:17:01.314 , mppoctht, 50780.00, 2.69, -0.26, 19.28, 3.41, 24.61, 53.03, 24.38
16:17:01.315 , mppoctht, 50816.00, 2.65, -0.26, 19.28, 3.41, 24.61, 53.03, 24.37
16:17:01.315 , mppoctht, 50852.00, 2.82, -0.26, 19.28, 3.41, 24.61, 53.03, 24.37
16:17:01.317 , mppoctht, 50888.00, 2.65, -0.26, 19.10, 3.31, 24.66, 54.16, 24.37
16:17:01.325 , mppoctht, 50924.00, 2.65, -0.26, 19.10, 3.31, 24.66, 54.16, 24.37
16:17:01.349 , mppoctht, 50960.00, 3.06, -0.26, 19.10, 3.31, 24.66, 54.16, 24.37
16:17:01.349 , mppoctht, 50996.00, 3.40, -0.26, 19.10, 3.31, 24.66, 54.16, 24.37
16:17:01.351 , mppoctht, 51032.00, 3.60, -0.26, 19.01, 3.35, 24.63, 55.10, 24.37
16:17:01.351 , mppoctht, 51068.00, 3.31, -0.26, 19.01, 3.35, 24.63, 55.10, 24.37
16:17:01.353 , mppoctht, 51104.00, 3.18, -0.26, 19.01, 3.35, 24.63, 55.10, 24.37
16:17:01.353 , mppoctht, 51140.00, 3.47, -0.26, 19.01, 3.35, 24.63, 55.10, 24.37
16:17:01.364 , mppoctht, 51176.00, 3.18, -0.26, 18.89, 3.39, 24.65, 55.95, 24.37
16:17:01.374 , mppoctht, 51212.00, 3.31, -0.26, 18.89, 3.39, 24.65, 55.95, 24.37
16:17:01.376 , mppoctht, 51251.00, 3.10, -0.26, 18.89, 3.39, 24.65, 55.95, 24.37
16:17:01.377 , mppoctht, 51288.00, 3.10, -0.26, 18.89, 3.39, 24.65, 55.95, 24.37
16:17:01.381 , mppoctht, 51324.00, 3.06, -0.26, 18.77, 3.30, 24.67, 56.75, 24.37
16:17:01.386 , mppoctht, 51360.00, 3.28, -0.26, 18.77, 3.30, 24.67, 56.75, 24.37
16:17:01.414 , mppoctht, 51396.00, 2.78, -0.26, 18.77, 3.30, 24.67, 56.75, 24.38
16:17:01.415 , mppoctht, 51432.00, 2.78, -0.26, 18.77, 3.30, 24.67, 56.75, 24.38
16:17:01.416 , mppoctht, 51468.00, 2.52, -0.26, 18.65, 3.29, 24.68, 57.49, 24.38
16:17:01.416 , mppoctht, 51504.00, 2.60, -0.26, 18.65, 3.29, 24.68, 57.49, 24.38
16:17:01.417 , mppoctht, 51541.00, 2.52, -0.26, 18.65, 3.29, 24.68, 57.49, 24.37
16:17:01.449 , mppoctht, 51577.00, 2.28, -0.26, 18.65, 3.29, 24.68, 57.49, 24.37
16:17:01.466 , mppoctht, 51613.00, 1.95, -0.26, 18.65, 3.29, 24.68, 57.49, 24.38
16:17:01.468 , mppoctht, 51649.00, 1.49, -0.26, 18.59, 3.37, 24.68, 58.16, 24.38
16:17:01.468 , mppoctht, 51685.00, 1.24, -0.26, 18.59, 3.37, 24.68, 58.16, 24.38
16:17:01.471 , mppoctht, 51721.00, 1.37, -0.26, 18.59, 3.37, 24.68, 58.16, 24.38
16:17:01.471 , mppoctht, 51757.00, 1.53, -0.26, 18.59, 3.37, 24.68, 58.16, 24.38
16:17:01.479 , mppoctht, 51793.00, 1.24, -0.26, 18.47, 3.16, 24.69, 58.80, 24.38
16:17:01.502 , mppoctht, 51829.00, 1.04, -0.26, 18.47, 3.16, 24.69, 58.80, 24.38
16:17:01.505 , mppoctht, 51865.00, 0.75, -0.26, 18.47, 3.16, 24.69, 58.80, 24.38
16:17:01.505 , mppoctht, 51901.00, 0.41, -0.26, 18.47, 3.16, 24.69, 58.80, 24.38
16:17:01.505 , mppoctht, 51937.00, 0.33, -0.26, 18.38, 3.67, 24.70, 59.32, 24.38
16:17:01.508 , mppoctht, 51973.00, 0.09, -0.26, 18.38, 3.67, 24.70, 59.32, 24.38
16:17:01.530 , mppoctht, 52009.00, -0.88, -0.26, 18.38, 3.67, 24.70, 59.32, 24.38
16:17:01.540 , mppoctht, 52045.00, -0.69, -0.26, 18.38, 3.67, 24.70, 59.32, 24.38
16:17:01.566 , mppoctht, 52081.00, -0.13, -0.26, 18.29, 3.20, 24.69, 59.86, 24.38
16:17:01.568 , mppoctht, 52117.00, -0.50, -0.26, 18.29, 3.20, 24.69, 59.86, 24.38
16:17:01.569 , mppoctht, 52156.00, -0.03, -0.26, 18.29, 3.20, 24.69, 59.86, 24.38
16:17:01.570 , mppoctht, 52193.00, -0.13, -0.26, 18.29, 3.20, 24.69, 59.86, 24.38
16:17:01.572 , mppoctht, 52229.00, -0.13, -0.26, 18.20, 3.06, 24.70, 60.32, 24.38
16:17:01.574 , mppoctht, 52265.00, -0.03, -0.26, 18.20, 3.06, 24.70, 60.32, 24.38
16:17:01.575 , mppoctht, 52301.00, -0.50, -0.26, 18.20, 3.06, 24.70, 60.32, 24.38
16:17:01.597 , mppoctht, 52337.00, -0.50, -0.26, 18.20, 3.06, 24.70, 60.32, 24.38
16:17:01.610 , mppoctht, 52373.00, -0.50, -0.26, 18.11, 3.46, 24.74, 60.74, 24.38
16:17:01.611 , mppoctht, 52409.00, -0.50, -0.08, 18.11, 3.46, 24.74, 60.74, 24.38
16:17:01.613 , mppoctht, 52445.00, -0.31, 0.15, 18.11, 3.46, 24.74, 60.74, 24.38
16:17:01.613 , mppoctht, 52481.00, -0.31, 0.23, 18.11, 3.46, 24.74, 60.74, 24.38
16:17:01.614 , mppoctht, 52517.00, -0.31, 0.40, 18.11, 3.46, 24.74, 60.74, 24.38
16:17:01.614 , mppoctht, 52553.00, -0.31, 0.62, 18.05, 3.67, 24.75, 61.11, 24.38
16:17:01.618 , mppoctht, 52589.00, -0.31, 0.97, 18.05, 3.67, 24.75, 61.11, 24.38
16:17:01.618 , mppoctht, 52625.00, -0.31, 1.18, 18.05, 3.67, 24.75, 61.11, 24.38
16:17:01.625 , mppoctht, 52661.00, -0.13, 1.23, 18.05, 3.67, 24.75, 61.11, 24.38
16:17:01.653 , mppoctht, 52697.00, -0.13, 1.14, 17.96, 3.17, 24.74, 61.45, 24.38
16:17:01.677 , mppoctht, 52733.00, -0.31, 1.40, 17.96, 3.17, 24.74, 61.45, 24.38
16:17:01.695 , mppoctht, 52769.00, -0.31, 1.14, 17.96, 3.17, 24.74, 61.45, 24.38
16:17:01.697 , mppoctht, 52805.00, -0.13, 0.88, 17.96, 3.17, 24.74, 61.45, 24.38
16:17:01.697 , mppoctht, 52841.00, -0.31, 0.97, 17.90, 2.31, 24.76, 61.78, 24.38
16:17:01.698 , mppoctht, 52877.00, -0.31, 0.88, 17.90, 2.31, 24.76, 61.78, 24.38
16:17:01.701 , mppoctht, 52913.00, -0.13, 0.88, 17.90, 2.31, 24.76, 61.78, 24.38
16:17:01.710 , mppoctht, 52949.00, -0.31, 0.83, 17.90, 2.31, 24.76, 61.78, 24.38
16:17:01.713 , mppoctht, 52985.00, -0.31, 0.83, 17.90, 1.51, 24.78, 62.11, 24.38
16:17:01.713 , mppoctht, 53021.00, -0.31, 0.79, 17.90, 1.51, 24.78, 62.11, 24.38
16:17:01.716 , mppoctht, 53057.00, -0.31, 1.02, 17.90, 1.51, 24.78, 62.11, 24.38
16:17:01.716 , mppoctht, 53093.00, -0.31, 0.79, 17.90, 1.51, 24.78, 62.11, 24.38
16:17:01.749 , mppoctht, 53129.00, -0.13, 0.88, 17.90, 2.04, 24.82, 62.42, 24.38
16:17:01.751 , mppoctht, 53165.00, -0.31, 0.93, 17.90, 2.04, 24.82, 62.42, 24.38
16:17:01.752 , mppoctht, 53201.00, -0.31, 0.83, 17.90, 2.04, 24.82, 62.42, 24.38
16:17:01.753 , mppoctht, 53237.00, -0.31, 0.97, 17.90, 2.04, 24.82, 62.42, 24.38
16:17:01.753 , mppoctht, 53273.00, -0.31, 0.88, 17.90, 2.04, 24.82, 62.42, 24.38
16:17:01.757 , mppoctht, 53309.00, -0.31, 0.88, 17.93, 1.86, 24.82, 62.82, 24.38
16:17:01.771 , mppoctht, 53345.00, -0.31, 0.93, 17.93, 1.86, 24.82, 62.82, 24.38
16:17:01.775 , mppoctht, 53381.00, -0.31, 1.06, 17.93, 1.86, 24.82, 62.82, 24.38
16:17:01.775 , mppoctht, 53417.00, -0.31, 0.93, 17.93, 1.86, 24.82, 62.82, 24.38
16:17:01.781 , mppoctht, 53453.00, -0.13, 0.97, 17.90, 2.54, 24.86, 63.36, 24.38
16:17:01.783 , mppoctht, 53489.00, -0.31, 1.14, 17.90, 2.54, 24.86, 63.36, 24.38
16:17:01.786 , mppoctht, 53525.00, -0.31, 1.02, 17.90, 2.54, 24.86, 63.36, 24.38
16:17:01.813 , mppoctht, 53561.00, -0.13, 1.27, 17.90, 2.54, 24.86, 63.36, 24.38
16:17:01.813 , mppoctht, 53597.00, -0.31, 1.27, 17.90, 2.79, 24.88, 63.91, 24.38
16:17:01.824 , mppoctht, 53633.00, -0.31, 1.18, 17.90, 2.79, 24.88, 63.91, 24.39
16:17:01.826 , mppoctht, 53669.00, -0.31, 1.31, 17.90, 2.79, 24.88, 63.91, 24.39
16:17:01.828 , mppoctht, 53705.00, -0.31, 1.62, 17.90, 2.79, 24.88, 63.91, 24.38
16:17:01.830 , mppoctht, 53741.00, -0.13, 1.23, 17.90, 3.13, 24.91, 64.57, 24.38
16:17:01.830 , mppoctht, 53777.00, -0.31, 1.75, 17.90, 3.13, 24.91, 64.57, 24.38
16:17:01.863 , mppoctht, 53815.00, -0.31, 1.70, 17.90, 3.13, 24.91, 64.57, 24.39
16:17:01.869 , mppoctht, 53852.00, -0.31, 1.45, 17.90, 3.13, 24.91, 64.57, 24.39
16:17:01.871 , mppoctht, 53888.00, -0.31, 1.40, 17.87, 3.66, 24.94, 65.30, 24.39
16:17:01.872 , mppoctht, 53924.00, -0.31, 1.10, 17.87, 3.66, 24.94, 65.30, 24.39
16:17:01.873 , mppoctht, 53960.00, -0.31, 0.93, 17.87, 3.66, 24.94, 65.30, 24.39
16:17:01.908 , mppoctht, 53996.00, -0.31, 1.06, 17.87, 3.66, 24.94, 65.30, 24.39
16:17:01.912 , mppoctht, 54032.00, -0.31, 1.14, 17.81, 4.05, 24.98, 66.08, 24.39
16:17:01.913 , mppoctht, 54068.00, -0.31, 0.79, 17.81, 4.05, 24.98, 66.08, 24.39
16:17:01.925 , mppoctht, 54105.00, -0.13, 0.75, 17.81, 4.05, 24.98, 66.08, 24.39
16:17:01.974 , mppoctht, 54141.00, -0.13, 0.62, 17.81, 4.05, 24.98, 66.08, 24.39
16:17:01.976 , mppoctht, 54177.00, -0.31, 0.62, 17.81, 4.05, 24.98, 66.08, 24.39
16:17:06.906 , mppoctht, 54214.00, -0.31, 0.62, 17.78, 3.92, 25.00, 66.93, 24.39
16:17:06.956 , mppoctht, 54251.00, -0.13, 0.57, 17.78, 3.92, 25.00, 66.93, 24.39
16:17:06.957 , mppoctht, 54288.00, -0.31, 0.67, 17.78, 3.92, 25.00, 66.93, 24.39
16:17:06.978 , mppoctht, 54324.00, -0.31, 0.53, 17.78, 3.92, 25.00, 66.93, 24.39
16:17:07.029 , mppoctht, 54360.00, -0.13, 0.67, 17.72, 4.14, 25.05, 67.83, 24.39
16:17:07.055 , mppoctht, 54396.00, -0.13, 0.62, 17.72, 4.14, 25.05, 67.83, 24.39
16:17:07.055 , mppoctht, 54432.00, -0.31, 0.71, 17.72, 4.14, 25.05, 67.83, 24.39
16:17:07.057 , mppoctht, 54468.00, -0.31, 0.71, 17.72, 4.14, 25.05, 67.83, 24.39
16:17:07.058 , mppoctht, 54504.00, -0.31, 0.40, 17.66, 4.39, 25.07, 68.70, 24.39
16:17:07.086 , mppoctht, 54540.00, -0.13, 0.23, 17.66, 4.39, 25.07, 68.70, 24.39
16:17:07.087 , mppoctht, 54576.00, -0.31, 0.15, 17.66, 4.39, 25.07, 68.70, 24.39
16:17:07.090 , mppoctht, 54612.00, -0.31, 0.00, 17.66, 4.39, 25.07, 68.70, 24.39
16:17:07.090 , mppoctht, 54648.00, -0.31, 0.15, 17.60, 4.46, 25.08, 69.53, 24.39
16:17:07.090 , mppoctht, 54684.00, -0.13, 0.20, 17.60, 4.46, 25.08, 69.53, 24.39
16:17:07.092 , mppoctht, 54723.00, -0.13, 0.00, 17.60, 4.46, 25.08, 69.53, 24.39
16:17:07.098 , mppoctht, 54760.00, -0.31, -0.85, 17.60, 4.46, 25.08, 69.53, 24.39
16:17:07.124 , mppoctht, 54796.00, -0.03, -0.85, 17.54, 4.66, 25.09, 70.37, 24.39
16:17:07.158 , mppoctht, 54832.00, 0.13, -0.26, 17.54, 4.66, 25.09, 70.37, 24.39
16:17:07.158 , mppoctht, 54868.00, 0.09, -0.26, 17.54, 4.66, 25.09, 70.37, 24.39
16:17:07.174 , mppoctht, 54904.00, 0.09, -0.26, 17.54, 4.66, 25.09, 70.37, 24.39
16:17:07.174 , mppoctht, 54940.00, 0.67, -0.26, 17.45, 4.58, 25.07, 71.19, 24.39
16:17:07.176 , mppoctht, 54976.00, 1.12, -0.26, 17.45, 4.58, 25.07, 71.19, 24.39
16:17:07.176 , mppoctht, 55012.00, 0.45, -0.26, 17.45, 4.58, 25.07, 71.19, 24.39
16:17:07.181 , mppoctht, 55050.00, 0.25, -0.26, 17.45, 4.58, 25.07, 71.19, 24.39
16:17:07.182 , mppoctht, 55087.00, 0.17, -0.26, 17.39, 4.86, 25.09, 71.96, 24.39
16:17:07.202 , mppoctht, 55125.00, 0.25, -0.26, 17.39, 4.86, 25.09, 71.96, 24.39
16:17:07.203 , mppoctht, 55162.00, 0.45, -0.26, 17.39, 4.86, 25.09, 71.96, 24.39
16:17:07.226 , mppoctht, 55199.00, 0.58, -0.26, 17.39, 4.86, 25.09, 71.96, 24.39
16:17:07.251 , mppoctht, 55238.00, 0.54, -0.26, 17.39, 4.86, 25.09, 71.96, 24.39
16:17:07.277 , mppoctht, 55274.00, 0.82, -0.26, 17.33, 4.84, 25.11, 72.78, 24.39
16:17:07.277 , mppoctht, 55310.00, 0.78, -0.26, 17.33, 4.84, 25.11, 72.78, 24.39
16:17:07.279 , mppoctht, 55346.00, 0.82, -0.26, 17.33, 4.84, 25.11, 72.78, 24.39
16:17:07.280 , mppoctht, 55385.00, 0.75, -0.26, 17.33, 4.84, 25.11, 72.78, 24.39
16:17:07.305 , mppoctht, 55422.00, 1.12, -0.26, 17.27, 4.95, 25.11, 73.67, 24.39
16:17:07.306 , mppoctht, 55458.00, 1.53, -0.26, 17.27, 4.95, 25.11, 73.67, 24.39
16:17:07.307 , mppoctht, 55494.00, 2.03, -0.26, 17.27, 4.95, 25.11, 73.67, 24.39
16:17:07.308 , mppoctht, 55532.00, 2.28, -0.26, 17.27, 4.95, 25.11, 73.67, 24.39
16:17:07.310 , mppoctht, 55569.00, 2.78, -0.26, 17.27, 4.95, 25.11, 73.67, 24.39
16:17:07.312 , mppoctht, 55605.00, 3.23, -0.26, 17.18, 4.95, 25.11, 74.37, 24.39
16:17:07.341 , mppoctht, 55645.00, 3.69, -0.26, 17.18, 4.95, 25.11, 74.37, 24.39
16:17:07.354 , mppoctht, 55684.00, 4.35, -0.26, 17.18, 4.95, 25.11, 74.37, 24.39
16:17:07.354 , mppoctht, 55722.00, 4.18, -0.26, 17.18, 4.95, 25.11, 74.37, 24.40
16:17:07.356 , mppoctht, 55758.00, 4.64, -0.26, 17.09, 4.70, 25.09, 75.02, 24.40
16:17:07.357 , mppoctht, 55794.00, 4.85, -0.26, 17.09, 4.70, 25.09, 75.02, 24.39
16:17:07.358 , mppoctht, 55832.00, 4.51, -0.26, 17.09, 4.70, 25.09, 75.02, 24.39
16:17:07.401 , mppoctht, 55870.00, 4.56, -0.26, 17.09, 4.70, 25.09, 75.02, 24.39
16:17:07.401 , mppoctht, 55906.00, 4.56, -0.26, 17.09, 4.70, 25.09, 75.02, 24.39
16:17:07.403 , mppoctht, 55944.00, 3.94, -0.26, 17.09, 4.70, 25.09, 75.02, 24.39
16:17:07.404 , mppoctht, 55982.00, 3.89, -0.26, 17.03, 4.95, 25.09, 75.65, 24.40
16:17:07.404 , mppoctht, 56021.00, 3.81, -0.26, 17.03, 4.95, 25.09, 75.65, 24.40
16:17:07.405 , mppoctht, 56059.00, 3.44, -0.26, 17.03, 4.95, 25.09, 75.65, 24.39
16:17:07.413 , mppoctht, 56095.00, 2.98, -0.26, 17.03, 4.95, 25.09, 75.65, 24.39
16:17:07.437 , mppoctht, 56133.00, 3.36, -0.26, 16.97, 4.53, 25.11, 76.31, 24.39
16:17:07.440 , mppoctht, 56171.00, 3.06, -0.26, 16.97, 4.53, 25.11, 76.31, 24.40
16:17:07.442 , mppoctht, 56207.00, 3.44, -0.26, 16.97, 4.53, 25.11, 76.31, 24.40
16:17:07.444 , mppoctht, 56243.00, 3.28, -0.26, 16.97, 4.53, 25.11, 76.31, 24.40
16:17:07.446 , mppoctht, 56279.00, 3.15, -0.26, 16.91, 4.64, 25.11, 76.75, 24.40
16:17:07.474 , mppoctht, 56315.00, 3.06, -0.26, 16.91, 4.64, 25.11, 76.75, 24.40
16:17:07.486 , mppoctht, 56351.00, 2.94, -0.26, 16.91, 4.64, 25.11, 76.75, 24.40
16:17:07.489 , mppoctht, 56388.00, 2.57, -0.26, 16.91, 4.64, 25.11, 76.75, 24.40
16:17:07.489 , mppoctht, 56424.00, 2.37, -0.26, 16.91, 4.64, 25.11, 76.75, 24.40
16:17:07.491 , mppoctht, 56460.00, 2.65, -0.26, 16.85, 4.90, 25.11, 77.13, 24.40
16:17:07.493 , mppoctht, 56496.00, 3.15, -0.26, 16.85, 4.90, 25.11, 77.13, 24.40
16:17:07.497 , mppoctht, 56532.00, 3.10, -0.26, 16.85, 4.90, 25.11, 77.13, 24.40
16:17:07.547 , mppoctht, 56568.00, 2.73, -0.26, 16.85, 4.90, 25.11, 77.13, 24.40
16:17:07.556 , mppoctht, 56604.00, 2.07, -0.26, 16.83, 4.77, 25.11, 77.43, 24.40
16:17:07.556 , mppoctht, 56640.00, 1.78, -0.26, 16.83, 4.77, 25.11, 77.43, 24.40
16:17:07.556 , mppoctht, 56676.00, 1.82, -0.26, 16.83, 4.77, 25.11, 77.43, 24.40
16:17:07.557 , mppoctht, 56712.00, 1.95, -0.26, 16.83, 4.77, 25.11, 77.43, 24.40
16:17:07.559 , mppoctht, 56748.00, 1.45, -0.26, 16.73, 4.71, 25.11, 77.74, 24.40
16:17:07.561 , mppoctht, 56784.00, 1.33, -0.26, 16.73, 4.71, 25.11, 77.74, 24.40
16:17:07.562 , mppoctht, 56821.00, 0.96, -0.26, 16.73, 4.71, 25.11, 77.74, 24.40
16:17:07.566 , mppoctht, 56858.00, 0.62, -0.26, 16.73, 4.71, 25.11, 77.74, 24.40
16:17:07.566 , mppoctht, 56894.00, 0.17, -0.26, 16.70, 4.79, 25.11, 77.96, 24.40
16:17:07.585 , mppoctht, 56930.00, 0.13, -0.26, 16.70, 4.79, 25.11, 77.96, 24.40
16:17:07.585 , mppoctht, 56966.00, -0.13, -0.26, 16.70, 4.79, 25.11, 77.96, 24.40
16:17:07.587 , mppoctht, 57002.00, -0.13, -0.26, 16.70, 4.79, 25.11, 77.96, 24.40
16:17:07.610 , mppoctht, 57038.00, -1.25, -0.26, 16.67, 4.98, 25.13, 78.20, 24.40
16:17:07.623 , mppoctht, 57074.00, -0.88, -0.26, 16.67, 4.98, 25.13, 78.20, 24.40
16:17:07.625 , mppoctht, 57110.00, -1.25, -0.85, 16.67, 4.98, 25.13, 78.20, 24.40
16:17:07.716 , mppoctht, 57147.00, -0.31, -0.08, 16.67, 4.98, 25.13, 78.20, 24.40
16:17:07.716 , mppoctht, 57183.00, -0.31, -0.45, 16.62, 4.93, 25.15, 78.41, 24.40
16:17:07.718 , mppoctht, 57219.00, -0.31, -0.45, 16.62, 4.93, 25.15, 78.41, 24.40
16:17:07.719 , mppoctht, 57255.00, -0.13, -0.26, 16.62, 4.93, 25.15, 78.41, 24.40
16:17:07.738 , mppoctht, 57292.00, -0.03, -0.26, 16.62, 4.93, 25.15, 78.41, 24.40
16:17:07.754 , mppoctht, 57328.00, -0.69, -0.26, 16.62, 4.93, 25.15, 78.41, 24.40
16:17:07.755 , mppoctht, 57364.00, -0.13, -0.08, 16.55, 4.79, 25.15, 78.57, 24.41
16:17:07.758 , mppoctht, 57400.00, -0.13, 0.15, 16.55, 4.79, 25.15, 78.57, 24.40
16:17:07.760 , mppoctht, 57436.00, -0.31, 0.75, 16.55, 4.79, 25.15, 78.57, 24.40
16:17:07.760 , mppoctht, 57472.00, -0.31, 1.66, 16.55, 4.79, 25.15, 78.57, 24.40
16:17:07.761 , mppoctht, 57508.00, -0.31, 2.48, 16.52, 5.13, 25.13, 78.72, 24.40
16:17:07.762 , mppoctht, 57544.00, -0.31, 2.65, 16.52, 5.13, 25.13, 78.72, 24.40
16:17:07.770 , mppoctht, 57580.00, -0.31, 2.79, 16.52, 5.13, 25.13, 78.72, 24.40
16:17:07.794 , mppoctht, 57616.00, -0.50, 2.31, 16.52, 5.13, 25.13, 78.72, 24.40
16:17:07.819 , mppoctht, 57652.00, -0.13, 2.61, 16.49, 3.33, 25.14, 78.82, 24.40
16:17:07.863 , mppoctht, 57688.00, -0.31, 2.44, 16.49, 3.33, 25.14, 78.82, 24.40
16:17:07.864 , mppoctht, 57725.00, -0.31, 1.75, 16.49, 3.33, 25.14, 78.82, 24.40
16:17:07.866 , mppoctht, 57762.00, -0.31, 1.97, 16.49, 3.33, 25.14, 78.82, 24.40
16:17:07.867 , mppoctht, 57798.00, -0.31, 1.92, 16.49, 2.37, 25.17, 78.95, 24.40
16:17:07.868 , mppoctht, 57834.00, -0.13, 1.97, 16.49, 2.37, 25.17, 78.95, 24.40
16:17:07.868 , mppoctht, 57870.00, -0.31, 1.53, 16.49, 2.37, 25.17, 78.95, 24.40
16:17:07.870 , mppoctht, 57906.00, -0.31, 1.40, 16.49, 2.37, 25.17, 78.95, 24.40
16:17:07.871 , mppoctht, 57942.00, -0.31, 1.31, 16.49, 2.44, 25.19, 79.05, 24.40
16:17:07.871 , mppoctht, 57978.00, -0.31, 1.45, 16.49, 2.44, 25.19, 79.05, 24.40
16:17:07.880 , mppoctht, 58014.00, -0.31, 1.40, 16.49, 2.44, 25.19, 79.05, 24.40
16:17:07.903 , mppoctht, 58050.00, -0.31, 1.23, 16.49, 2.44, 25.19, 79.05, 24.41
16:17:07.905 , mppoctht, 58086.00, -0.31, 1.36, 16.49, 2.44, 25.19, 79.05, 24.41
16:17:07.907 , mppoctht, 58122.00, -0.13, 1.23, 16.58, 2.41, 25.21, 79.19, 24.41
16:17:07.908 , mppoctht, 58158.00, -0.31, 1.18, 16.58, 2.41, 25.21, 79.19, 24.41
16:17:07.909 , mppoctht, 58194.00, -0.31, 1.02, 16.58, 2.41, 25.21, 79.19, 24.41
16:17:07.916 , mppoctht, 58230.00, -0.31, 1.18, 16.58, 2.41, 25.21, 79.19, 24.41
16:17:07.938 , mppoctht, 58266.00, -0.13, 1.06, 16.58, 2.99, 25.25, 79.35, 24.41
16:17:07.963 , mppoctht, 58302.00, -0.31, 0.88, 16.58, 2.99, 25.25, 79.35, 24.41
16:17:07.983 , mppoctht, 58338.00, -0.31, 0.71, 16.58, 2.99, 25.25, 79.35, 24.41
16:17:07.985 , mppoctht, 58374.00, -0.31, 0.71, 16.58, 2.99, 25.25, 79.35, 24.41
16:17:07.986 , mppoctht, 58410.00, -0.13, 0.67, 16.64, 3.32, 25.26, 79.60, 24.41
16:17:07.988 , mppoctht, 58446.00, -0.31, 0.71, 16.64, 3.32, 25.26, 79.60, 24.41
16:17:07.988 , mppoctht, 58482.00, -0.31, 0.71, 16.64, 3.32, 25.26, 79.60, 24.41
16:17:07.990 , mppoctht, 58518.00, -0.31, 0.71, 16.64, 3.32, 25.26, 79.60, 24.41
16:17:07.991 , mppoctht, 58554.00, -0.13, 0.67, 16.67, 3.16, 25.28, 79.89, 24.41
16:17:07.991 , mppoctht, 58590.00, -0.13, 0.83, 16.67, 3.16, 25.28, 79.89, 24.41
16:17:07.993 , mppoctht, 58628.00, -0.31, 0.67, 16.67, 3.16, 25.28, 79.89, 24.41
16:17:08.006 , mppoctht, 58665.00, -0.31, 0.67, 16.67, 3.16, 25.28, 79.89, 24.41
16:17:08.025 , mppoctht, 58701.00, -0.31, 0.83, 16.67, 3.68, 25.34, 80.21, 24.41
16:17:08.056 , mppoctht, 58737.00, -0.13, 0.67, 16.67, 3.68, 25.34, 80.21, 24.41
16:17:08.057 , mppoctht, 58773.00, -0.13, 0.62, 16.67, 3.68, 25.34, 80.21, 24.41
16:17:08.058 , mppoctht, 58809.00, -0.13, 0.53, 16.67, 3.68, 25.34, 80.21, 24.41
16:17:08.059 , mppoctht, 58845.00, -0.31, 0.49, 16.70, 3.66, 25.33, 80.54, 24.41
16:17:08.060 , mppoctht, 58881.00, -0.31, 0.62, 16.70, 3.66, 25.33, 80.54, 24.41
16:17:08.062 , mppoctht, 58917.00, -0.31, 0.62, 16.70, 3.66, 25.33, 80.54, 24.41
16:17:08.062 , mppoctht, 58954.00, -0.31, 0.67, 16.70, 3.66, 25.33, 80.54, 24.41
16:17:08.064 , mppoctht, 58990.00, -0.31, 0.57, 16.70, 3.92, 25.33, 80.87, 24.41
16:17:08.065 , mppoctht, 59026.00, -0.31, 0.49, 16.70, 3.92, 25.33, 80.87, 24.41
16:17:08.085 , mppoctht, 59062.00, -0.31, 0.57, 16.70, 3.92, 25.33, 80.87, 24.41
16:17:08.087 , mppoctht, 59099.00, -0.31, 0.62, 16.70, 3.92, 25.33, 80.87, 24.41
16:17:08.088 , mppoctht, 59135.00, -0.31, 0.53, 16.70, 3.92, 25.33, 80.87, 24.41
16:17:08.092 , mppoctht, 59171.00, -0.13, 0.67, 16.70, 3.98, 25.34, 81.25, 24.41
16:17:08.099 , mppoctht, 59207.00, -0.31, 0.67, 16.70, 3.98, 25.34, 81.25, 24.41
16:17:08.101 , mppoctht, 59243.00, -0.13, 0.62, 16.70, 3.98, 25.34, 81.25, 24.41
16:17:08.128 , mppoctht, 59279.00, -0.13, 0.57, 16.70, 3.98, 25.34, 81.25, 24.41
16:17:08.154 , mppoctht, 59315.00, -0.31, 0.57, 16.67, 4.16, 25.37, 81.61, 24.41
16:17:08.156 , mppoctht, 59351.00, -0.31, 0.53, 16.67, 4.16, 25.37, 81.61, 24.41
16:17:08.156 , mppoctht, 59387.00, -0.31, 0.49, 16.67, 4.16, 25.37, 81.61, 24.41
16:17:08.157 , mppoctht, 59423.00, -0.31, 0.40, 16.67, 4.16, 25.37, 81.61, 24.41
16:17:08.159 , mppoctht, 59459.00, -0.31, 0.36, 16.67, 4.04, 25.38, 81.93, 24.41
16:17:08.160 , mppoctht, 59495.00, -0.31, 0.32, 16.67, 4.04, 25.38, 81.93, 24.42
16:17:08.172 , mppoctht, 59532.00, -0.31, 0.36, 16.67, 4.04, 25.38, 81.93, 24.42
16:17:08.197 , mppoctht, 59569.00, -0.31, 0.32, 16.67, 4.04, 25.38, 81.93, 24.41
16:17:08.198 , mppoctht, 59605.00, -0.31, 0.32, 16.64, 4.27, 25.40, 82.28, 24.41
16:17:08.200 , mppoctht, 59641.00, -0.13, 0.40, 16.64, 4.27, 25.40, 82.28, 24.42
16:17:08.200 , mppoctht, 59677.00, -0.13, 0.28, 16.64, 4.27, 25.40, 82.28, 24.42
16:17:08.201 , mppoctht, 59713.00, -0.13, 0.20, 16.64, 4.27, 25.40, 82.28, 24.42
16:17:08.210 , mppoctht, 59749.00, -0.13, -0.26, 16.64, 4.30, 25.42, 82.61, 24.42
16:17:08.235 , mppoctht, 59785.00, -0.13, 0.15, 16.64, 4.30, 25.42, 82.61, 24.42
16:17:08.259 , mppoctht, 59821.00, -0.31, 0.20, 16.64, 4.30, 25.42, 82.61, 24.41
16:17:08.284 , mppoctht, 59858.00, -0.13, 0.15, 16.64, 4.30, 25.42, 82.61, 24.41
16:17:08.308 , mppoctht, 59894.00, -0.13, 0.00, 16.61, 4.46, 25.43, 82.92, 24.41
16:17:08.322 , mppoctht, 59930.00, -0.31, 0.00, 16.61, 4.46, 25.43, 82.92, 24.41
16:17:08.322 , mppoctht, 59966.00, -0.31, 0.10, 16.61, 4.46, 25.43, 82.92, 24.42
16:17:08.335 , mppoctht, 60003.00, -0.31, 0.00, 16.61, 4.46, 25.43, 82.92, 24.42
16:17:08.356 , mppoctht, 60039.00, -0.31, -0.45, 16.61, 4.46, 25.43, 82.92, 24.42
16:17:08.357 , mppoctht, 60075.00, -0.31, -0.85, 16.58, 4.32, 25.41, 83.23, 24.41
16:17:08.357 , mppoctht, 60111.00, 0.09, -0.26, 16.58, 4.32, 25.41, 83.23, 24.41
16:17:08.359 , mppoctht, 60147.00, 0.13, -0.26, 16.58, 4.32, 25.41, 83.23, 24.42
16:17:08.386 , mppoctht, 60183.00, 0.13, -0.26, 16.58, 4.32, 25.41, 83.23, 24.42
16:17:08.388 , mppoctht, 60219.00, 0.21, -0.26, 16.55, 4.68, 25.42, 83.52, 24.42
16:17:08.388 , mppoctht, 60255.00, 0.33, -0.26, 16.55, 4.68, 25.42, 83.52, 24.42
16:17:08.390 , mppoctht, 60291.00, 0.37, -0.26, 16.55, 4.68, 25.42, 83.52, 24.42
16:17:08.390 , mppoctht, 60327.00, 0.50, -0.26, 16.55, 4.68, 25.42, 83.52, 24.42
16:17:08.391 , mppoctht, 60363.00, 0.50, -0.26, 16.52, 4.66, 25.42, 83.80, 24.42
16:17:08.399 , mppoctht, 60399.00, 0.62, -0.26, 16.52, 4.66, 25.42, 83.80, 24.42
16:17:08.425 , mppoctht, 60437.00, 0.67, -0.26, 16.52, 4.66, 25.42, 83.80, 24.42
16:17:08.450 , mppoctht, 60474.00, 0.70, -0.26, 16.52, 4.66, 25.42, 83.80, 24.42
16:17:08.472 , mppoctht, 60510.00, 0.92, -0.26, 16.49, 4.66, 25.42, 84.01, 24.42
16:17:08.474 , mppoctht, 60546.00, 1.24, -0.26, 16.49, 4.66, 25.42, 84.01, 24.42
16:17:08.474 , mppoctht, 60582.00, 1.65, -0.26, 16.49, 4.66, 25.42, 84.01, 24.42
16:17:08.488 , mppoctht, 60618.00, 1.65, -0.26, 16.49, 4.66, 25.42, 84.01, 24.42
16:17:08.489 , mppoctht, 60654.00, 2.15, -0.26, 16.46, 4.84, 25.42, 84.24, 24.42
16:17:08.493 , mppoctht, 60690.00, 2.15, -0.26, 16.46, 4.84, 25.42, 84.24, 24.42
16:17:08.495 , mppoctht, 60726.00, 2.24, -0.26, 16.46, 4.84, 25.42, 84.24, 24.42
16:17:08.496 , mppoctht, 60763.00, 2.48, -0.26, 16.46, 4.84, 25.42, 84.24, 24.42
16:17:08.511 , mppoctht, 60799.00, 2.48, -0.26, 16.49, 4.59, 25.41, 84.46, 24.42
16:17:08.536 , mppoctht, 60835.00, 2.78, -0.26, 16.49, 4.59, 25.41, 84.46, 24.42
16:17:08.554 , mppoctht, 60871.00, 2.78, -0.26, 16.49, 4.59, 25.41, 84.46, 24.42
16:17:08.555 , mppoctht, 60908.00, 2.70, -0.26, 16.49, 4.59, 25.41, 84.46, 24.42
16:17:08.560 , mppoctht, 60944.00, 2.40, -0.26, 16.49, 4.59, 25.41, 84.46, 24.42
16:17:08.587 , mppoctht, 60980.00, 2.44, -0.26, 16.40, 4.41, 25.42, 84.62, 24.42
16:17:08.595 , mppoctht, 61016.00, 2.40, -0.26, 16.40, 4.41, 25.42, 84.62, 24.42
16:17:08.598 , mppoctht, 61052.00, 2.57, -0.26, 16.40, 4.41, 25.42, 84.62, 24.43
16:17:08.599 , mppoctht, 61088.00, 2.83, -0.26, 16.40, 4.41, 25.42, 84.62, 24.43
16:17:08.601 , mppoctht, 61124.00, 2.57, -0.26, 16.40, 4.49, 25.42, 84.82, 24.43
16:17:13.642 , mppoctht, 61162.00, 2.33, -0.26, 16.40, 4.49, 25.42, 84.82, 24.43
16:17:13.649 , mppoctht, 61200.00, 2.20, -0.26, 16.40, 4.49, 25.42, 84.82, 24.42
16:17:13.649 , mppoctht, 61236.00, 2.15, -0.26, 16.40, 4.49, 25.42, 84.82, 24.42
16:17:13.652 , mppoctht, 61272.00, 1.82, -0.26, 16.37, 4.27, 25.42, 84.93, 24.42
16:17:13.652 , mppoctht, 61308.00, 2.03, -0.26, 16.37, 4.27, 25.42, 84.93, 24.42
16:17:13.653 , mppoctht, 61344.00, 2.15, -0.26, 16.37, 4.27, 25.42, 84.93, 24.43
16:17:13.660 , mppoctht, 61380.00, 1.90, -0.26, 16.37, 4.27, 25.42, 84.93, 24.43
16:17:13.686 , mppoctht, 61420.00, 1.61, -0.26, 16.34, 4.63, 25.42, 85.04, 24.43
16:17:13.688 , mppoctht, 61459.00, 1.37, -0.26, 16.34, 4.63, 25.42, 85.04, 24.42
16:17:13.689 , mppoctht, 61497.00, 1.33, -0.26, 16.34, 4.63, 25.42, 85.04, 24.42
16:17:13.689 , mppoctht, 61534.00, 1.49, -0.26, 16.34, 4.63, 25.42, 85.04, 24.42
16:17:13.690 , mppoctht, 61573.00, 1.87, -0.26, 16.34, 4.89, 25.43, 85.11, 24.42
16:17:13.699 , mppoctht, 61610.00, 1.70, -0.26, 16.34, 4.89, 25.43, 85.11, 24.42
16:17:13.736 , mppoctht, 61646.00, 1.49, -0.26, 16.34, 4.89, 25.43, 85.11, 24.42
16:17:13.737 , mppoctht, 61683.00, 1.28, -0.26, 16.34, 4.89, 25.43, 85.11, 24.42
16:17:13.738 , mppoctht, 61719.00, 1.05, -0.26, 16.34, 4.89, 25.43, 85.11, 24.42
16:17:13.752 , mppoctht, 61757.00, 0.95, -0.26, 16.31, 4.44, 25.41, 85.15, 24.42
16:17:13.753 , mppoctht, 61795.00, 1.05, -0.26, 16.31, 4.44, 25.41, 85.15, 24.42
16:17:13.784 , mppoctht, 61834.00, 0.92, -0.26, 16.31, 4.44, 25.41, 85.15, 24.42
16:17:13.784 , mppoctht, 61870.00, 0.92, -0.26, 16.31, 4.44, 25.41, 85.15, 24.42
16:17:13.836 , mppoctht, 61906.00, 1.04, -0.26, 16.31, 4.44, 25.41, 85.15, 24.43
16:17:13.838 , mppoctht, 61942.00, 0.87, -0.26, 16.28, 4.57, 25.44, 85.20, 24.43
16:17:13.838 , mppoctht, 61978.00, 0.91, -0.26, 16.28, 4.57, 25.44, 85.20, 24.43
16:17:13.842 , mppoctht, 62014.00, 0.75, -0.26, 16.28, 4.57, 25.44, 85.20, 24.43
16:17:13.870 , mppoctht, 62050.00, 0.54, -0.26, 16.28, 4.57, 25.44, 85.20, 24.43
16:17:13.879 , mppoctht, 62088.00, 0.33, -0.26, 16.28, 4.57, 25.44, 85.20, 24.43
16:17:13.880 , mppoctht, 62125.00, -0.03, -0.26, 16.24, 4.54, 25.42, 85.19, 24.43
16:17:13.881 , mppoctht, 62162.00, -1.44, -0.26, 16.24, 4.54, 25.42, 85.19, 24.43
16:17:13.883 , mppoctht, 62199.00, -1.25, -0.26, 16.24, 4.54, 25.42, 85.19, 24.43
16:17:13.883 , mppoctht, 62235.00, -1.25, -0.45, 16.24, 4.54, 25.42, 85.19, 24.43
16:17:13.896 , mppoctht, 62271.00, -0.50, -0.45, 16.24, 4.54, 25.42, 85.19, 24.43
16:17:13.897 , mppoctht, 62309.00, -0.13, 0.15, 16.22, 4.55, 25.45, 85.17, 24.43
16:17:13.903 , mppoctht, 62350.00, -0.31, 0.28, 16.22, 4.55, 25.45, 85.17, 24.43
16:17:13.906 , mppoctht, 62387.00, -0.13, 0.00, 16.22, 4.55, 25.45, 85.17, 24.43
16:17:13.907 , mppoctht, 62426.00, -0.31, 0.36, 16.22, 4.55, 25.45, 85.17, 24.43
16:17:13.908 , mppoctht, 62466.00, -0.31, 1.23, 16.19, 4.61, 25.44, 85.15, 24.43
16:17:13.935 , mppoctht, 62503.00, -0.31, 2.01, 16.19, 4.61, 25.44, 85.15, 24.43
16:17:13.954 , mppoctht, 62539.00, -0.31, 2.70, 16.19, 4.61, 25.44, 85.15, 24.43
16:17:13.957 , mppoctht, 62575.00, -0.13, 2.66, 16.19, 4.61, 25.44, 85.15, 24.43
16:17:13.957 , mppoctht, 62611.00, -0.13, 2.48, 16.19, 4.61, 25.44, 85.15, 24.43
16:17:13.957 , mppoctht, 62651.00, -0.13, 2.22, 16.16, 3.43, 25.45, 85.15, 24.43
16:17:13.958 , mppoctht, 62689.00, -0.31, 1.83, 16.16, 3.43, 25.45, 85.15, 24.43
16:17:13.968 , mppoctht, 62726.00, -0.13, 1.88, 16.16, 3.43, 25.45, 85.15, 24.43
16:17:13.989 , mppoctht, 62762.00, -0.31, 1.70, 16.16, 3.43, 25.45, 85.15, 24.43
16:17:13.991 , mppoctht, 62799.00, -0.13, 1.50, 16.19, 2.31, 25.45, 85.09, 24.43
16:17:13.992 , mppoctht, 62835.00, -0.13, 1.18, 16.19, 2.31, 25.45, 85.09, 24.43
16:17:13.994 , mppoctht, 62874.00, -0.31, 1.10, 16.19, 2.31, 25.45, 85.09, 24.43
16:17:13.995 , mppoctht, 62911.00, -0.13, 1.23, 16.19, 2.31, 25.45, 85.09, 24.43
16:17:13.999 , mppoctht, 62947.00, -0.13, 1.27, 16.24, 2.13, 25.47, 85.08, 24.43
16:17:14.026 , mppoctht, 62983.00, -0.13, 1.15, 16.24, 2.13, 25.47, 85.08, 24.43
16:17:14.048 , mppoctht, 63019.00, -0.31, 1.31, 16.24, 2.13, 25.47, 85.08, 24.43
16:17:14.062 , mppoctht, 63055.00, -0.31, 1.06, 16.24, 2.13, 25.47, 85.08, 24.43
16:17:14.064 , mppoctht, 63091.00, -0.31, 1.06, 16.31, 2.79, 25.49, 85.06, 24.43
16:17:14.066 , mppoctht, 63127.00, -0.31, 1.15, 16.31, 2.79, 25.49, 85.06, 24.43
16:17:14.066 , mppoctht, 63163.00, -0.31, 0.84, 16.31, 2.79, 25.49, 85.06, 24.43
16:17:14.068 , mppoctht, 63199.00, -0.31, 0.84, 16.31, 2.79, 25.49, 85.06, 24.43
16:17:14.068 , mppoctht, 63235.00, -0.31, 0.93, 16.31, 2.79, 25.49, 85.06, 24.43
16:17:14.070 , mppoctht, 63271.00, -0.31, 0.71, 16.40, 3.05, 25.51, 85.09, 24.43
16:17:14.070 , mppoctht, 63307.00, -0.31, 0.62, 16.40, 3.05, 25.51, 85.09, 24.43
16:17:14.071 , mppoctht, 63343.00, -0.31, 0.67, 16.40, 3.05, 25.51, 85.09, 24.44
16:17:14.083 , mppoctht, 63379.00, -0.31, 0.62, 16.40, 3.05, 25.51, 85.09, 24.44
16:17:14.084 , mppoctht, 63415.00, -0.13, 0.71, 16.41, 2.97, 25.51, 85.11, 24.43
16:17:14.090 , mppoctht, 63451.00, -0.31, 0.62, 16.41, 2.97, 25.51, 85.11, 24.43
16:17:14.090 , mppoctht, 63487.00, -0.31, 0.71, 16.41, 2.97, 25.51, 85.11, 24.43
16:17:14.092 , mppoctht, 63523.00, -0.31, 0.75, 16.41, 2.97, 25.51, 85.11, 24.43
16:17:14.094 , mppoctht, 63559.00, -0.31, 0.71, 16.46, 3.24, 25.56, 85.22, 24.43
16:17:14.120 , mppoctht, 63595.00, -0.31, 0.67, 16.46, 3.24, 25.56, 85.22, 24.43
16:17:14.122 , mppoctht, 63631.00, -0.31, 0.62, 16.46, 3.24, 25.56, 85.22, 24.43
16:17:14.124 , mppoctht, 63667.00, -0.13, 0.62, 16.46, 3.24, 25.56, 85.22, 24.43
16:17:14.146 , mppoctht, 63703.00, -0.31, 0.71, 16.49, 3.45, 25.57, 85.34, 24.43
16:17:14.160 , mppoctht, 63739.00, -0.31, 0.58, 16.49, 3.45, 25.57, 85.34, 24.43
16:17:14.161 , mppoctht, 63777.00, -0.13, 0.62, 16.49, 3.45, 25.57, 85.34, 24.43
16:17:14.165 , mppoctht, 63814.00, -0.13, 0.62, 16.49, 3.45, 25.57, 85.34, 24.43
16:17:14.167 , mppoctht, 63850.00, -0.13, 0.53, 16.52, 3.96, 25.57, 85.47, 24.43
16:17:14.169 , mppoctht, 63886.00, -0.13, 0.57, 16.52, 3.96, 25.57, 85.47, 24.43
16:17:14.169 , mppoctht, 63922.00, -0.31, 0.71, 16.52, 3.96, 25.57, 85.47, 24.43
16:17:14.170 , mppoctht, 63958.00, -0.31, 0.67, 16.52, 3.96, 25.57, 85.47, 24.43
16:17:14.170 , mppoctht, 63994.00, -0.31, 0.62, 16.52, 3.71, 25.60, 85.60, 24.43
16:17:14.179 , mppoctht, 64030.00, -0.31, 0.53, 16.52, 3.71, 25.60, 85.60, 24.43
16:17:14.181 , mppoctht, 64066.00, -0.13, 0.40, 16.52, 3.71, 25.60, 85.60, 24.43
16:17:14.183 , mppoctht, 64102.00, -0.31, 0.49, 16.52, 3.71, 25.60, 85.60, 24.43
16:17:14.197 , mppoctht, 64138.00, -0.31, 0.53, 16.52, 3.71, 25.60, 85.60, 24.44
16:17:14.210 , mppoctht, 64174.00, -0.13, 0.53, 16.55, 3.89, 25.59, 85.75, 24.44
16:17:14.212 , mppoctht, 64210.00, -0.13, 0.45, 16.55, 3.89, 25.59, 85.75, 24.43
16:17:14.212 , mppoctht, 64246.00, -0.13, 0.40, 16.55, 3.89, 25.59, 85.75, 24.43
16:17:14.215 , mppoctht, 64282.00, -0.31, 0.40, 16.55, 3.89, 25.59, 85.75, 24.44
16:17:14.235 , mppoctht, 64318.00, -0.31, 0.45, 16.52, 3.80, 25.59, 85.92, 24.44
16:17:14.253 , mppoctht, 64354.00, -0.31, 0.45, 16.52, 3.80, 25.59, 85.92, 24.44
16:17:14.255 , mppoctht, 64390.00, -0.13, 0.45, 16.52, 3.80, 25.59, 85.92, 24.44
16:17:14.288 , mppoctht, 64426.00, -0.13, 0.53, 16.52, 3.80, 25.59, 85.92, 24.44
16:17:14.288 , mppoctht, 64462.00, -0.31, 0.49, 16.52, 3.86, 25.60, 86.07, 24.44
16:17:14.289 , mppoctht, 64498.00, -0.13, 0.49, 16.52, 3.86, 25.60, 86.07, 24.44
16:17:14.289 , mppoctht, 64534.00, -0.13, 0.36, 16.52, 3.86, 25.60, 86.07, 24.44
16:17:14.291 , mppoctht, 64570.00, -0.31, 0.49, 16.52, 3.86, 25.60, 86.07, 24.44
16:17:14.297 , mppoctht, 64606.00, -0.31, 0.53, 16.49, 4.11, 25.59, 86.23, 24.44
16:17:14.297 , mppoctht, 64642.00, -0.13, 0.49, 16.49, 4.11, 25.59, 86.23, 24.44
16:17:14.326 , mppoctht, 64680.00, -0.13, 0.49, 16.49, 4.11, 25.59, 86.23, 24.44
16:17:14.329 , mppoctht, 64717.00, -0.31, 0.49, 16.49, 4.11, 25.59, 86.23, 24.44
16:17:14.331 , mppoctht, 64753.00, -0.31, 0.49, 16.46, 4.22, 25.61, 86.36, 24.44
16:17:14.332 , mppoctht, 64789.00, -0.31, 0.45, 16.46, 4.22, 25.61, 86.36, 24.44
16:17:14.333 , mppoctht, 64825.00, -0.13, 0.40, 16.46, 4.22, 25.61, 86.36, 24.44
16:17:14.334 , mppoctht, 64861.00, -0.13, 0.40, 16.46, 4.22, 25.61, 86.36, 24.44
16:17:14.342 , mppoctht, 64897.00, -0.13, 0.49, 16.46, 4.55, 25.63, 86.49, 24.44
16:17:14.346 , mppoctht, 64933.00, -0.31, 0.32, 16.46, 4.55, 25.63, 86.49, 24.44
16:17:14.353 , mppoctht, 64969.00, -0.31, 0.28, 16.46, 4.55, 25.63, 86.49, 24.44
16:17:14.360 , mppoctht, 65005.00, -0.31, 0.28, 16.46, 4.55, 25.63, 86.49, 24.44
16:17:14.361 , mppoctht, 65041.00, -0.13, 0.32, 16.46, 4.55, 25.63, 86.49, 24.44
16:17:14.362 , mppoctht, 65077.00, -0.13, 0.49, 16.46, 4.57, 25.67, 86.62, 24.44
16:17:14.387 , mppoctht, 65113.00, -0.13, 0.53, 16.46, 4.57, 25.67, 86.62, 24.44
16:17:14.387 , mppoctht, 65149.00, -0.31, 0.49, 16.46, 4.57, 25.67, 86.62, 24.44
16:17:14.388 , mppoctht, 65185.00, -0.13, 0.36, 16.46, 4.57, 25.67, 86.62, 24.44
16:17:14.389 , mppoctht, 65221.00, -0.13, 0.40, 16.40, 4.36, 25.65, 86.76, 24.44
16:17:14.392 , mppoctht, 65257.00, -0.31, 0.28, 16.40, 4.36, 25.65, 86.76, 24.44
16:17:14.393 , mppoctht, 65293.00, -0.13, 0.20, 16.40, 4.36, 25.65, 86.76, 24.44
16:17:14.396 , mppoctht, 65329.00, -0.31, 0.15, 16.40, 4.36, 25.65, 86.76, 24.44
16:17:14.402 , mppoctht, 65365.00, -0.31, 0.00, 16.37, 4.72, 25.64, 86.87, 24.44
16:17:14.425 , mppoctht, 65401.00, -0.13, -0.08, 16.37, 4.72, 25.64, 86.87, 24.44
16:17:14.427 , mppoctht, 65437.00, -0.13, -0.26, 16.37, 4.72, 25.64, 86.87, 24.44
16:17:14.428 , mppoctht, 65473.00, -0.31, -0.26, 16.37, 4.72, 25.64, 86.87, 24.44
16:17:14.428 , mppoctht, 65509.00, -0.31, -0.26, 16.34, 4.74, 25.65, 86.96, 24.44
16:17:14.438 , mppoctht, 65545.00, -0.31, -0.26, 16.34, 4.74, 25.65, 86.96, 24.44
16:17:14.460 , mppoctht, 65584.00, -0.31, -0.26, 16.34, 4.74, 25.65, 86.96, 24.44
16:17:14.480 , mppoctht, 65621.00, -0.31, -0.65, 16.34, 4.74, 25.65, 86.96, 24.44
16:17:14.481 , mppoctht, 65657.00, -0.13, -0.45, 16.28, 4.53, 25.65, 87.09, 24.44
16:17:14.482 , mppoctht, 65693.00, 0.09, -0.45, 16.28, 4.53, 25.65, 87.09, 24.44
16:17:14.484 , mppoctht, 65729.00, 0.09, -0.26, 16.28, 4.53, 25.65, 87.09, 24.44
16:17:14.511 , mppoctht, 65765.00, 0.09, -0.26, 16.28, 4.53, 25.65, 87.09, 24.44
16:17:14.512 , mppoctht, 65801.00, 0.25, -0.26, 16.28, 4.49, 25.65, 87.19, 24.44
16:17:14.514 , mppoctht, 65837.00, 0.41, -0.26, 16.28, 4.49, 25.65, 87.19, 24.44
16:17:14.516 , mppoctht, 65874.00, 0.91, -0.26, 16.28, 4.49, 25.65, 87.19, 24.44
16:17:14.518 , mppoctht, 65910.00, 1.20, -0.26, 16.28, 4.49, 25.65, 87.19, 24.44
16:17:14.518 , mppoctht, 65946.00, 1.74, -0.26, 16.28, 4.49, 25.65, 87.19, 24.44
16:17:14.524 , mppoctht, 65982.00, 2.28, -0.26, 16.25, 4.64, 25.65, 87.24, 24.44
16:17:14.549 , mppoctht, 66018.00, 2.70, -0.26, 16.25, 4.64, 25.65, 87.24, 24.44
16:17:14.576 , mppoctht, 66054.00, 2.83, -0.26, 16.25, 4.64, 25.65, 87.24, 24.44
16:17:14.585 , mppoctht, 66090.00, 3.15, -0.26, 16.25, 4.64, 25.65, 87.24, 24.44
16:17:14.587 , mppoctht, 66126.00, 3.28, -0.26, 16.19, 4.83, 25.65, 87.31, 24.44
16:17:14.588 , mppoctht, 66162.00, 3.10, -0.26, 16.19, 4.83, 25.65, 87.31, 24.45
16:17:14.588 , mppoctht, 66198.00, 3.28, -0.26, 16.19, 4.83, 25.65, 87.31, 24.45
16:17:14.590 , mppoctht, 66234.00, 3.61, -0.26, 16.19, 4.83, 25.65, 87.31, 24.45
16:17:14.592 , mppoctht, 66270.00, 3.40, -0.26, 16.16, 4.77, 25.65, 87.40, 24.45
16:17:14.592 , mppoctht, 66306.00, 3.48, -0.26, 16.16, 4.77, 25.65, 87.40, 24.45
16:17:14.592 , mppoctht, 66342.00, 3.44, -0.26, 16.16, 4.77, 25.65, 87.40, 24.45
16:17:14.593 , mppoctht, 66378.00, 3.19, -0.26, 16.16, 4.77, 25.65, 87.40, 24.45
16:17:14.607 , mppoctht, 66414.00, 3.10, -0.26, 16.13, 4.78, 25.63, 87.42, 24.45
16:17:14.607 , mppoctht, 66450.00, 3.02, -0.26, 16.13, 4.78, 25.63, 87.42, 24.45
16:17:14.609 , mppoctht, 66489.00, 2.83, -0.26, 16.13, 4.78, 25.63, 87.42, 24.45
16:17:14.611 , mppoctht, 66526.00, 2.53, -0.26, 16.13, 4.78, 25.63, 87.42, 24.45
16:17:14.611 , mppoctht, 66562.00, 2.37, -0.26, 16.10, 4.89, 25.65, 87.45, 24.45
16:17:14.612 , mppoctht, 66598.00, 2.65, -0.26, 16.10, 4.89, 25.65, 87.45, 24.45
16:17:14.617 , mppoctht, 66634.00, 2.49, -0.26, 16.10, 4.89, 25.65, 87.45, 24.45
16:17:14.623 , mppoctht, 66670.00, 2.49, -0.26, 16.10, 4.89, 25.65, 87.45, 24.45
16:17:14.646 , mppoctht, 66706.00, 2.15, -0.26, 16.07, 5.15, 25.65, 87.46, 24.45
16:17:14.670 , mppoctht, 66742.00, 2.11, -0.26, 16.07, 5.15, 25.65, 87.46, 24.45
16:17:14.696 , mppoctht, 66778.00, 2.24, -0.26, 16.07, 5.15, 25.65, 87.46, 24.45
16:17:14.703 , mppoctht, 66815.00, 2.11, -0.26, 16.07, 5.15, 25.65, 87.46, 24.45
16:17:14.703 , mppoctht, 66851.00, 1.91, -0.26, 16.07, 4.93, 25.65, 87.43, 24.45
16:17:14.704 , mppoctht, 66887.00, 2.28, -0.26, 16.07, 4.93, 25.65, 87.43, 24.45
16:17:14.705 , mppoctht, 66923.00, 2.40, -0.26, 16.07, 4.93, 25.65, 87.43, 24.45
16:17:14.707 , mppoctht, 66960.00, 2.33, -0.26, 16.07, 4.93, 25.65, 87.43, 24.45
16:17:14.708 , mppoctht, 66996.00, 2.24, -0.26, 16.07, 4.93, 25.65, 87.43, 24.45
16:17:14.708 , mppoctht, 67032.00, 1.74, -0.26, 16.01, 4.84, 25.65, 87.43, 24.45
16:17:14.710 , mppoctht, 67068.00, 1.45, -0.26, 16.01, 4.84, 25.65, 87.43, 24.45
16:17:14.723 , mppoctht, 67104.00, 1.61, -0.26, 16.01, 4.84, 25.65, 87.43, 24.45
16:17:14.725 , mppoctht, 67140.00, 1.78, -0.26, 16.01, 4.84, 25.65, 87.43, 24.45
16:17:14.726 , mppoctht, 67176.00, 1.78, -0.26, 15.98, 4.88, 25.67, 87.40, 24.45
16:17:14.726 , mppoctht, 67212.00, 1.78, -0.26, 15.98, 4.88, 25.67, 87.40, 24.45
16:17:14.729 , mppoctht, 67248.00, 1.74, -0.26, 15.98, 4.88, 25.67, 87.40, 24.45
16:17:14.731 , mppoctht, 67284.00, 1.53, -0.26, 15.98, 4.88, 25.67, 87.40, 24.45
16:17:14.780 , mppoctht, 67320.00, 1.78, -0.26, 15.94, 5.02, 25.67, 87.37, 24.45
16:17:14.780 , mppoctht, 67356.00, 1.95, -0.26, 15.94, 5.02, 25.67, 87.37, 24.45
16:17:14.781 , mppoctht, 67395.00, 1.78, -0.26, 15.94, 5.02, 25.67, 87.37, 24.45
16:17:14.781 , mppoctht, 67431.00, 1.37, -0.26, 15.94, 5.02, 25.67, 87.37, 24.45
16:17:14.783 , mppoctht, 67467.00, 1.05, -0.26, 15.95, 4.97, 25.65, 87.31, 24.45
16:17:14.786 , mppoctht, 67503.00, 0.83, -0.26, 15.95, 4.97, 25.65, 87.31, 24.45
16:17:14.787 , mppoctht, 67539.00, 1.05, -0.26, 15.95, 4.97, 25.65, 87.31, 24.45
16:17:14.809 , mppoctht, 67575.00, 1.05, -0.26, 15.95, 4.97, 25.65, 87.31, 24.45
16:17:14.811 , mppoctht, 67611.00, 0.70, -0.26, 15.92, 4.82, 25.67, 87.25, 24.45
16:17:14.812 , mppoctht, 67647.00, 0.50, -0.26, 15.92, 4.82, 25.67, 87.25, 24.45
16:17:14.814 , mppoctht, 67683.00, -0.69, -0.26, 15.92, 4.82, 25.67, 87.25, 24.45
16:17:14.814 , mppoctht, 67719.00, -0.31, -0.26, 15.92, 4.82, 25.67, 87.25, 24.45
16:17:14.814 , mppoctht, 67755.00, 0.17, -0.26, 15.92, 4.82, 25.67, 87.25, 24.45
16:17:14.822 , mppoctht, 67791.00, 0.13, -0.26, 15.89, 5.04, 25.67, 87.20, 24.45
16:17:19.812 , mppoctht, 67827.00, -0.03, -0.26, 15.89, 5.04, 25.67, 87.20, 24.45
16:17:19.848 , mppoctht, 67864.00, -0.88, -0.26, 15.89, 5.04, 25.67, 87.20, 24.45
16:17:19.848 , mppoctht, 67900.00, -0.88, -0.26, 15.89, 5.04, 25.67, 87.20, 24.45
16:17:19.848 , mppoctht, 67936.00, -0.50, -0.26, 15.89, 5.04, 25.67, 87.20, 24.45
16:17:19.848 , mppoctht, 67972.00, 0.09, 0.00, 15.86, 4.84, 25.67, 87.10, 24.45
16:17:19.851 , mppoctht, 68010.00, -0.31, 0.15, 15.86, 4.84, 25.67, 87.10, 24.45
16:17:19.851 , mppoctht, 68048.00, -0.13, 0.32, 15.86, 4.84, 25.67, 87.10, 24.46
16:17:19.858 , mppoctht, 68084.00, -0.13, 0.40, 15.86, 4.84, 25.67, 87.10, 24.46
16:17:19.858 , mppoctht, 68120.00, -0.13, 0.71, 15.86, 5.21, 25.68, 87.00, 24.46
16:17:19.887 , mppoctht, 68156.00, -0.31, 1.27, 15.86, 5.21, 25.68, 87.00, 24.46
16:17:19.889 , mppoctht, 68193.00, -0.31, 1.83, 15.86, 5.21, 25.68, 87.00, 24.45
16:17:19.896 , mppoctht, 68230.00, -0.31, 2.22, 15.86, 5.21, 25.68, 87.00, 24.45
16:17:19.897 , mppoctht, 68267.00, -0.13, 2.22, 15.86, 5.21, 25.68, 87.00, 24.45
16:17:19.897 , mppoctht, 68305.00, -0.31, 2.31, 15.86, 4.39, 25.68, 86.93, 24.46
16:17:19.898 , mppoctht, 68344.00, -0.13, 1.83, 15.86, 4.39, 25.68, 86.93, 24.46
16:17:19.899 , mppoctht, 68381.00, -0.13, 2.10, 15.86, 4.39, 25.68, 86.93, 24.45
16:17:19.945 , mppoctht, 68417.00, -0.13, 2.01, 15.86, 4.39, 25.68, 86.93, 24.45
16:17:19.945 , mppoctht, 68455.00, -0.31, 1.70, 15.86, 2.97, 25.67, 86.87, 24.45
16:17:19.948 , mppoctht, 68496.00, -0.13, 2.05, 15.86, 2.97, 25.67, 86.87, 24.45
16:17:19.948 , mppoctht, 68534.00, -0.13, 2.05, 15.86, 2.97, 25.67, 86.87, 24.45
16:17:19.948 , mppoctht, 68570.00, -0.31, 1.70, 15.86, 2.97, 25.67, 86.87, 24.46
16:17:19.951 , mppoctht, 68607.00, -0.31, 1.50, 15.89, 2.47, 25.70, 86.79, 24.46
16:17:19.956 , mppoctht, 68644.00, -0.13, 1.40, 15.89, 2.47, 25.70, 86.79, 24.45
16:17:19.981 , mppoctht, 68680.00, -0.31, 1.66, 15.89, 2.47, 25.70, 86.79, 24.45
16:17:19.982 , mppoctht, 68716.00, -0.31, 1.66, 15.89, 2.47, 25.70, 86.79, 24.45
16:17:19.983 , mppoctht, 68753.00, -0.31, 1.75, 15.89, 2.47, 25.70, 86.79, 24.45
16:17:19.984 , mppoctht, 68790.00, -0.31, 1.54, 16.01, 2.80, 25.73, 86.73, 24.46
16:17:19.985 , mppoctht, 68827.00, -0.13, 1.40, 16.01, 2.80, 25.73, 86.73, 24.45
16:17:19.991 , mppoctht, 68866.00, -0.31, 1.31, 16.01, 2.80, 25.73, 86.73, 24.45
16:17:20.017 , mppoctht, 68903.00, -0.31, 1.31, 16.01, 2.80, 25.73, 86.73, 24.46
16:17:20.043 , mppoctht, 68941.00, -0.31, 1.23, 16.01, 2.80, 25.73, 86.73, 24.46
16:17:20.058 , mppoctht, 68979.00, -0.13, 1.31, 16.07, 3.05, 25.75, 86.72, 24.46
16:17:20.060 , mppoctht, 69016.00, -0.13, 1.31, 16.07, 3.05, 25.75, 86.72, 24.46
16:17:20.062 , mppoctht, 69058.00, -0.31, 1.23, 16.07, 3.05, 25.75, 86.72, 24.46
16:17:20.063 , mppoctht, 69093.00, -0.31, 1.06, 16.07, 3.05, 25.75, 86.72, 24.46
16:17:20.066 , mppoctht, 69129.00, -0.31, 0.98, 16.07, 3.05, 25.75, 86.72, 24.46
16:17:20.066 , mppoctht, 69165.00, -0.31, 1.02, 16.13, 3.36, 25.78, 86.72, 24.46
16:17:20.067 , mppoctht, 69201.00, -0.13, 1.18, 16.13, 3.36, 25.78, 86.72, 24.46
16:17:20.067 , mppoctht, 69237.00, -0.13, 1.02, 16.13, 3.36, 25.78, 86.72, 24.46
16:17:20.067 , mppoctht, 69273.00, -0.13, 1.15, 16.13, 3.36, 25.78, 86.72, 24.46
16:17:20.076 , mppoctht, 69309.00, -0.31, 0.88, 16.19, 3.63, 25.80, 86.83, 24.46
16:17:20.084 , mppoctht, 69345.00, -0.31, 1.02, 16.19, 3.63, 25.80, 86.83, 24.46
16:17:20.086 , mppoctht, 69381.00, -0.13, 1.10, 16.19, 3.63, 25.80, 86.83, 24.46
16:17:20.088 , mppoctht, 69417.00, -0.31, 1.02, 16.19, 3.63, 25.80, 86.83, 24.46
16:17:20.088 , mppoctht, 69453.00, -0.31, 0.88, 16.22, 3.66, 25.83, 86.92, 24.46
16:17:20.089 , mppoctht, 69489.00, -0.31, 0.62, 16.22, 3.66, 25.83, 86.92, 24.46
16:17:20.093 , mppoctht, 69525.00, -0.13, 0.84, 16.22, 3.66, 25.83, 86.92, 24.46
16:17:20.124 , mppoctht, 69561.00, -0.13, 0.93, 16.22, 3.66, 25.83, 86.92, 24.46
16:17:20.144 , mppoctht, 69597.00, -0.13, 0.62, 16.23, 4.33, 25.86, 87.02, 24.46
16:17:20.163 , mppoctht, 69633.00, -0.13, 0.79, 16.23, 4.33, 25.86, 87.02, 24.46
16:17:20.164 , mppoctht, 69669.00, -0.13, 0.71, 16.23, 4.33, 25.86, 87.02, 24.46
16:17:20.165 , mppoctht, 69705.00, -0.31, 0.75, 16.23, 4.33, 25.86, 87.02, 24.46
16:17:20.169 , mppoctht, 69741.00, -0.13, 0.62, 16.23, 4.33, 25.86, 87.02, 24.46
16:17:20.169 , mppoctht, 69777.00, -0.31, 0.62, 16.28, 4.42, 25.89, 87.19, 24.46
16:17:20.169 , mppoctht, 69813.00, -0.31, 0.71, 16.28, 4.42, 25.89, 87.19, 24.46
16:17:20.171 , mppoctht, 69849.00, -0.31, 0.75, 16.28, 4.42, 25.89, 87.19, 24.46
16:17:20.171 , mppoctht, 69885.00, -0.31, 0.58, 16.28, 4.42, 25.89, 87.19, 24.46
16:17:20.173 , mppoctht, 69921.00, -0.31, 0.71, 16.25, 4.35, 25.90, 87.31, 24.46
16:17:20.180 , mppoctht, 69957.00, -0.13, 0.79, 16.25, 4.35, 25.90, 87.31, 24.46
16:17:20.205 , mppoctht, 69993.00, -0.31, 0.62, 16.25, 4.35, 25.90, 87.31, 24.46
16:17:20.205 , mppoctht, 70029.00, -0.31, 0.67, 16.25, 4.35, 25.90, 87.31, 24.46
16:17:20.207 , mppoctht, 70065.00, -0.31, 0.58, 16.25, 4.79, 25.92, 87.47, 24.46
16:17:20.208 , mppoctht, 70101.00, -0.31, 0.58, 16.25, 4.79, 25.92, 87.47, 24.46
16:17:20.211 , mppoctht, 70137.00, -0.31, 0.49, 16.25, 4.79, 25.92, 87.47, 24.46
16:17:20.215 , mppoctht, 70173.00, -0.13, 0.62, 16.25, 4.79, 25.92, 87.47, 24.46
16:17:20.241 , mppoctht, 70209.00, -0.13, 0.67, 16.25, 4.94, 25.96, 87.63, 24.46
16:17:20.258 , mppoctht, 70245.00, -0.31, 0.53, 16.25, 4.94, 25.96, 87.63, 24.46
16:17:20.258 , mppoctht, 70283.00, -0.31, 0.40, 16.25, 4.94, 25.96, 87.63, 24.46
16:17:20.258 , mppoctht, 70320.00, -0.31, 0.23, 16.25, 4.94, 25.96, 87.63, 24.46
16:17:20.262 , mppoctht, 70356.00, -0.13, 0.32, 16.22, 4.76, 25.99, 87.78, 24.46
16:17:20.312 , mppoctht, 70392.00, -0.31, 0.28, 16.22, 4.76, 25.99, 87.78, 24.46
16:17:20.313 , mppoctht, 70428.00, -0.31, 0.23, 16.22, 4.76, 25.99, 87.78, 24.46
16:17:20.330 , mppoctht, 70464.00, -0.31, 0.23, 16.22, 4.76, 25.99, 87.78, 24.46
16:17:20.331 , mppoctht, 70500.00, -0.31, 0.23, 16.22, 4.86, 25.99, 87.97, 24.46
16:17:20.333 , mppoctht, 70536.00, -0.13, 0.28, 16.22, 4.86, 25.99, 87.97, 24.46
16:17:20.337 , mppoctht, 70573.00, -0.31, 0.23, 16.22, 4.86, 25.99, 87.97, 24.46
16:17:20.346 , mppoctht, 70609.00, -0.31, -0.08, 16.22, 4.86, 25.99, 87.97, 24.47
16:17:20.347 , mppoctht, 70645.00, -0.13, -0.26, 16.22, 4.86, 25.99, 87.97, 24.47
16:17:20.356 , mppoctht, 70681.00, -0.31, -0.08, 16.22, 4.90, 26.01, 88.11, 24.47
16:17:20.357 , mppoctht, 70717.00, -0.31, -0.08, 16.22, 4.90, 26.01, 88.11, 24.47
16:17:20.358 , mppoctht, 70753.00, -0.31, -0.26, 16.22, 4.90, 26.01, 88.11, 24.47
16:17:20.359 , mppoctht, 70789.00, -0.31, -0.26, 16.22, 4.90, 26.01, 88.11, 24.47
16:17:20.359 , mppoctht, 70825.00, -0.13, -0.45, 16.16, 5.11, 26.01, 88.26, 24.47
16:17:20.364 , mppoctht, 70861.00, -0.31, -0.45, 16.16, 5.11, 26.01, 88.26, 24.47
16:17:20.368 , mppoctht, 70897.00, -0.13, -0.65, 16.16, 5.11, 26.01, 88.26, 24.47
16:17:20.370 , mppoctht, 70933.00, 0.09, -0.26, 16.16, 5.11, 26.01, 88.26, 24.47
16:17:20.400 , mppoctht, 70969.00, 0.17, -0.26, 16.13, 5.27, 26.00, 88.41, 24.47
16:17:20.424 , mppoctht, 71005.00, 0.17, -0.26, 16.13, 5.27, 26.00, 88.41, 24.47
16:17:20.437 , mppoctht, 71041.00, 0.29, -0.26, 16.13, 5.27, 26.00, 88.41, 24.47
16:17:20.440 , mppoctht, 71077.00, 0.29, -0.26, 16.13, 5.27, 26.00, 88.41, 24.47
16:17:20.440 , mppoctht, 71113.00, 0.29, -0.26, 16.13, 5.07, 26.01, 88.56, 24.47
16:17:20.442 , mppoctht, 71149.00, 0.29, -0.26, 16.13, 5.07, 26.01, 88.56, 24.47
16:17:20.442 , mppoctht, 71187.00, 0.37, -0.26, 16.13, 5.07, 26.01, 88.56, 24.47
16:17:20.444 , mppoctht, 71224.00, 0.50, -0.26, 16.13, 5.07, 26.01, 88.56, 24.47
16:17:20.454 , mppoctht, 71260.00, 0.62, -0.26, 16.10, 5.27, 26.01, 88.70, 24.47
16:17:20.455 , mppoctht, 71296.00, 0.83, -0.26, 16.10, 5.27, 26.01, 88.70, 24.47
16:17:20.462 , mppoctht, 71332.00, 0.83, -0.26, 16.10, 5.27, 26.01, 88.70, 24.47
16:17:20.462 , mppoctht, 71368.00, 0.83, -0.26, 16.10, 5.27, 26.01, 88.70, 24.47
16:17:20.497 , mppoctht, 71404.00, 1.37, -0.26, 16.07, 5.11, 26.01, 88.85, 24.47
16:17:20.515 , mppoctht, 71440.00, 1.78, -0.26, 16.07, 5.11, 26.01, 88.85, 24.47
16:17:20.541 , mppoctht, 71476.00, 2.45, -0.26, 16.07, 5.11, 26.01, 88.85, 24.47
16:17:20.570 , mppoctht, 71513.00, 2.83, -0.26, 16.07, 5.11, 26.01, 88.85, 24.47
16:17:20.572 , mppoctht, 71549.00, 2.65, -0.26, 16.08, 5.04, 25.98, 88.97, 24.47
16:17:20.574 , mppoctht, 71585.00, 3.06, -0.26, 16.08, 5.04, 25.98, 88.97, 24.47
16:17:20.576 , mppoctht, 71621.00, 3.10, -0.26, 16.08, 5.04, 25.98, 88.97, 24.47
16:17:20.578 , mppoctht, 71658.00, 3.40, -0.26, 16.08, 5.04, 25.98, 88.97, 24.47
16:17:20.581 , mppoctht, 71694.00, 3.10, -0.26, 16.08, 5.04, 25.98, 88.97, 24.47
16:17:20.607 , mppoctht, 71730.00, 3.02, -0.26, 16.04, 5.24, 25.98, 89.07, 24.47
16:17:20.609 , mppoctht, 71766.00, 3.06, -0.26, 16.04, 5.24, 25.98, 89.07, 24.47
16:17:20.610 , mppoctht, 71802.00, 3.28, -0.26, 16.04, 5.24, 25.98, 89.07, 24.47
16:17:20.612 , mppoctht, 71838.00, 2.87, -0.26, 16.04, 5.24, 25.98, 89.07, 24.47
16:17:20.612 , mppoctht, 71874.00, 3.19, -0.26, 16.01, 5.42, 25.98, 89.17, 24.47
16:17:20.619 , mppoctht, 71910.00, 3.02, -0.26, 16.01, 5.42, 25.98, 89.17, 24.47
16:17:20.643 , mppoctht, 71946.00, 2.98, -0.26, 16.01, 5.42, 25.98, 89.17, 24.47
16:17:20.659 , mppoctht, 71982.00, 2.90, -0.26, 16.01, 5.42, 25.98, 89.17, 24.47
16:17:20.660 , mppoctht, 72018.00, 2.74, -0.26, 15.98, 5.29, 25.96, 89.24, 24.47
16:17:20.661 , mppoctht, 72054.00, 2.78, -0.26, 15.98, 5.29, 25.96, 89.24, 24.47
16:17:20.663 , mppoctht, 72091.00, 3.19, -0.26, 15.98, 5.29, 25.96, 89.24, 24.47
16:17:20.689 , mppoctht, 72128.00, 3.15, -0.26, 15.98, 5.29, 25.96, 89.24, 24.47
16:17:20.692 , mppoctht, 72164.00, 3.03, -0.26, 15.98, 4.97, 25.96, 89.33, 24.48
16:17:20.692 , mppoctht, 72200.00, 2.70, -0.26, 15.98, 4.97, 25.96, 89.33, 24.48
16:17:20.693 , mppoctht, 72236.00, 2.28, -0.26, 15.98, 4.97, 25.96, 89.33, 24.47
16:17:20.694 , mppoctht, 72272.00, 2.28, -0.26, 15.98, 4.97, 25.96, 89.33, 24.47
16:17:20.694 , mppoctht, 72308.00, 2.49, -0.26, 15.95, 5.04, 25.96, 89.36, 24.47
16:17:20.728 , mppoctht, 72344.00, 2.95, -0.26, 15.95, 5.04, 25.96, 89.36, 24.47
16:17:20.728 , mppoctht, 72380.00, 2.53, -0.26, 15.95, 5.04, 25.96, 89.36, 24.47
16:17:20.731 , mppoctht, 72416.00, 2.20, -0.26, 15.95, 5.04, 25.96, 89.36, 24.47
16:17:20.733 , mppoctht, 72452.00, 2.28, -0.26, 15.95, 5.04, 25.96, 89.36, 24.47
16:17:20.736 , mppoctht, 72488.00, 2.15, -0.26, 15.95, 5.12, 25.95, 89.35, 24.48
16:17:20.736 , mppoctht, 72524.00, 2.07, -0.26, 15.95, 5.12, 25.95, 89.35, 24.48
16:17:20.763 , mppoctht, 72560.00, 2.41, -0.26, 15.95, 5.12, 25.95, 89.35, 24.47
16:17:20.763 , mppoctht, 72596.00, 2.28, -0.26, 15.95, 5.12, 25.95, 89.35, 24.47
16:17:20.765 , mppoctht, 72632.00, 2.15, -0.26, 15.92, 5.18, 25.95, 89.35, 24.47
16:17:20.767 , mppoctht, 72668.00, 2.08, -0.26, 15.92, 5.18, 25.95, 89.35, 24.47
16:17:20.770 , mppoctht, 72704.00, 2.15, -0.26, 15.92, 5.18, 25.95, 89.35, 24.48
16:17:20.773 , mppoctht, 72740.00, 2.11, -0.26, 15.92, 5.18, 25.95, 89.35, 24.48
16:17:20.773 , mppoctht, 72776.00, 1.58, -0.26, 15.89, 5.08, 25.96, 89.34, 24.48
16:17:20.834 , mppoctht, 72812.00, 1.65, -0.26, 15.89, 5.08, 25.96, 89.34, 24.48
16:17:20.836 , mppoctht, 72848.00, 1.95, -0.26, 15.89, 5.08, 25.96, 89.34, 24.48
16:17:20.859 , mppoctht, 72884.00, 1.87, -0.26, 15.89, 5.08, 25.96, 89.34, 24.48
16:17:20.859 , mppoctht, 72920.00, 1.37, -0.26, 15.86, 4.97, 25.95, 89.28, 24.48
16:17:20.874 , mppoctht, 72956.00, 1.41, -0.26, 15.86, 4.97, 25.95, 89.28, 24.48
16:17:20.874 , mppoctht, 72995.00, 0.75, -0.26, 15.86, 4.97, 25.95, 89.28, 24.48
16:17:20.875 , mppoctht, 73032.00, 0.41, -0.26, 15.86, 4.97, 25.95, 89.28, 24.48
16:17:20.915 , mppoctht, 73068.00, 0.29, -0.26, 15.86, 4.90, 25.96, 89.24, 24.48
16:17:20.916 , mppoctht, 73104.00, -0.50, -0.26, 15.86, 4.90, 25.96, 89.24, 24.48
16:17:20.918 , mppoctht, 73140.00, -2.01, -0.26, 15.86, 4.90, 25.96, 89.24, 24.48
16:17:20.920 , mppoctht, 73176.00, -2.01, -0.26, 15.86, 4.90, 25.96, 89.24, 24.48
16:17:20.920 , mppoctht, 73212.00, -0.31, -0.26, 15.83, 5.26, 25.97, 89.17, 24.48
16:17:20.923 , mppoctht, 73248.00, -0.03, 0.23, 15.83, 5.26, 25.97, 89.17, 24.48
16:17:20.923 , mppoctht, 73285.00, -0.50, -0.08, 15.83, 5.26, 25.97, 89.17, 24.48
16:17:20.924 , mppoctht, 73321.00, -0.13, 0.10, 15.83, 5.26, 25.97, 89.17, 24.48
16:17:20.931 , mppoctht, 73357.00, -0.13, 0.15, 15.83, 5.26, 25.97, 89.17, 24.48
16:17:20.934 , mppoctht, 73393.00, -0.31, 0.49, 15.86, 4.87, 25.97, 89.10, 24.48
16:17:20.949 , mppoctht, 73429.00, -0.13, 1.31, 15.86, 4.87, 25.97, 89.10, 24.48
16:17:20.950 , mppoctht, 73465.00, -0.13, 2.75, 15.86, 4.87, 25.97, 89.10, 24.48
16:17:20.952 , mppoctht, 73501.00, -0.03, 3.87, 15.86, 4.87, 25.97, 89.10, 24.48
16:17:20.952 , mppoctht, 73537.00, -0.31, 3.70, 15.83, 4.94, 25.95, 88.99, 24.48
16:17:21.004 , mppoctht, 73573.00, -0.31, 3.79, 15.83, 4.94, 25.95, 88.99, 24.48
16:17:21.012 , mppoctht, 73609.00, -0.31, 3.53, 15.83, 4.94, 25.95, 88.99, 24.48
16:17:21.014 , mppoctht, 73645.00, -0.13, 3.22, 15.83, 4.94, 25.95, 88.99, 24.48
16:17:21.021 , mppoctht, 73681.00, -0.31, 2.96, 15.83, 3.70, 25.96, 88.94, 24.48
16:17:21.024 , mppoctht, 73717.00, -0.50, 2.66, 15.83, 3.70, 25.96, 88.94, 24.48
16:17:21.024 , mppoctht, 73753.00, -0.13, 2.66, 15.83, 3.70, 25.96, 88.94, 24.48
16:17:21.052 , mppoctht, 73789.00, -0.31, 2.53, 15.83, 3.70, 25.96, 88.94, 24.48
16:17:21.058 , mppoctht, 73825.00, -0.31, 2.10, 15.86, 2.79, 25.98, 88.87, 24.48
16:17:21.060 , mppoctht, 73861.00, -0.13, 2.18, 15.86, 2.79, 25.98, 88.87, 24.48
16:17:21.061 , mppoctht, 73900.00, -0.13, 1.83, 15.86, 2.79, 25.98, 88.87, 24.48
16:17:21.061 , mppoctht, 73937.00, -0.31, 1.62, 15.86, 2.79, 25.98, 88.87, 24.48
16:17:21.061 , mppoctht, 73973.00, -0.13, 1.66, 15.89, 2.72, 25.99, 88.80, 24.48
16:17:21.070 , mppoctht, 74009.00, -0.31, 1.66, 15.89, 2.72, 25.99, 88.80, 24.48
16:17:21.099 , mppoctht, 74045.00, -0.31, 1.97, 15.89, 2.72, 25.99, 88.80, 24.48
16:17:26.513 , mppoctht, 74082.00, -0.31, 1.79, 15.89, 2.72, 25.99, 88.80, 24.49
16:17:26.520 , mppoctht, 74122.00, -0.13, 1.75, 15.95, 2.59, 26.02, 88.73, 24.48
16:17:26.522 , mppoctht, 74163.00, -0.13, 1.66, 15.95, 2.59, 26.02, 88.73, 24.48
16:17:26.522 , mppoctht, 74221.00, -0.31, 1.40, 15.95, 2.59, 26.02, 88.73, 24.48
16:17:26.524 , mppoctht, 74258.00, -0.31, 1.50, 15.95, 2.59, 26.02, 88.73, 24.48
16:17:26.524 , mppoctht, 74295.00, -0.31, 1.70, 16.04, 3.03, 26.04, 88.69, 24.48
16:17:26.524 , mppoctht, 74334.00, -0.13, 1.31, 16.04, 3.03, 26.04, 88.69, 24.48
16:17:26.525 , mppoctht, 74374.00, -0.31, 1.27, 16.04, 3.03, 26.04, 88.69, 24.48
16:17:26.536 , mppoctht, 74413.00, -0.31, 1.27, 16.04, 3.03, 26.04, 88.69, 24.49
16:17:26.560 , mppoctht, 74450.00, -0.31, 1.36, 16.10, 3.95, 26.08, 88.75, 24.49
16:17:26.563 , mppoctht, 74486.00, -0.13, 1.27, 16.10, 3.95, 26.08, 88.75, 24.49
16:17:26.564 , mppoctht, 74523.00, -0.31, 1.15, 16.10, 3.95, 26.08, 88.75, 24.48
16:17:26.572 , mppoctht, 74560.00, -0.13, 1.10, 16.10, 3.95, 26.08, 88.75, 24.48
16:17:26.572 , mppoctht, 74600.00, -0.13, 1.18, 16.10, 3.95, 26.08, 88.75, 24.49
16:17:26.599 , mppoctht, 74640.00, -0.31, 1.40, 16.13, 3.79, 26.11, 88.78, 24.49
16:17:26.626 , mppoctht, 74677.00, -0.31, 1.23, 16.13, 3.79, 26.11, 88.78, 24.49
16:17:26.648 , mppoctht, 74715.00, -0.31, 1.06, 16.13, 3.79, 26.11, 88.78, 24.49
16:17:26.650 , mppoctht, 74752.00, -0.31, 1.06, 16.13, 3.79, 26.11, 88.78, 24.49
16:17:26.651 , mppoctht, 74788.00, -0.31, 0.98, 16.16, 4.20, 26.15, 88.88, 24.49
16:17:26.651 , mppoctht, 74824.00, -0.31, 0.93, 16.16, 4.20, 26.15, 88.88, 24.49
16:17:26.683 , mppoctht, 74862.00, -0.13, 0.98, 16.16, 4.20, 26.15, 88.88, 24.49
16:17:26.684 , mppoctht, 74899.00, -0.13, 0.79, 16.16, 4.20, 26.15, 88.88, 24.48
16:17:26.687 , mppoctht, 74935.00, -0.13, 0.62, 16.16, 4.28, 26.16, 88.95, 24.48
16:17:26.687 , mppoctht, 74971.00, -0.13, 0.93, 16.16, 4.28, 26.16, 88.95, 24.49
16:17:26.688 , mppoctht, 75007.00, -0.13, 0.84, 16.16, 4.28, 26.16, 88.95, 24.49
16:17:26.689 , mppoctht, 75043.00, -0.13, 0.67, 16.16, 4.28, 26.16, 88.95, 24.49
16:17:26.695 , mppoctht, 75079.00, -0.13, 0.79, 16.16, 4.28, 26.16, 88.95, 24.49
16:17:26.722 , mppoctht, 75116.00, -0.13, 0.62, 16.10, 4.50, 26.17, 89.10, 24.49
16:17:26.739 , mppoctht, 75156.00, -0.31, 0.79, 16.10, 4.50, 26.17, 89.10, 24.49
16:17:26.740 , mppoctht, 75196.00, -0.13, 0.88, 16.10, 4.50, 26.17, 89.10, 24.49
16:17:26.741 , mppoctht, 75232.00, -0.13, 0.88, 16.10, 4.50, 26.17, 89.10, 24.49
16:17:26.742 , mppoctht, 75268.00, -0.31, 0.75, 16.16, 4.75, 26.20, 89.19, 24.49
16:17:26.767 , mppoctht, 75304.00, -0.31, 0.75, 16.16, 4.75, 26.20, 89.19, 24.49
16:17:26.768 , mppoctht, 75340.00, -0.13, 0.75, 16.16, 4.75, 26.20, 89.19, 24.49
16:17:26.781 , mppoctht, 75376.00, -0.31, 0.67, 16.16, 4.75, 26.20, 89.19, 24.49
16:17:26.782 , mppoctht, 75412.00, -0.31, 0.84, 16.16, 4.75, 26.20, 89.19, 24.49
16:17:26.839 , mppoctht, 75448.00, -0.13, 0.67, 16.19, 4.67, 26.23, 89.34, 24.49
16:17:26.840 , mppoctht, 75484.00, -0.31, 0.62, 16.19, 4.67, 26.23, 89.34, 24.49
16:17:26.841 , mppoctht, 75520.00, -0.13, 0.58, 16.19, 4.67, 26.23, 89.34, 24.49
16:17:26.855 , mppoctht, 75556.00, -0.13, 0.75, 16.19, 4.67, 26.23, 89.34, 24.49
16:17:26.857 , mppoctht, 75592.00, -0.31, 0.67, 16.17, 4.90, 26.25, 89.49, 24.49
16:17:26.858 , mppoctht, 75628.00, -0.31, 0.71, 16.17, 4.90, 26.25, 89.49, 24.49
16:17:26.859 , mppoctht, 75664.00, -0.13, 0.49, 16.17, 4.90, 26.25, 89.49, 24.49
16:17:26.872 , mppoctht, 75700.00, -0.13, 0.40, 16.17, 4.90, 26.25, 89.49, 24.49
16:17:26.873 , mppoctht, 75736.00, -0.31, 0.45, 16.17, 4.90, 26.25, 89.49, 24.49
16:17:26.875 , mppoctht, 75772.00, -0.31, 0.45, 16.19, 4.94, 26.28, 89.57, 24.49
16:17:26.879 , mppoctht, 75808.00, -0.13, 0.45, 16.19, 4.94, 26.28, 89.57, 24.49
16:17:26.881 , mppoctht, 75844.00, -0.13, 0.40, 16.19, 4.94, 26.28, 89.57, 24.49
16:17:26.882 , mppoctht, 75880.00, -0.31, 0.36, 16.19, 4.94, 26.28, 89.57, 24.49
16:17:26.910 , mppoctht, 75916.00, -0.13, 0.28, 16.13, 5.28, 26.28, 89.68, 24.49