11:20:41.135 , TTPPH, 9537, 28.23, 28.52, 100785.20, 100781.85, 34.63
11:20:43.842 , TTPPH, 12547, 28.24, 28.52, 100786.98, 100782.38, 34.64
11:20:46.866 , TTPPH, 15557, 28.25, 28.53, 100786.09, 100780.91, 34.60
11:20:49.852 , TTPPH, 18566, 28.26, 28.54, 100786.73, 100782.46, 34.58
11:20:53.017 , TTPPH, 21576, 28.27, 28.54, 100786.78, 100775.38, 34.36
11:21:02.910 , Vol+O2, 26707.00, 0.00, 0.00, 20.96
11:21:02.935 , Vol+O2, 26743.00, 0.00, 0.00, 20.96
11:21:02.935 , Vol+O2, 26778.00, 0.00, 0.00, 20.96
11:21:02.938 , Vol+O2, 26813.00, 0.00, 0.00, 20.96
11:21:02.939 , Vol+O2, 26848.00, 0.00, 0.00, 20.96
11:21:02.939 , Vol+O2, 26883.00, 0.00, 0.00, 20.96
11:21:02.941 , Vol+O2, 26918.00, 0.00, 0.00, 20.96
11:21:02.941 , Vol+O2, 26953.00, 0.00, 0.00, 21.11
11:21:02.943 , Vol+O2, 26988.00, 0.00, 0.00, 21.11
11:21:02.943 , Vol+O2, 27023.00, 0.00, 0.00, 21.11
11:21:02.947 , Vol+O2, 27058.00, 0.00, 0.00, 21.11
11:21:02.947 , Vol+O2, 27093.00, 0.00, 0.00, 20.96
11:21:02.949 , Vol+O2, 27128.00, 0.00, 0.00, 20.96
11:21:02.949 , Vol+O2, 27163.00, 0.00, 0.00, 20.96
11:21:02.966 , Vol+O2, 27198.00, 0.00, 0.00, 20.96
11:21:02.966 , Vol+O2, 27235.00, 0.00, 0.00, 20.96
11:21:03.003 , Vol+O2, 27270.00, 0.00, 0.00, 20.96
11:21:03.003 , Vol+O2, 27305.00, 0.00, 0.00, 20.96
11:21:03.005 , Vol+O2, 27340.00, 0.00, 0.00, 20.96
11:21:03.005 , Vol+O2, 27375.00, 0.00, 0.00, 20.96
11:21:03.027 , Vol+O2, 27410.00, 0.00, 0.00, 20.96
11:21:03.027 , Vol+O2, 27445.00, 0.00, 0.00, 20.96
11:21:03.040 , Vol+O2, 27480.00, 0.00, 0.00, 20.96
11:21:03.040 , Vol+O2, 27515.00, 0.00, 0.00, 20.96
11:21:03.042 , Vol+O2, 27551.00, 0.00, 0.00, 20.96
11:21:03.043 , Vol+O2, 27586.00, 0.00, 0.00, 20.96
11:21:03.043 , Vol+O2, 27621.00, 0.00, 0.00, 20.96
11:21:03.044 , Vol+O2, 27656.00, 0.00, 0.00, 20.96
11:21:03.044 , Vol+O2, 27691.00, 0.00, 0.00, 20.96
11:21:03.047 , Vol+O2, 27726.00, 0.00, 0.00, 20.96
11:21:03.047 , Vol+O2, 27761.00, 0.00, 0.00, 20.96
11:21:03.051 , Vol+O2, 27796.00, 0.00, 0.00, 20.96
11:21:03.051 , Vol+O2, 27831.00, 0.00, 0.00, 20.96
11:21:03.077 , Vol+O2, 27866.00, 0.00, 0.00, 20.96
11:21:03.077 , Vol+O2, 27901.00, 0.00, 0.00, 20.96
11:21:03.080 , Vol+O2, 27936.00, 0.00, 0.00, 20.96
11:21:03.080 , Vol+O2, 27971.00, 0.00, 0.00, 20.96
11:21:03.081 , Vol+O2, 28007.00, 0.00, 0.00, 20.96
11:21:03.081 , Vol+O2, 28042.00, 0.00, 0.00, 20.96
11:21:03.083 , Vol+O2, 28077.00, 0.00, 0.00, 20.96
11:21:03.083 , Vol+O2, 28112.00, 0.00, 0.00, 20.96
11:21:03.086 , Vol+O2, 28147.00, 0.00, 0.00, 20.96
11:21:03.086 , Vol+O2, 28182.00, 0.00, 0.00, 20.96
11:21:03.129 , Vol+O2, 28217.00, 0.00, 0.00, 20.96
11:21:03.129 , Vol+O2, 28252.00, 0.00, 0.00, 20.96
11:21:03.132 , Vol+O2, 28287.00, 0.00, 0.00, 20.96
11:21:03.132 , Vol+O2, 28322.00, 0.00, 0.00, 20.96
11:21:03.132 , Vol+O2, 28357.00, 0.00, 0.00, 20.96
11:21:03.132 , Vol+O2, 28392.00, 0.00, 0.00, 20.96
11:21:03.135 , Vol+O2, 28427.00, 0.00, 0.00, 20.96
11:21:03.135 , Vol+O2, 28463.00, 0.00, 0.00, 20.96
11:21:03.135 , Vol+O2, 28498.00, 0.00, 0.00, 20.96
11:21:03.135 , Vol+O2, 28533.00, 0.00, 0.00, 20.96
11:21:03.139 , Vol+O2, 28568.00, 0.00, 0.00, 20.96
11:21:03.144 , Vol+O2, 28603.00, 0.00, 0.00, 20.96
11:21:03.144 , Vol+O2, 28638.00, 0.00, 0.00, 20.96
11:21:03.168 , Vol+O2, 28673.00, 0.00, 0.00, 20.96
11:21:03.168 , Vol+O2, 28708.00, 0.00, 0.00, 20.96
11:21:03.205 , Vol+O2, 28743.00, 0.00, 0.00, 20.96
11:21:03.205 , Vol+O2, 28778.00, 0.00, 0.00, 20.96
11:21:03.205 , Vol+O2, 28813.00, 0.00, 0.00, 20.96
11:21:03.207 , Vol+O2, 28848.00, 0.00, 0.00, 20.96
11:21:03.207 , Vol+O2, 28883.00, 0.00, 0.00, 20.96
11:21:03.244 , Vol+O2, 28919.00, 0.00, 0.00, 20.96
11:21:03.244 , Vol+O2, 28954.00, 0.00, 0.00, 20.96
11:21:03.244 , Vol+O2, 28989.00, 0.00, 0.00, 20.96
11:21:03.247 , Vol+O2, 29024.00, 0.00, 0.00, 20.96
11:21:03.249 , Vol+O2, 29059.00, 0.00, 0.00, 20.96
11:21:03.249 , Vol+O2, 29094.00, 0.00, 0.00, 20.96
11:21:03.251 , Vol+O2, 29129.00, 0.00, 0.00, 20.96
11:21:03.251 , Vol+O2, 29164.00, 0.00, 0.00, 20.96
11:21:03.255 , Vol+O2, 29199.00, 0.00, 0.00, 20.96
11:21:03.255 , Vol+O2, 29234.00, 0.00, 0.00, 20.96
11:21:03.256 , Vol+O2, 29269.00, 0.00, 0.00, 20.96
11:21:03.256 , Vol+O2, 29304.00, 0.00, 0.00, 20.96
11:21:03.257 , Vol+O2, 29339.00, 0.00, 0.00, 20.96
11:21:03.257 , Vol+O2, 29375.00, 0.00, 0.00, 20.96
11:21:03.260 , Vol+O2, 29410.00, 0.00, 0.00, 20.96
11:21:03.260 , Vol+O2, 29445.00, 0.00, 0.00, 20.96
11:21:03.260 , Vol+O2, 29480.00, 0.00, 0.00, 20.96
11:21:03.265 , Vol+O2, 29515.00, 0.00, 0.00, 20.96
11:21:03.265 , Vol+O2, 29550.00, 0.00, 0.00, 20.96
11:21:03.288 , Vol+O2, 29585.00, 0.00, 0.00, 20.96
11:21:03.288 , Vol+O2, 29620.00, 0.00, 0.00, 20.96
11:21:03.314 , Vol+O2, 29655.00, 0.00, 0.00, 20.96
11:21:03.314 , Vol+O2, 29690.00, 0.00, 0.00, 20.96
11:21:03.319 , Vol+O2, 29725.00, 0.00, 0.00, 20.96
11:21:03.319 , Vol+O2, 29760.00, 0.00, 0.00, 20.96
11:21:03.320 , Vol+O2, 29795.00, 0.00, 0.00, 20.96
11:21:03.323 , Vol+O2, 29831.00, 0.00, 0.00, 20.96
11:21:03.323 , Vol+O2, 29866.00, 0.00, 0.00, 20.96
11:21:03.324 , Vol+O2, 29901.00, 0.00, 0.00, 20.96
11:21:03.324 , Vol+O2, 29936.00, 0.00, 0.00, 20.96
11:21:03.326 , Vol+O2, 29971.00, 0.00, 0.00, 20.96
11:21:03.326 , Vol+O2, 30006.00, 0.00, 0.00, 20.96
11:21:03.328 , Vol+O2, 30041.00, 0.00, 0.00, 20.96
11:21:03.328 , Vol+O2, 30076.00, 0.00, 0.00, 20.96
11:21:03.329 , Vol+O2, 30111.00, 0.00, 0.00, 20.96
11:21:03.329 , Vol+O2, 30146.00, 0.00, 0.00, 20.96
11:21:03.333 , Vol+O2, 30181.00, 0.00, 0.00, 20.96
11:21:03.333 , Vol+O2, 30216.00, 0.00, 0.00, 20.96
11:21:03.333 , Vol+O2, 30251.00, 0.00, 0.00, 20.96
11:21:03.337 , Vol+O2, 30286.00, 0.00, 0.00, 20.96
11:21:03.337 , Vol+O2, 30321.00, 0.00, 0.00, 20.96
11:21:03.342 , Vol+O2, 30356.00, 0.00, 0.00, 20.96
11:21:03.342 , Vol+O2, 30391.00, 0.00, 0.00, 20.96
11:21:03.345 , Vol+O2, 30426.00, 0.00, 0.00, 20.96
11:21:03.345 , Vol+O2, 30461.00, 0.00, 0.00, 20.96
11:21:03.348 , Vol+O2, 30496.00, 0.00, 0.00, 20.96
11:21:03.348 , Vol+O2, 30531.00, 0.00, 0.00, 20.96
11:21:03.350 , Vol+O2, 30566.00, 0.00, 0.00, 20.96
11:21:03.350 , Vol+O2, 30601.00, 0.00, 0.00, 20.96
11:21:03.354 , Vol+O2, 30636.00, 0.00, 0.00, 20.96
11:21:03.354 , Vol+O2, 30671.00, 0.00, 0.00, 20.96
11:21:03.376 , Vol+O2, 30706.00, 0.00, 0.00, 20.96
11:21:03.376 , Vol+O2, 30741.00, 0.00, 0.00, 20.96
11:21:03.380 , Vol+O2, 30776.00, 0.00, 0.00, 20.96
11:21:03.380 , Vol+O2, 30811.00, 0.00, 0.00, 20.96
11:21:03.380 , Vol+O2, 30847.00, 0.00, 0.00, 20.96
11:21:03.380 , Vol+O2, 30882.00, 0.00, 0.00, 20.96
11:21:03.382 , Vol+O2, 30917.00, 0.00, 0.00, 20.95
11:21:03.384 , Vol+O2, 30952.00, 0.00, 0.00, 20.95
11:21:03.384 , Vol+O2, 30987.00, 0.00, 0.00, 20.95
11:21:03.384 , Vol+O2, 31022.00, 0.00, 0.00, 20.95
11:21:03.384 , Vol+O2, 31057.00, 0.00, 0.00, 20.96
11:21:03.387 , Vol+O2, 31092.00, 0.00, 0.00, 20.96
11:21:03.387 , Vol+O2, 31127.00, 0.00, 0.00, 20.96
11:21:03.392 , Vol+O2, 31162.00, 0.00, 0.00, 20.96
11:21:03.392 , Vol+O2, 31197.00, 0.00, 0.00, 20.96
11:21:03.417 , Vol+O2, 31232.00, 0.00, 0.00, 20.96
11:21:03.417 , Vol+O2, 31267.00, 0.00, 0.00, 20.96
11:21:03.420 , Vol+O2, 31302.00, 0.00, 0.00, 20.96
11:21:03.420 , Vol+O2, 31337.00, 0.00, 0.00, 20.96
11:21:03.421 , Vol+O2, 31372.00, 0.00, 0.00, 20.96
11:21:03.421 , Vol+O2, 31407.00, 0.00, 0.00, 20.96
11:21:03.421 , Vol+O2, 31442.00, 0.00, 0.00, 20.96
11:21:03.423 , Vol+O2, 31477.00, 0.00, 0.00, 20.96
11:21:03.423 , Vol+O2, 31512.00, 0.00, 0.00, 20.96
11:21:03.423 , Vol+O2, 31547.00, 0.00, 0.00, 20.96
11:21:03.431 , Vol+O2, 31582.00, 0.00, 0.00, 20.96
11:21:03.456 , Vol+O2, 31617.00, 0.00, 0.00, 20.96
11:21:08.863 , Vol+O2, 31652.00, 0.00, 0.00, 20.96
11:21:08.863 , Vol+O2, 31699.00, 0.00, 0.00, 20.95
11:21:08.863 , Vol+O2, 31736.00, 0.00, 0.00, 20.95
11:21:08.863 , Vol+O2, 31785.00, 0.00, 0.00, 20.95
11:21:08.863 , Vol+O2, 31824.00, 0.00, 0.00, 20.96
11:21:08.863 , Vol+O2, 31878.00, 0.00, 0.00, 20.96
11:21:08.867 , Vol+O2, 31932.00, 0.00, 0.00, 20.96
11:21:08.867 , Vol+O2, 31967.00, 0.00, 0.00, 20.96
11:21:08.863 , Vol+O2, 32002.00, 0.00, 0.00, 20.96
11:21:08.867 , Vol+O2, 32094.00, 0.00, 0.00, 20.96
11:21:08.867 , Vol+O2, 32130.00, 0.00, 0.00, 20.96
11:21:08.869 , Vol+O2, 32166.00, 0.00, 0.00, 20.96
11:21:08.869 , Vol+O2, 32203.00, 0.00, 0.00, 20.96
11:21:08.869 , Vol+O2, 32238.00, 0.00, 0.00, 20.96
11:21:08.869 , Vol+O2, 32273.00, 0.00, 0.00, 20.96
11:21:08.869 , Vol+O2, 32308.00, 0.00, 0.00, 20.96
11:21:08.869 , Vol+O2, 32343.00, 0.00, 0.00, 20.96
11:21:08.877 , Vol+O2, 32378.00, 0.00, 0.00, 20.96
11:21:08.877 , Vol+O2, 32413.00, 0.00, 0.00, 20.96
11:21:08.902 , Vol+O2, 32448.00, 0.00, 0.00, 20.96
11:21:08.902 , Vol+O2, 32483.00, 0.00, 0.00, 20.96
11:21:08.902 , Vol+O2, 32518.00, 0.00, 0.00, 20.96
11:21:08.905 , Vol+O2, 32553.00, 0.00, 0.00, 20.96
11:21:08.905 , Vol+O2, 32588.00, 0.00, 0.00, 20.96
11:21:08.905 , Vol+O2, 32623.00, 0.00, 0.00, 20.96
11:21:08.905 , Vol+O2, 32658.00, 0.00, 0.00, 20.96
11:21:08.907 , Vol+O2, 32693.00, 0.00, 0.00, 20.96
11:21:08.907 , Vol+O2, 32728.00, 0.00, 0.00, 20.96
11:21:08.948 , Vol+O2, 32763.00, 0.00, 0.00, 20.96
11:21:08.948 , Vol+O2, 32798.00, 0.00, 0.00, 20.96
11:21:08.951 , Vol+O2, 32833.00, 0.00, 0.00, 20.96
11:21:08.951 , Vol+O2, 32870.00, 0.00, 0.00, 20.96
11:21:08.953 , Vol+O2, 32905.00, 0.00, 0.00, 20.96
11:21:08.953 , Vol+O2, 32940.00, 0.00, 0.00, 20.96
11:21:08.955 , Vol+O2, 32975.00, 0.00, 0.00, 20.96
11:21:08.955 , Vol+O2, 33010.00, 0.00, 0.00, 20.96
11:21:08.992 , Vol+O2, 33046.00, 0.00, 0.00, 20.96
11:21:08.992 , Vol+O2, 33081.00, 0.00, 0.00, 20.96
11:21:08.996 , Vol+O2, 33116.00, 0.00, 0.00, 20.96
11:21:08.996 , Vol+O2, 33151.00, 0.00, 0.00, 20.96
11:21:09.000 , Vol+O2, 33186.00, 0.00, 0.00, 20.96
11:21:09.000 , Vol+O2, 33221.00, 0.00, 0.00, 20.96
11:21:09.000 , Vol+O2, 33256.00, 0.00, 0.00, 20.96
11:21:09.004 , Vol+O2, 33291.00, 0.00, 0.00, 20.96
11:21:09.004 , Vol+O2, 33326.00, 0.00, 0.00, 20.96
11:21:09.004 , Vol+O2, 33361.00, 0.00, 0.00, 20.96
11:21:09.006 , Vol+O2, 33396.00, 0.00, 0.00, 20.96
11:21:09.006 , Vol+O2, 33431.00, 0.00, 0.00, 20.96
11:21:09.008 , Vol+O2, 33466.00, 0.00, 0.00, 20.96
11:21:09.008 , Vol+O2, 33501.00, 0.00, 0.00, 20.96
11:21:09.009 , Vol+O2, 33536.00, 0.00, 0.00, 20.96
11:21:09.009 , Vol+O2, 33571.00, 0.00, 0.00, 20.96
11:21:09.015 , Vol+O2, 33606.00, 0.00, 0.00, 20.96
11:21:09.015 , Vol+O2, 33641.00, 0.00, 0.00, 20.96
11:21:09.017 , Vol+O2, 33676.00, 0.00, 0.00, 20.96
11:21:09.017 , Vol+O2, 33711.00, 0.00, 0.00, 20.96
11:21:09.044 , Vol+O2, 33746.00, 0.00, 0.00, 20.96
11:21:09.044 , Vol+O2, 33781.00, 0.00, 0.00, 20.96
11:21:09.055 , Vol+O2, 33816.00, 0.00, 0.00, 20.96
11:21:09.055 , Vol+O2, 33851.00, 0.00, 0.00, 20.96
11:21:09.057 , Vol+O2, 33886.00, 0.00, 0.00, 20.96
11:21:09.057 , Vol+O2, 33921.00, 0.00, 0.00, 20.96
11:21:09.059 , Vol+O2, 33956.00, 0.00, 0.00, 20.96
11:21:09.059 , Vol+O2, 33991.00, 0.00, 0.00, 20.96
11:21:09.061 , Vol+O2, 34026.00, 0.00, 0.00, 20.96
11:21:09.061 , Vol+O2, 34061.00, 0.00, 0.00, 20.96
11:21:09.061 , Vol+O2, 34096.00, 0.00, 0.00, 20.96
11:21:09.064 , Vol+O2, 34131.00, 0.00, 0.00, 20.96
11:21:09.064 , Vol+O2, 34166.00, 0.00, 0.00, 20.96
11:21:09.066 , Vol+O2, 34201.00, 0.00, 0.00, 20.96
11:21:09.066 , Vol+O2, 34236.00, 0.00, 0.00, 20.96
11:21:09.069 , Vol+O2, 34271.00, 0.00, 0.00, 20.96
11:21:09.069 , Vol+O2, 34306.00, 0.00, 0.00, 20.96
11:21:09.072 , Vol+O2, 34341.00, 0.00, 0.00, 20.96
11:21:09.072 , Vol+O2, 34376.00, 0.00, 0.00, 20.96
11:21:09.074 , Vol+O2, 34411.00, 0.00, 0.00, 20.96
11:21:09.074 , Vol+O2, 34446.00, 0.00, 0.00, 20.96
11:21:09.078 , Vol+O2, 34481.00, 0.00, 0.00, 20.96
11:21:09.078 , Vol+O2, 34516.00, 0.00, 0.00, 20.96
11:21:09.082 , Vol+O2, 34551.00, 0.00, 0.00, 20.96
11:21:09.082 , Vol+O2, 34586.00, 0.00, 0.00, 20.96
11:21:09.084 , Vol+O2, 34621.00, 0.00, 0.00, 20.96
11:21:09.084 , Vol+O2, 34656.00, 0.00, 0.00, 20.96
11:21:09.088 , Vol+O2, 34691.00, 0.00, 0.00, 20.96
11:21:09.088 , Vol+O2, 34726.00, 0.00, 0.00, 20.96
11:21:09.127 , Vol+O2, 34761.00, 0.00, 0.00, 20.96
11:21:09.127 , Vol+O2, 34796.00, 0.00, 0.00, 20.96
11:21:09.129 , Vol+O2, 34831.00, 0.00, 0.00, 20.96
11:21:09.129 , Vol+O2, 34866.00, 0.00, 0.00, 20.96
11:21:09.129 , Vol+O2, 34901.00, 0.00, 0.00, 20.96
11:21:09.129 , Vol+O2, 34936.00, 0.00, 0.00, 20.96
11:21:09.131 , Vol+O2, 34971.00, 0.00, 0.00, 20.96
11:21:09.131 , Vol+O2, 35006.00, 0.00, 0.00, 20.96
11:21:09.133 , Vol+O2, 35041.00, 0.00, 0.00, 20.96
11:21:09.134 , Vol+O2, 35076.00, 0.00, 7.67, 20.96
11:21:09.134 , Vol+O2, 35111.00, 0.00, 17.57, 20.96
11:21:09.136 , Vol+O2, 35146.00, 0.00, 25.52, 20.96
11:21:09.136 , Vol+O2, 35181.00, 0.00, 27.18, 20.96
11:21:09.139 , Vol+O2, 35216.00, 0.00, 29.87, 20.96
11:21:09.139 , Vol+O2, 35251.00, 0.00, 32.48, 20.96
11:21:09.145 , Vol+O2, 35286.00, 0.00, 34.84, 20.96
11:21:09.145 , Vol+O2, 35321.00, 0.00, 31.82, 20.96
11:21:09.147 , Vol+O2, 35356.00, 0.00, 31.82, 20.96
11:21:09.147 , Vol+O2, 35391.00, 0.00, 31.60, 20.96
11:21:09.149 , Vol+O2, 35426.00, 0.00, 29.33, 20.96
11:21:09.149 , Vol+O2, 35461.00, 0.00, 30.40, 20.96
11:21:09.154 , Vol+O2, 35496.00, 0.00, 30.73, 20.96
11:21:09.154 , Vol+O2, 35531.00, 0.00, 28.81, 20.96
11:21:09.154 , Vol+O2, 35566.00, 0.00, 27.28, 20.96
11:21:09.157 , Vol+O2, 35601.00, 0.00, 26.30, 20.96
11:21:09.157 , Vol+O2, 35638.00, 0.00, 26.00, 20.96
11:21:09.193 , Vol+O2, 35673.00, 0.00, 25.52, 20.96
11:21:09.193 , Vol+O2, 35708.00, 0.00, 22.91, 20.96
11:21:09.193 , Vol+O2, 35743.00, 0.00, 21.31, 20.96
11:21:09.196 , Vol+O2, 35778.00, 0.00, 18.07, 20.96
11:21:09.193 , Vol+O2, 35813.00, 0.00, 18.16, 20.96
11:21:09.196 , Vol+O2, 35848.00, 0.00, 17.08, 20.96
11:21:09.196 , Vol+O2, 35883.00, 0.00, 15.22, 20.96
11:21:09.200 , Vol+O2, 35918.00, 0.00, 14.20, 20.96
11:21:09.200 , Vol+O2, 35953.00, 1.12, 0.00, 20.96
11:21:09.218 , Vol+O2, 35988.00, 0.68, 0.00, 20.96
11:21:09.218 , Vol+O2, 36023.00, 0.30, 0.00, 20.96
11:21:09.241 , Vol+O2, 36058.00, 0.00, 0.00, 20.96
11:21:09.241 , Vol+O2, 36093.00, 0.00, 0.00, 20.96
11:21:09.245 , Vol+O2, 36128.00, 0.34, 0.00, 20.96
11:21:09.245 , Vol+O2, 36163.00, 0.00, 1.31, 20.96
11:21:09.247 , Vol+O2, 36198.00, 3.17, 18.16, 20.96
11:21:09.247 , Vol+O2, 36233.00, 0.34, 23.45, 20.96
11:21:09.250 , Vol+O2, 36268.00, 0.00, 27.18, 20.96
11:21:09.250 , Vol+O2, 36303.00, 0.00, 31.82, 20.96
11:21:09.253 , Vol+O2, 36338.00, 0.00, 37.18, 20.96
11:21:09.253 , Vol+O2, 36373.00, 0.00, 34.62, 20.96
11:21:09.254 , Vol+O2, 36408.00, 0.00, 34.39, 20.96
11:21:09.254 , Vol+O2, 36443.00, 0.00, 40.84, 20.96
11:21:09.254 , Vol+O2, 36478.00, 0.00, 43.03, 20.96
11:21:09.257 , Vol+O2, 36513.00, 0.00, 46.63, 20.96
11:21:09.257 , Vol+O2, 36548.00, 0.00, 46.76, 20.95
11:21:09.264 , Vol+O2, 36583.00, 0.00, 51.03, 20.95
11:21:09.264 , Vol+O2, 36618.00, 0.00, 54.05, 20.95
11:21:09.290 , Vol+O2, 36653.00, 0.26, 53.13, 20.95
11:21:09.290 , Vol+O2, 36688.00, 0.00, 50.30, 20.95
11:21:09.290 , Vol+O2, 36723.00, 0.00, 46.63, 20.96
11:21:09.290 , Vol+O2, 36758.00, 0.22, 47.46, 20.96
11:21:09.315 , Vol+O2, 36793.00, 0.34, 48.30, 20.96
11:21:09.315 , Vol+O2, 36828.00, 0.00, 47.46, 20.96
11:21:09.317 , Vol+O2, 36863.00, 0.00, 38.02, 21.02
11:21:09.319 , Vol+O2, 36898.00, 0.00, 30.95, 21.02
11:21:09.319 , Vol+O2, 36933.00, 2.06, 0.00, 21.02
11:21:09.369 , Vol+O2, 36968.00, 0.38, 0.00, 21.02
11:21:09.369 , Vol+O2, 37003.00, 0.34, 0.00, 21.01
11:21:09.370 , Vol+O2, 37038.00, 0.00, 0.00, 21.01
11:21:09.370 , Vol+O2, 37074.00, 0.00, 0.00, 21.01
11:21:09.380 , Vol+O2, 37110.00, 0.00, 0.00, 21.01
11:21:14.335 , Vol+O2, 37168.00, 0.00, 0.65, 21.01
11:21:14.337 , Vol+O2, 37204.00, 0.00, 9.57, 21.01
11:21:14.337 , Vol+O2, 37239.00, 0.00, 13.04, 21.01
11:21:14.339 , Vol+O2, 37274.00, 0.00, 16.13, 21.01
11:21:14.339 , Vol+O2, 37309.00, 0.00, 19.43, 21.02
11:21:14.343 , Vol+O2, 37344.00, 0.00, 23.64, 21.02
11:21:14.343 , Vol+O2, 37379.00, 0.00, 28.71, 21.02
11:21:14.345 , Vol+O2, 37414.00, 0.00, 29.65, 21.02
11:21:14.345 , Vol+O2, 37449.00, 0.00, 28.29, 21.02
11:21:14.347 , Vol+O2, 37484.00, 0.00, 30.08, 21.02
11:21:14.347 , Vol+O2, 37519.00, 0.00, 31.16, 21.02
11:21:14.348 , Vol+O2, 37554.00, 0.00, 32.15, 21.02
11:21:14.348 , Vol+O2, 37608.00, 0.00, 31.92, 21.02
11:21:14.386 , Vol+O2, 37646.00, 0.00, 31.27, 21.05
11:21:14.386 , Vol+O2, 37683.00, 0.00, 34.28, 21.05
11:21:14.386 , Vol+O2, 37720.00, 0.00, 31.60, 21.05
11:21:14.388 , Vol+O2, 37755.00, 0.22, 28.29, 21.05
11:21:14.388 , Vol+O2, 37829.00, 0.00, 27.79, 21.02
11:21:14.391 , Vol+O2, 37897.00, 0.00, 24.01, 21.02
11:21:14.391 , Vol+O2, 37932.00, 0.00, 21.31, 21.02
11:21:14.396 , Vol+O2, 37968.00, 0.00, 18.16, 21.02
11:21:14.396 , Vol+O2, 38004.00, 0.00, 17.08, 21.02
11:21:14.399 , Vol+O2, 38040.00, 0.00, 17.48, 21.02
11:21:14.399 , Vol+O2, 38077.00, 0.00, 1.85, 21.02
11:21:14.400 , Vol+O2, 38112.00, 0.00, 0.00, 21.02
11:21:14.400 , Vol+O2, 38147.00, 0.00, 0.00, 21.02
11:21:14.402 , Vol+O2, 38182.00, 0.00, 0.00, 21.02
11:21:14.402 , Vol+O2, 38217.00, 0.47, 0.00, 21.02
11:21:14.426 , Vol+O2, 38252.00, 0.22, 1.72, 21.02
11:21:14.426 , Vol+O2, 38287.00, 0.38, 17.08, 21.02
11:21:14.437 , Vol+O2, 38322.00, 0.00, 24.01, 21.02
11:21:14.438 , Vol+O2, 38357.00, 0.00, 30.83, 21.02
11:21:14.438 , Vol+O2, 38392.00, 0.00, 34.16, 21.01
11:21:14.439 , Vol+O2, 38427.00, 0.00, 32.15, 21.01
11:21:14.439 , Vol+O2, 38462.00, 0.00, 33.15, 21.01
11:21:14.440 , Vol+O2, 38497.00, 0.00, 33.49, 21.01
11:21:14.440 , Vol+O2, 38533.00, 0.00, 38.14, 21.02
11:21:14.446 , Vol+O2, 38568.00, 0.00, 40.97, 21.02
11:21:14.446 , Vol+O2, 38603.00, 0.00, 46.22, 21.02
11:21:14.449 , Vol+O2, 38638.00, 0.00, 46.90, 21.02
11:21:14.449 , Vol+O2, 38673.00, 0.00, 50.60, 21.02
11:21:14.451 , Vol+O2, 38708.00, 0.00, 42.11, 21.02
11:21:14.451 , Vol+O2, 38743.00, 0.00, 41.35, 21.02
11:21:14.457 , Vol+O2, 38778.00, 0.00, 40.47, 21.02
11:21:14.457 , Vol+O2, 38813.00, 0.22, 35.65, 21.02
11:21:14.457 , Vol+O2, 38848.00, 0.00, 36.23, 21.02
11:21:14.459 , Vol+O2, 38883.00, 0.00, 33.03, 21.02
11:21:14.459 , Vol+O2, 38918.00, 0.00, 35.42, 21.02
11:21:14.475 , Vol+O2, 38953.00, 0.00, 29.12, 21.02
11:21:14.475 , Vol+O2, 38989.00, 0.00, 29.23, 21.02
11:21:14.478 , Vol+O2, 39024.00, 0.00, 27.99, 21.02
11:21:14.478 , Vol+O2, 39059.00, 0.00, 26.20, 21.02
11:21:14.478 , Vol+O2, 39094.00, 0.00, 4.29, 21.02
11:21:14.505 , Vol+O2, 39129.00, 0.00, 0.65, 21.02
11:21:14.505 , Vol+O2, 39164.00, 0.00, 0.32, 21.02
11:21:14.507 , Vol+O2, 39199.00, 0.00, 0.00, 21.02
11:21:14.507 , Vol+O2, 39234.00, 0.00, 0.00, 21.02
11:21:14.509 , Vol+O2, 39269.00, 0.00, 0.00, 21.02
11:21:14.509 , Vol+O2, 39304.00, 0.00, 0.00, 21.02
11:21:14.511 , Vol+O2, 39339.00, 0.00, 4.92, 21.02
11:21:14.511 , Vol+O2, 39374.00, 0.34, 8.52, 21.02
11:21:14.512 , Vol+O2, 39409.00, 0.00, 9.87, 21.02
11:21:14.512 , Vol+O2, 39445.00, 0.00, 13.38, 21.02
11:21:14.514 , Vol+O2, 39480.00, 0.00, 18.07, 21.02
11:21:14.514 , Vol+O2, 39515.00, 0.00, 21.31, 21.02
11:21:14.519 , Vol+O2, 39550.00, 0.00, 23.00, 21.02
11:21:14.564 , Vol+O2, 39585.00, 0.00, 25.71, 21.02
11:21:14.564 , Vol+O2, 39620.00, 0.00, 24.95, 21.02
11:21:14.564 , Vol+O2, 39655.00, 0.00, 23.73, 21.02
11:21:14.565 , Vol+O2, 39690.00, 0.00, 26.49, 21.02
11:21:14.586 , Vol+O2, 39725.00, 0.00, 28.29, 21.02
11:21:14.586 , Vol+O2, 39760.00, 0.00, 27.59, 21.02
11:21:14.600 , Vol+O2, 39795.00, 0.00, 26.69, 21.02
11:21:14.600 , Vol+O2, 39830.00, 0.00, 28.10, 21.02
11:21:14.600 , Vol+O2, 39865.00, 0.00, 27.89, 21.02
11:21:14.602 , Vol+O2, 39901.00, 0.00, 27.89, 20.96
11:21:14.646 , Vol+O2, 39936.00, 0.00, 28.19, 20.96
11:21:14.646 , Vol+O2, 39971.00, 0.00, 26.89, 20.96
11:21:14.656 , Vol+O2, 40006.00, 0.00, 27.69, 20.96
11:21:14.656 , Vol+O2, 40041.00, 0.00, 27.48, 20.96
11:21:14.656 , Vol+O2, 40076.00, 0.00, 26.59, 21.02
11:21:14.656 , Vol+O2, 40111.00, 0.00, 27.28, 21.02
11:21:14.656 , Vol+O2, 40146.00, 0.00, 26.30, 21.02
11:21:14.656 , Vol+O2, 40181.00, 0.00, 24.76, 21.02
11:21:14.656 , Vol+O2, 40216.00, 0.00, 21.57, 21.02
11:21:14.656 , Vol+O2, 40251.00, 0.00, 2.66, 21.02
11:21:14.656 , Vol+O2, 40286.00, 0.00, 0.00, 21.02
11:21:14.656 , Vol+O2, 40321.00, 0.00, 0.00, 21.02
11:21:14.683 , Vol+O2, 40357.00, 0.00, 0.00, 21.02
11:21:14.686 , Vol+O2, 40392.00, 0.00, 0.00, 21.02
11:21:14.686 , Vol+O2, 40427.00, 0.43, 0.00, 21.02
11:21:14.686 , Vol+O2, 40462.00, 0.00, 1.76, 21.02
11:21:14.689 , Vol+O2, 40497.00, 0.00, 11.15, 21.02
11:21:14.690 , Vol+O2, 40532.00, 0.00, 16.60, 21.02
11:21:14.690 , Vol+O2, 40567.00, 0.00, 26.79, 21.02
11:21:14.727 , Vol+O2, 40602.00, 0.00, 32.37, 21.02
11:21:14.727 , Vol+O2, 40637.00, 0.00, 34.28, 21.02
11:21:14.729 , Vol+O2, 40672.00, 0.00, 35.88, 20.95
11:21:14.729 , Vol+O2, 40707.00, 0.00, 35.19, 20.95
11:21:14.756 , Vol+O2, 40742.00, 0.00, 39.47, 20.95
11:21:14.756 , Vol+O2, 40777.00, 0.00, 41.86, 20.95
11:21:14.790 , Vol+O2, 40813.00, 0.00, 42.64, 20.96
11:21:14.790 , Vol+O2, 40848.00, 0.00, 45.41, 20.96
11:21:14.792 , Vol+O2, 40883.00, 0.00, 42.90, 20.96
11:21:14.792 , Vol+O2, 40918.00, 0.00, 43.29, 20.96
11:21:14.796 , Vol+O2, 40953.00, 0.00, 42.11, 20.96
11:21:14.796 , Vol+O2, 40988.00, 0.00, 40.84, 21.02
11:21:14.799 , Vol+O2, 41023.00, 0.00, 39.84, 21.02
11:21:14.799 , Vol+O2, 41058.00, 0.00, 37.77, 21.02
11:21:14.801 , Vol+O2, 41093.00, 0.00, 37.30, 21.02
11:21:14.801 , Vol+O2, 41128.00, 0.00, 33.49, 21.02
11:21:14.801 , Vol+O2, 41163.00, 0.00, 31.16, 21.02
11:21:14.804 , Vol+O2, 41198.00, 0.00, 27.38, 21.02
11:21:14.804 , Vol+O2, 41233.00, 0.00, 25.90, 21.02
11:21:14.831 , Vol+O2, 41269.00, 0.00, 23.09, 21.01
11:21:14.831 , Vol+O2, 41304.00, 2.83, 0.00, 21.01
11:21:14.868 , Vol+O2, 41339.00, 0.51, 0.00, 21.01
11:21:14.868 , Vol+O2, 41374.00, 0.00, 0.00, 21.01
11:21:14.870 , Vol+O2, 41409.00, 0.00, 0.00, 21.01
11:21:14.870 , Vol+O2, 41444.00, 0.00, 0.00, 21.01
11:21:14.872 , Vol+O2, 41479.00, 0.00, 0.00, 21.01
11:21:14.872 , Vol+O2, 41514.00, 1.80, 0.00, 21.01
11:21:14.875 , Vol+O2, 41549.00, 3.39, 9.63, 21.01
11:21:14.875 , Vol+O2, 41584.00, 1.33, 10.54, 21.02
11:21:14.876 , Vol+O2, 41619.00, 0.00, 12.38, 21.02
11:21:14.876 , Vol+O2, 41654.00, 0.00, 16.00, 21.02
11:21:14.878 , Vol+O2, 41689.00, 0.00, 19.26, 21.02
11:21:14.878 , Vol+O2, 41725.00, 0.00, 24.38, 21.02
11:21:14.881 , Vol+O2, 41760.00, 0.00, 27.48, 21.02
11:21:14.881 , Vol+O2, 41795.00, 0.00, 28.40, 21.02
11:21:14.883 , Vol+O2, 41830.00, 0.00, 27.59, 21.02
11:21:14.883 , Vol+O2, 41865.00, 0.00, 26.79, 21.02
11:21:14.887 , Vol+O2, 41900.00, 0.00, 27.99, 21.01
11:21:14.887 , Vol+O2, 41935.00, 0.00, 27.59, 21.01
11:21:14.888 , Vol+O2, 41970.00, 0.00, 28.19, 21.01
11:21:14.888 , Vol+O2, 42005.00, 0.00, 27.22, 21.01
11:21:14.888 , Vol+O2, 42040.00, 0.00, 27.38, 20.95
11:21:14.891 , Vol+O2, 42075.00, 0.00, 27.18, 20.95
11:21:14.891 , Vol+O2, 42110.00, 0.00, 27.79, 20.95
11:21:14.897 , Vol+O2, 42145.00, 0.00, 29.02, 20.95
11:21:14.899 , Vol+O2, 42180.00, 0.00, 26.89, 20.96
11:21:14.899 , Vol+O2, 42215.00, 0.00, 26.99, 20.96
11:21:14.937 , Vol+O2, 42250.00, 0.00, 25.81, 20.96
11:21:14.937 , Vol+O2, 42285.00, 0.00, 23.67, 20.96
11:21:14.938 , Vol+O2, 42320.00, 0.00, 24.29, 20.96
11:21:14.938 , Vol+O2, 42355.00, 0.00, 22.55, 20.96
11:21:14.940 , Vol+O2, 42390.00, 0.00, 21.84, 20.96
11:21:14.940 , Vol+O2, 42425.00, 0.00, 21.05, 20.96
11:21:14.944 , Vol+O2, 42460.00, 1.94, 0.28, 20.96
11:21:14.944 , Vol+O2, 42495.00, 0.00, 0.00, 20.96
11:21:14.947 , Vol+O2, 42530.00, 0.34, 0.00, 20.96
11:21:14.947 , Vol+O2, 42565.00, 0.00, 0.00, 20.96
11:21:14.950 , Vol+O2, 42600.00, 0.00, 0.00, 20.96
11:21:14.950 , Vol+O2, 42635.00, 0.00, 0.00, 20.96
11:21:14.951 , Vol+O2, 42670.00, 1.46, 0.00, 20.96
11:21:14.951 , Vol+O2, 42705.00, 0.00, 3.35, 20.96
11:21:14.953 , Vol+O2, 42740.00, 0.51, 13.51, 20.96
11:21:14.953 , Vol+O2, 42775.00, 0.00, 19.37, 20.96
11:21:14.953 , Vol+O2, 42810.00, 0.00, 28.19, 20.96
11:21:14.955 , Vol+O2, 42845.00, 0.00, 33.03, 20.96
11:21:14.955 , Vol+O2, 42880.00, 0.00, 35.31, 20.96
11:21:14.960 , Vol+O2, 42915.00, 0.00, 37.18, 20.96
11:21:14.960 , Vol+O2, 42950.00, 0.00, 39.72, 20.96
11:21:14.963 , Vol+O2, 42985.00, 0.00, 46.90, 20.96
11:21:14.963 , Vol+O2, 43022.00, 0.00, 46.14, 20.96
11:21:20.243 , Vol+O2, 43058.00, 0.00, 46.36, 20.96
11:21:20.248 , Vol+O2, 43114.00, 0.00, 45.55, 20.96
11:21:20.248 , Vol+O2, 43187.00, 0.00, 44.61, 20.96
11:21:20.250 , Vol+O2, 43222.00, 0.00, 40.60, 20.96
11:21:20.250 , Vol+O2, 43258.00, 0.00, 36.87, 20.96
11:21:20.250 , Vol+O2, 43310.00, 0.00, 34.78, 20.96
11:21:20.252 , Vol+O2, 43345.00, 0.00, 30.19, 20.96
11:21:20.253 , Vol+O2, 43393.00, 0.00, 30.29, 20.96
11:21:20.253 , Vol+O2, 43428.00, 0.00, 28.19, 20.96
11:21:20.256 , Vol+O2, 43463.00, 0.00, 24.85, 20.96
11:21:20.256 , Vol+O2, 43500.00, 0.00, 22.49, 20.96
11:21:20.256 , Vol+O2, 43539.00, 1.80, 2.80, 20.96
11:21:20.256 , Vol+O2, 43574.00, 0.43, 0.46, 20.96
11:21:20.256 , Vol+O2, 43628.00, 0.00, 0.00, 20.96
11:21:20.257 , Vol+O2, 43668.00, 0.00, 0.00, 20.96
11:21:20.257 , Vol+O2, 43704.00, 0.47, 0.00, 20.96
11:21:20.258 , Vol+O2, 43740.00, 0.00, 1.14, 20.96
11:21:20.258 , Vol+O2, 43775.00, 0.00, 10.07, 20.96
11:21:20.260 , Vol+O2, 43811.00, 0.26, 13.31, 20.96
11:21:20.260 , Vol+O2, 43846.00, 0.00, 17.32, 20.96
11:21:20.317 , Vol+O2, 43881.00, 0.00, 20.96, 20.96
11:21:20.317 , Vol+O2, 43916.00, 0.00, 25.42, 20.96
11:21:20.326 , Vol+O2, 43951.00, 0.00, 28.19, 20.96
11:21:20.326 , Vol+O2, 43986.00, 0.00, 26.10, 20.96
11:21:20.328 , Vol+O2, 44021.00, 0.00, 25.52, 20.96
11:21:20.328 , Vol+O2, 44056.00, 0.00, 30.19, 20.96
11:21:20.328 , Vol+O2, 44091.00, 0.00, 28.44, 20.96
11:21:20.328 , Vol+O2, 44126.00, 0.00, 26.63, 20.96
11:21:20.331 , Vol+O2, 44161.00, 0.00, 29.06, 20.96
11:21:20.331 , Vol+O2, 44196.00, 0.00, 28.61, 20.96
11:21:20.333 , Vol+O2, 44231.00, 0.00, 27.99, 20.96
11:21:20.333 , Vol+O2, 44266.00, 0.00, 27.59, 20.96
11:21:20.340 , Vol+O2, 44301.00, 0.00, 25.42, 20.96
11:21:20.340 , Vol+O2, 44336.00, 0.00, 25.27, 20.96
11:21:20.341 , Vol+O2, 44371.00, 0.00, 25.85, 20.96
11:21:20.341 , Vol+O2, 44406.00, 0.00, 24.88, 20.96
11:21:20.367 , Vol+O2, 44441.00, 0.00, 24.23, 20.96
11:21:20.376 , Vol+O2, 44476.00, 0.00, 24.11, 20.96
11:21:20.376 , Vol+O2, 44511.00, 0.00, 23.00, 20.96
11:21:20.378 , Vol+O2, 44546.00, 0.00, 19.45, 20.96
11:21:20.378 , Vol+O2, 44581.00, 0.00, 20.62, 20.96
11:21:20.378 , Vol+O2, 44616.00, 0.00, 19.70, 20.95
11:21:20.382 , Vol+O2, 44651.00, 0.00, 16.23, 20.95
11:21:20.382 , Vol+O2, 44686.00, 1.42, 2.26, 20.95
11:21:20.385 , Vol+O2, 44721.00, 0.00, 0.00, 20.95
11:21:20.385 , Vol+O2, 44756.00, 0.00, 0.00, 20.95
11:21:20.387 , Vol+O2, 44791.00, 0.22, 0.00, 20.96
11:21:20.387 , Vol+O2, 44826.00, 0.00, 0.00, 20.96
11:21:20.390 , Vol+O2, 44861.00, 0.65, 0.00, 20.96
11:21:20.390 , Vol+O2, 44896.00, 0.00, 2.09, 20.96
11:21:20.392 , Vol+O2, 44931.00, 0.00, 16.07, 20.96
11:21:20.392 , Vol+O2, 44966.00, 0.00, 22.49, 20.96
11:21:20.396 , Vol+O2, 45001.00, 0.00, 32.92, 20.96
11:21:20.396 , Vol+O2, 45036.00, 0.00, 35.13, 20.96
11:21:20.398 , Vol+O2, 45071.00, 0.00, 40.47, 20.96
11:21:20.398 , Vol+O2, 45106.00, 0.00, 39.35, 20.96
11:21:20.401 , Vol+O2, 45141.00, 0.00, 46.96, 20.96
11:21:20.401 , Vol+O2, 45176.00, 0.00, 50.66, 20.96
11:21:20.431 , Vol+O2, 45211.00, 0.00, 54.67, 20.96
11:21:20.431 , Vol+O2, 45246.00, 0.00, 57.43, 20.96
11:21:20.433 , Vol+O2, 45281.00, 0.00, 57.27, 20.96
11:21:20.433 , Vol+O2, 45316.00, 0.00, 56.72, 20.96
11:21:20.433 , Vol+O2, 45351.00, 0.00, 53.20, 20.96
11:21:20.433 , Vol+O2, 45386.00, 0.00, 52.68, 20.96
11:21:20.437 , Vol+O2, 45421.00, 0.00, 45.73, 20.96
11:21:20.437 , Vol+O2, 45456.00, 0.22, 46.76, 20.96
11:21:20.439 , Vol+O2, 45491.00, 0.00, 39.28, 20.96
11:21:20.439 , Vol+O2, 45526.00, 0.00, 41.66, 20.96
11:21:20.509 , Vol+O2, 45561.00, 0.00, 36.17, 20.96
11:21:20.509 , Vol+O2, 45596.00, 0.00, 33.64, 20.96
11:21:20.511 , Vol+O2, 45631.00, 0.00, 27.32, 20.96
11:21:20.511 , Vol+O2, 45666.00, 0.00, 3.12, 20.96
11:21:20.513 , Vol+O2, 45701.00, 0.00, 0.32, 20.96
11:21:20.513 , Vol+O2, 45736.00, 0.22, 0.00, 20.96
11:21:20.516 , Vol+O2, 45771.00, 0.26, 0.00, 20.96
11:21:20.516 , Vol+O2, 45806.00, 0.00, 0.00, 20.96
11:21:20.518 , Vol+O2, 45842.00, 0.00, 0.00, 20.96
11:21:20.518 , Vol+O2, 45877.00, 0.00, 0.00, 20.96
11:21:20.521 , Vol+O2, 45912.00, 1.94, 7.79, 20.96
11:21:20.521 , Vol+O2, 45947.00, 0.00, 11.50, 20.96
11:21:20.524 , Vol+O2, 45982.00, 0.00, 17.43, 20.96
11:21:20.524 , Vol+O2, 46017.00, 0.00, 21.34, 20.96
11:21:20.530 , Vol+O2, 46052.00, 0.00, 26.53, 20.96
11:21:20.530 , Vol+O2, 46087.00, 0.00, 27.42, 20.96
11:21:20.530 , Vol+O2, 46122.00, 0.00, 29.23, 20.96
11:21:20.532 , Vol+O2, 46157.00, 0.00, 32.08, 20.96
11:21:20.532 , Vol+O2, 46192.00, 0.00, 32.48, 20.96
11:21:20.534 , Vol+O2, 46227.00, 0.00, 35.47, 20.96
11:21:20.534 , Vol+O2, 46262.00, 0.00, 35.01, 20.96
11:21:20.537 , Vol+O2, 46298.00, 0.00, 32.63, 20.96
11:21:20.537 , Vol+O2, 46333.00, 0.00, 32.41, 20.96
11:21:20.541 , Vol+O2, 46368.00, 0.00, 31.10, 20.96
11:21:20.576 , Vol+O2, 46403.00, 0.00, 29.48, 20.96
11:21:20.576 , Vol+O2, 46438.00, 0.00, 29.48, 20.96
11:21:20.576 , Vol+O2, 46473.00, 0.00, 28.92, 20.93
11:21:20.616 , Vol+O2, 46508.00, 0.00, 26.43, 20.93
11:21:20.618 , Vol+O2, 46543.00, 0.00, 25.36, 20.93
11:21:20.618 , Vol+O2, 46578.00, 0.00, 23.73, 20.93
11:21:20.618 , Vol+O2, 46613.00, 0.00, 23.03, 20.96
11:21:20.620 , Vol+O2, 46648.00, 0.00, 19.70, 20.96
11:21:20.620 , Vol+O2, 46683.00, 0.00, 19.04, 20.96
11:21:20.622 , Vol+O2, 46718.00, 0.00, 16.62, 20.96
11:21:20.622 , Vol+O2, 46754.00, 0.00, 14.59, 20.96
11:21:20.625 , Vol+O2, 46789.00, 0.00, 2.85, 20.96
11:21:20.625 , Vol+O2, 46824.00, 0.00, 0.00, 20.96
11:21:20.630 , Vol+O2, 46859.00, 0.00, 0.00, 20.96
11:21:20.630 , Vol+O2, 46894.00, 0.00, 0.00, 20.96
11:21:20.634 , Vol+O2, 46929.00, 0.00, 0.00, 20.96
11:21:20.634 , Vol+O2, 46964.00, 0.56, 0.00, 20.96
11:21:20.636 , Vol+O2, 46999.00, 0.00, 2.40, 20.96
11:21:20.636 , Vol+O2, 47034.00, 0.00, 16.07, 20.96
11:21:20.676 , Vol+O2, 47069.00, 0.00, 18.85, 20.96
11:21:20.676 , Vol+O2, 47104.00, 0.00, 30.45, 20.96
11:21:20.676 , Vol+O2, 47139.00, 0.00, 33.19, 20.96
11:21:20.678 , Vol+O2, 47174.00, 0.00, 36.99, 20.96
11:21:20.679 , Vol+O2, 47210.00, 0.00, 42.56, 20.93
11:21:20.679 , Vol+O2, 47245.00, 0.00, 46.42, 20.93
11:21:20.681 , Vol+O2, 47280.00, 0.00, 55.68, 20.93
11:21:20.681 , Vol+O2, 47315.00, 0.00, 55.61, 20.93
11:21:20.683 , Vol+O2, 47350.00, 0.34, 52.98, 20.93
11:21:20.683 , Vol+O2, 47385.00, 0.00, 53.20, 20.96
11:21:20.685 , Vol+O2, 47420.00, 0.00, 49.64, 20.96
11:21:20.685 , Vol+O2, 47455.00, 0.00, 51.25, 20.96
11:21:20.708 , Vol+O2, 47490.00, 0.00, 48.36, 20.96
11:21:20.708 , Vol+O2, 47525.00, 0.00, 45.60, 20.96
11:21:20.749 , Vol+O2, 47560.00, 0.00, 38.67, 20.96
11:21:20.749 , Vol+O2, 47595.00, 0.00, 35.24, 20.96
11:21:20.751 , Vol+O2, 47630.00, 0.00, 31.86, 20.96
11:21:20.751 , Vol+O2, 47666.00, 0.00, 30.01, 20.93
11:21:20.751 , Vol+O2, 47701.00, 0.00, 29.17, 20.93
11:21:20.751 , Vol+O2, 47736.00, 0.00, 25.17, 20.93
11:21:20.751 , Vol+O2, 47771.00, 0.00, 23.77, 20.93
11:21:20.753 , Vol+O2, 47806.00, 0.38, 2.67, 20.93
11:21:20.753 , Vol+O2, 47841.00, 0.26, 0.32, 20.93
11:21:20.759 , Vol+O2, 47876.00, 0.30, 0.00, 20.93
11:21:20.759 , Vol+O2, 47911.00, 0.22, 0.00, 20.93
11:21:20.760 , Vol+O2, 47946.00, 0.00, 0.00, 20.93
11:21:20.760 , Vol+O2, 47981.00, 0.26, 0.37, 20.96
11:21:20.763 , Vol+O2, 48016.00, 2.71, 9.95, 20.96
11:21:20.763 , Vol+O2, 48051.00, 0.00, 13.27, 20.96
11:21:20.767 , Vol+O2, 48088.00, 0.00, 18.16, 20.96
11:21:20.767 , Vol+O2, 48125.00, 0.00, 22.85, 20.93
11:21:20.770 , Vol+O2, 48160.00, 0.00, 27.12, 20.93
11:21:20.770 , Vol+O2, 48195.00, 0.00, 30.12, 20.93
11:21:20.770 , Vol+O2, 48230.00, 0.00, 28.92, 20.93
11:21:20.773 , Vol+O2, 48265.00, 0.00, 28.96, 20.93
11:21:20.773 , Vol+O2, 48300.00, 0.00, 29.48, 20.93
11:21:20.776 , Vol+O2, 48335.00, 0.00, 30.01, 20.93
11:21:20.776 , Vol+O2, 48370.00, 0.00, 31.53, 20.93
11:21:20.776 , Vol+O2, 48405.00, 0.00, 31.86, 20.93
11:21:20.779 , Vol+O2, 48440.00, 0.00, 32.85, 20.93
11:21:20.779 , Vol+O2, 48475.00, 0.00, 31.86, 20.93
11:21:20.785 , Vol+O2, 48510.00, 0.00, 31.53, 20.93
11:21:20.785 , Vol+O2, 48545.00, 0.00, 31.64, 20.93
11:21:20.787 , Vol+O2, 48582.00, 0.00, 30.01, 20.93
11:21:20.787 , Vol+O2, 48617.00, 0.00, 29.12, 20.93
11:21:20.807 , Vol+O2, 48652.00, 0.00, 27.52, 20.93
11:21:25.796 , Vol+O2, 48722.00, 0.00, 25.94, 20.93
11:21:25.805 , Vol+O2, 48757.00, 0.00, 25.42, 20.93
11:21:25.805 , Vol+O2, 48792.00, 0.00, 24.60, 20.93
11:21:25.806 , Vol+O2, 48827.00, 0.00, 23.49, 20.93
11:21:25.806 , Vol+O2, 48862.00, 1.46, 8.95, 20.93
11:21:25.809 , Vol+O2, 48897.00, 0.00, 0.00, 20.93
11:21:25.809 , Vol+O2, 48932.00, 0.00, 0.00, 20.93
11:21:25.811 , Vol+O2, 48967.00, 0.00, 0.00, 20.93
11:21:25.811 , Vol+O2, 49003.00, 0.00, 0.00, 20.93
11:21:25.814 , Vol+O2, 49039.00, 0.00, 0.00, 20.93
11:21:25.814 , Vol+O2, 49074.00, 2.24, 0.00, 20.93
11:21:25.816 , Vol+O2, 49112.00, 0.00, 4.96, 20.93
11:21:25.816 , Vol+O2, 49148.00, 0.00, 22.22, 20.93
11:21:25.817 , Vol+O2, 49185.00, 0.00, 37.22, 20.93
11:21:25.817 , Vol+O2, 49220.00, 0.00, 42.30, 20.93
11:21:25.817 , Vol+O2, 49279.00, 0.00, 44.53, 20.93
11:21:25.820 , Vol+O2, 49314.00, 0.00, 48.64, 20.93
11:21:25.820 , Vol+O2, 49366.00, 0.00, 55.37, 20.95
11:21:25.823 , Vol+O2, 49405.00, 0.60, 59.05, 20.95
11:21:25.823 , Vol+O2, 49447.00, 0.00, 51.03, 20.95
11:21:25.830 , Vol+O2, 49510.00, 0.00, 48.08, 20.93
11:21:25.830 , Vol+O2, 49545.00, 0.00, 48.36, 20.93
11:21:25.833 , Vol+O2, 49580.00, 0.00, 45.20, 20.93
11:21:25.833 , Vol+O2, 49615.00, 0.00, 43.74, 20.93
11:21:25.836 , Vol+O2, 49650.00, 0.00, 39.40, 20.93
11:21:25.836 , Vol+O2, 49685.00, 0.26, 36.52, 20.93
11:21:25.838 , Vol+O2, 49720.00, 0.00, 34.09, 20.93
11:21:25.838 , Vol+O2, 49755.00, 0.00, 31.42, 20.93
11:21:25.842 , Vol+O2, 49790.00, 0.00, 29.17, 20.93
11:21:25.842 , Vol+O2, 49825.00, 0.00, 28.75, 20.93
11:21:25.871 , Vol+O2, 49860.00, 0.00, 3.57, 20.93
11:21:25.871 , Vol+O2, 49895.00, 0.00, 0.00, 20.93
11:21:25.873 , Vol+O2, 49930.00, 0.00, 0.00, 20.93
11:21:25.873 , Vol+O2, 49965.00, 0.00, 0.00, 20.93
11:21:25.875 , Vol+O2, 50000.00, 0.00, 0.00, 20.93
11:21:25.875 , Vol+O2, 50035.00, 0.34, 0.28, 20.93
11:21:25.877 , Vol+O2, 50070.00, 2.33, 9.82, 20.93
11:21:25.877 , Vol+O2, 50106.00, 0.00, 12.26, 20.93
11:21:25.877 , Vol+O2, 50141.00, 0.00, 15.85, 20.93
11:21:25.879 , Vol+O2, 50176.00, 0.00, 20.79, 20.93
11:21:25.879 , Vol+O2, 50211.00, 0.00, 26.13, 20.93
11:21:25.881 , Vol+O2, 50246.00, 0.00, 28.19, 20.93
11:21:25.881 , Vol+O2, 50281.00, 0.00, 30.45, 20.93
11:21:25.888 , Vol+O2, 50316.00, 0.00, 31.53, 20.93
11:21:25.888 , Vol+O2, 50351.00, 0.00, 29.48, 20.93
11:21:25.891 , Vol+O2, 50386.00, 0.00, 30.45, 20.93
11:21:25.891 , Vol+O2, 50421.00, 0.00, 31.97, 20.90
11:21:25.893 , Vol+O2, 50456.00, 0.00, 32.63, 20.90
11:21:25.893 , Vol+O2, 50491.00, 0.00, 31.75, 20.90
11:21:25.896 , Vol+O2, 50526.00, 0.00, 31.10, 20.90
11:21:25.896 , Vol+O2, 50562.00, 0.00, 30.66, 20.90
11:21:25.901 , Vol+O2, 50597.00, 0.00, 30.01, 20.90
11:21:25.929 , Vol+O2, 50632.00, 0.00, 28.23, 20.90
11:21:25.929 , Vol+O2, 50667.00, 0.00, 28.03, 20.90
11:21:25.929 , Vol+O2, 50702.00, 0.00, 26.33, 20.90
11:21:25.955 , Vol+O2, 50737.00, 0.00, 24.51, 20.93
11:21:25.955 , Vol+O2, 50772.00, 0.00, 23.58, 20.93
11:21:25.966 , Vol+O2, 50807.00, 0.00, 22.13, 20.93
11:21:25.966 , Vol+O2, 50842.00, 0.00, 19.20, 20.93
11:21:25.968 , Vol+O2, 50877.00, 0.00, 20.90, 20.90
11:21:25.968 , Vol+O2, 50912.00, 0.00, 21.17, 20.90
11:21:25.969 , Vol+O2, 50947.00, 3.57, 0.00, 20.90
11:21:25.969 , Vol+O2, 50982.00, 0.47, 0.00, 20.90
11:21:25.970 , Vol+O2, 51018.00, 0.30, 0.00, 20.93
11:21:25.970 , Vol+O2, 51053.00, 0.00, 0.00, 20.93
11:21:25.970 , Vol+O2, 51088.00, 0.00, 0.00, 20.93
11:21:25.978 , Vol+O2, 51123.00, 1.98, 0.00, 20.93
11:21:25.978 , Vol+O2, 51158.00, 0.00, 2.62, 20.93
11:21:26.004 , Vol+O2, 51193.00, 0.00, 21.25, 20.89
11:21:26.004 , Vol+O2, 51228.00, 0.00, 29.37, 20.89
11:21:26.007 , Vol+O2, 51263.00, 0.00, 34.89, 20.89
11:21:26.007 , Vol+O2, 51298.00, 0.00, 39.53, 20.89
11:21:26.008 , Vol+O2, 51333.00, 0.00, 42.69, 20.90
11:21:26.007 , Vol+O2, 51368.00, 0.00, 46.00, 20.90
11:21:26.011 , Vol+O2, 51403.00, 0.00, 50.52, 20.90
11:21:26.011 , Vol+O2, 51438.00, 0.00, 58.40, 20.90
11:21:26.014 , Vol+O2, 51475.00, 0.00, 59.53, 20.90
11:21:26.014 , Vol+O2, 51510.00, 0.00, 59.21, 20.90
11:21:26.050 , Vol+O2, 51545.00, 0.00, 50.81, 20.90
11:21:26.050 , Vol+O2, 51580.00, 0.00, 49.07, 20.90
11:21:26.052 , Vol+O2, 51615.00, 0.00, 48.50, 20.90
11:21:26.052 , Vol+O2, 51650.00, 0.00, 43.61, 20.90
11:21:26.054 , Vol+O2, 51685.00, 0.00, 44.13, 20.90
11:21:26.054 , Vol+O2, 51720.00, 0.00, 39.90, 20.90
11:21:26.055 , Vol+O2, 51755.00, 0.00, 32.75, 20.90
11:21:26.055 , Vol+O2, 51790.00, 0.00, 31.75, 20.93
11:21:26.058 , Vol+O2, 51825.00, 0.00, 28.33, 20.93
11:21:26.058 , Vol+O2, 51860.00, 0.00, 23.30, 20.93
11:21:26.058 , Vol+O2, 51895.00, 0.00, 21.60, 20.93
11:21:26.063 , Vol+O2, 51931.00, 1.42, 1.95, 20.90
11:21:26.063 , Vol+O2, 51966.00, 0.00, 0.00, 20.90
11:21:26.066 , Vol+O2, 52001.00, 0.30, 0.00, 20.90
11:21:26.066 , Vol+O2, 52036.00, 0.22, 0.00, 20.90
11:21:26.068 , Vol+O2, 52071.00, 0.00, 0.00, 20.90
11:21:26.068 , Vol+O2, 52106.00, 0.43, 0.28, 20.90
11:21:26.072 , Vol+O2, 52141.00, 0.00, 10.20, 20.90
11:21:26.075 , Vol+O2, 52176.00, 0.00, 13.47, 20.90
11:21:26.075 , Vol+O2, 52211.00, 0.00, 19.62, 20.90
11:21:26.075 , Vol+O2, 52246.00, 0.00, 25.17, 20.90
11:21:26.079 , Vol+O2, 52281.00, 0.00, 27.52, 20.90
11:21:26.129 , Vol+O2, 52316.00, 0.00, 31.20, 20.90
11:21:26.129 , Vol+O2, 52351.00, 0.00, 31.64, 20.90
11:21:26.131 , Vol+O2, 52387.00, 0.00, 30.77, 20.90
11:21:26.131 , Vol+O2, 52422.00, 0.00, 33.64, 20.90
11:21:26.132 , Vol+O2, 52457.00, 0.00, 35.13, 20.90
11:21:26.132 , Vol+O2, 52492.00, 0.00, 32.63, 20.90
11:21:26.134 , Vol+O2, 52527.00, 0.00, 32.63, 20.90
11:21:26.134 , Vol+O2, 52562.00, 0.00, 30.45, 20.90
11:21:26.135 , Vol+O2, 52597.00, 0.00, 29.91, 20.90
11:21:26.135 , Vol+O2, 52632.00, 0.00, 28.13, 20.90
11:21:26.138 , Vol+O2, 52667.00, 0.00, 28.44, 20.90
11:21:26.139 , Vol+O2, 52702.00, 0.00, 27.73, 20.90
11:21:26.139 , Vol+O2, 52737.00, 0.00, 27.73, 20.90
11:21:26.147 , Vol+O2, 52772.00, 0.00, 26.53, 20.90
11:21:26.147 , Vol+O2, 52807.00, 0.00, 25.85, 20.90
11:21:26.150 , Vol+O2, 52843.00, 0.00, 23.77, 20.87
11:21:26.150 , Vol+O2, 52878.00, 0.00, 23.30, 20.87
11:21:26.152 , Vol+O2, 52913.00, 0.00, 21.95, 20.87
11:21:26.152 , Vol+O2, 52948.00, 0.00, 22.94, 20.87
11:21:26.156 , Vol+O2, 52983.00, 0.30, 20.22, 20.87
11:21:26.156 , Vol+O2, 53018.00, 0.00, 1.18, 20.87
11:21:26.159 , Vol+O2, 53053.00, 0.00, 0.00, 20.87
11:21:26.159 , Vol+O2, 53088.00, 0.00, 0.00, 20.87
11:21:26.163 , Vol+O2, 53123.00, 0.00, 0.00, 20.87
11:21:26.163 , Vol+O2, 53158.00, 0.00, 0.00, 20.90
11:21:26.167 , Vol+O2, 53193.00, 3.27, 0.00, 20.90
11:21:26.167 , Vol+O2, 53228.00, 0.00, 9.12, 20.90
11:21:26.184 , Vol+O2, 53263.00, 0.00, 17.51, 20.90
11:21:26.184 , Vol+O2, 53300.00, 0.00, 29.27, 20.87
11:21:26.186 , Vol+O2, 53335.00, 0.00, 35.82, 20.87
11:21:26.186 , Vol+O2, 53370.00, 0.00, 36.52, 20.87
11:21:26.186 , Vol+O2, 53405.00, 0.00, 42.30, 20.87
11:21:26.223 , Vol+O2, 53440.00, 0.00, 52.75, 20.87
11:21:26.223 , Vol+O2, 53475.00, 0.00, 55.84, 20.90
11:21:26.223 , Vol+O2, 53510.00, 0.22, 59.21, 20.90
11:21:26.224 , Vol+O2, 53545.00, 0.00, 54.90, 20.90
11:21:26.225 , Vol+O2, 53580.00, 0.22, 52.75, 20.90
11:21:26.225 , Vol+O2, 53615.00, 0.30, 56.32, 20.87
11:21:26.227 , Vol+O2, 53650.00, 0.34, 52.75, 20.87
11:21:26.227 , Vol+O2, 53685.00, 0.22, 49.35, 20.87
11:21:26.231 , Vol+O2, 53720.00, 0.00, 47.24, 20.87
11:21:26.231 , Vol+O2, 53755.00, 0.00, 42.69, 20.87
11:21:26.233 , Vol+O2, 53790.00, 0.00, 39.40, 20.87
11:21:26.233 , Vol+O2, 53825.00, 0.00, 36.40, 20.87
11:21:26.233 , Vol+O2, 53860.00, 0.00, 34.43, 20.87
11:21:26.235 , Vol+O2, 53895.00, 0.00, 29.91, 20.87
11:21:26.235 , Vol+O2, 53930.00, 0.00, 26.33, 20.87
11:21:26.238 , Vol+O2, 53965.00, 0.00, 22.13, 20.87
11:21:26.238 , Vol+O2, 54000.00, 0.00, 3.94, 20.87
11:21:26.238 , Vol+O2, 54035.00, 0.00, 0.69, 20.87
11:21:26.238 , Vol+O2, 54070.00, 0.00, 0.00, 20.87
11:21:26.244 , Vol+O2, 54105.00, 0.00, 0.00, 20.87
11:21:26.244 , Vol+O2, 54140.00, 0.00, 0.00, 20.87
11:21:26.246 , Vol+O2, 54175.00, 0.00, 0.00, 20.87
11:21:26.251 , Vol+O2, 54210.00, 0.51, 4.75, 20.87
11:21:26.251 , Vol+O2, 54245.00, 1.08, 11.11, 20.87
11:21:26.253 , Vol+O2, 54280.00, 0.00, 14.09, 20.87
11:21:26.253 , Vol+O2, 54315.00, 0.00, 20.56, 20.87
11:21:26.259 , Vol+O2, 54350.00, 0.00, 25.45, 20.87
11:21:26.259 , Vol+O2, 54385.00, 0.00, 29.48, 20.87
11:21:26.260 , Vol+O2, 54420.00, 0.00, 30.88, 20.87
11:21:26.260 , Vol+O2, 54455.00, 0.00, 29.80, 20.87
11:21:26.263 , Vol+O2, 54490.00, 0.00, 32.53, 20.87
11:21:31.628 , Vol+O2, 54538.00, 0.00, 32.20, 20.90
11:21:31.632 , Vol+O2, 54581.00, 0.00, 31.20, 20.90
11:21:31.632 , Vol+O2, 54641.00, 0.00, 32.75, 20.90
11:21:31.632 , Vol+O2, 54677.00, 0.00, 33.64, 20.87
11:21:31.635 , Vol+O2, 54712.00, 0.00, 30.66, 20.87
11:21:31.635 , Vol+O2, 54751.00, 0.00, 31.75, 20.87
11:21:31.636 , Vol+O2, 54819.00, 0.00, 31.53, 20.90
11:21:31.632 , Vol+O2, 54857.00, 0.00, 28.23, 20.90
11:21:31.638 , Vol+O2, 54900.00, 0.00, 28.23, 20.90
11:21:31.638 , Vol+O2, 54952.00, 0.00, 25.45, 20.90
11:21:31.667 , Vol+O2, 54987.00, 0.00, 22.67, 20.87
11:21:31.667 , Vol+O2, 55023.00, 0.00, 21.69, 20.87
11:21:31.667 , Vol+O2, 55058.00, 0.22, 18.70, 20.87
11:21:31.671 , Vol+O2, 55093.00, 0.00, 0.32, 20.87
11:21:31.671 , Vol+O2, 55128.00, 0.00, 0.24, 20.87
11:21:31.673 , Vol+O2, 55163.00, 0.00, 0.00, 20.87
11:21:31.673 , Vol+O2, 55198.00, 0.00, 0.00, 20.87
11:21:31.680 , Vol+O2, 55233.00, 0.00, 0.00, 20.87
11:21:31.680 , Vol+O2, 55268.00, 3.14, 0.00, 20.87
11:21:31.681 , Vol+O2, 55303.00, 0.00, 2.85, 20.87
11:21:31.681 , Vol+O2, 55338.00, 0.00, 20.47, 20.87
11:21:31.682 , Vol+O2, 55373.00, 0.00, 29.70, 20.87
11:21:31.682 , Vol+O2, 55408.00, 0.00, 34.21, 20.87
11:21:31.743 , Vol+O2, 55445.00, 0.00, 36.75, 20.85
11:21:31.743 , Vol+O2, 55480.00, 0.00, 38.07, 20.85
11:21:31.799 , Vol+O2, 55515.00, 0.00, 45.87, 20.85
11:21:31.799 , Vol+O2, 55550.00, 0.26, 52.29, 20.85
11:21:31.801 , Vol+O2, 55585.00, 0.00, 52.75, 20.85
11:21:31.801 , Vol+O2, 55620.00, 0.00, 55.05, 20.87
11:21:31.802 , Vol+O2, 55655.00, 0.00, 50.22, 20.87
11:21:31.802 , Vol+O2, 55690.00, 0.00, 49.78, 20.87
11:21:31.802 , Vol+O2, 55725.00, 0.00, 44.80, 20.87
11:21:31.809 , Vol+O2, 55760.00, 0.00, 42.43, 20.84
11:21:31.809 , Vol+O2, 55795.00, 0.00, 47.24, 20.84
11:21:31.815 , Vol+O2, 55830.00, 0.00, 44.13, 20.84
11:21:31.815 , Vol+O2, 55865.00, 0.00, 40.90, 20.84
11:21:31.815 , Vol+O2, 55901.00, 0.00, 37.70, 20.87
11:21:31.816 , Vol+O2, 55936.00, 0.00, 33.30, 20.87
11:21:31.820 , Vol+O2, 55971.00, 0.00, 33.08, 20.87
11:21:31.820 , Vol+O2, 56006.00, 0.00, 28.75, 20.87
11:21:31.824 , Vol+O2, 56041.00, 0.00, 28.75, 20.87
11:21:31.824 , Vol+O2, 56076.00, 0.00, 3.66, 20.87
11:21:31.827 , Vol+O2, 56111.00, 0.00, 0.60, 20.87
11:21:31.827 , Vol+O2, 56146.00, 0.00, 0.00, 20.87
11:21:31.832 , Vol+O2, 56181.00, 0.00, 0.00, 20.87
11:21:31.832 , Vol+O2, 56216.00, 0.00, 0.00, 20.87
11:21:31.835 , Vol+O2, 56251.00, 0.00, 0.00, 20.87
11:21:31.835 , Vol+O2, 56286.00, 0.00, 0.00, 20.87
11:21:31.838 , Vol+O2, 56321.00, 0.00, 0.00, 20.87
11:21:31.838 , Vol+O2, 56357.00, 0.00, 0.00, 20.87
11:21:31.841 , Vol+O2, 56392.00, 0.00, 0.00, 20.87
11:21:31.841 , Vol+O2, 56427.00, 0.00, 0.00, 20.87
11:21:31.844 , Vol+O2, 56462.00, 0.00, 0.00, 20.87
11:21:31.844 , Vol+O2, 56497.00, 0.00, 0.00, 20.87
11:21:31.848 , Vol+O2, 56532.00, 0.00, 0.00, 20.87
11:21:31.848 , Vol+O2, 56567.00, 0.00, 0.00, 20.87
11:21:31.850 , Vol+O2, 56602.00, 0.00, 0.00, 20.87
11:21:31.850 , Vol+O2, 56637.00, 0.00, 0.00, 20.87
11:21:31.879 , Vol+O2, 56672.00, 0.00, 0.00, 20.84
11:21:31.879 , Vol+O2, 56707.00, 0.00, 0.00, 20.84
11:21:31.884 , Vol+O2, 56742.00, 0.00, 0.00, 20.84
11:21:31.884 , Vol+O2, 56777.00, 0.00, 0.00, 20.84
11:21:31.884 , Vol+O2, 56813.00, 0.00, 0.00, 20.84
11:21:31.884 , Vol+O2, 56848.00, 0.00, 0.00, 20.84
11:21:31.884 , Vol+O2, 56883.00, 0.00, 0.00, 20.84
11:21:31.910 , Vol+O2, 56918.00, 0.00, 0.00, 20.84
11:21:31.921 , Vol+O2, 56953.00, 0.00, 0.00, 20.84
11:21:31.921 , Vol+O2, 56988.00, 0.00, 0.00, 20.84
11:21:31.923 , Vol+O2, 57023.00, 0.00, 0.00, 20.84
11:21:31.923 , Vol+O2, 57058.00, 0.00, 0.00, 20.84
11:21:31.923 , Vol+O2, 57093.00, 0.00, 0.00, 20.84
11:21:31.923 , Vol+O2, 57128.00, 0.00, 0.00, 20.84
11:21:31.926 , Vol+O2, 57163.00, 0.00, 0.00, 20.84
11:21:31.926 , Vol+O2, 57198.00, 0.00, 0.00, 20.84
11:21:31.928 , Vol+O2, 57233.00, 0.00, 0.00, 20.84
11:21:31.928 , Vol+O2, 57269.00, 0.00, 0.00, 20.84
11:21:31.933 , Vol+O2, 57304.00, 0.00, 0.00, 20.84
11:21:31.933 , Vol+O2, 57339.00, 0.00, 0.00, 20.84
11:21:31.934 , Vol+O2, 57374.00, 0.00, 0.00, 20.84
11:21:31.934 , Vol+O2, 57409.00, 0.00, 0.00, 20.84
11:21:31.936 , Vol+O2, 57444.00, 0.00, 0.00, 20.81
11:21:31.936 , Vol+O2, 57479.00, 0.00, 0.00, 20.81
11:21:31.939 , Vol+O2, 57514.00, 0.00, 0.00, 20.81
11:21:31.965 , Vol+O2, 57549.00, 0.00, 0.00, 20.81
11:21:31.965 , Vol+O2, 57584.00, 0.00, 0.00, 20.81
11:21:31.968 , Vol+O2, 57619.00, 0.00, 0.00, 20.81
11:21:31.968 , Vol+O2, 57654.00, 0.00, 0.00, 20.81
11:21:31.968 , Vol+O2, 57689.00, 0.00, 0.00, 20.81
11:21:31.968 , Vol+O2, 57725.00, 0.00, 0.00, 20.81
11:21:32.004 , Vol+O2, 57760.00, 0.00, 0.00, 20.81
11:21:32.004 , Vol+O2, 57795.00, 0.00, 0.00, 20.81
11:21:32.006 , Vol+O2, 57830.00, 0.00, 0.00, 20.81
11:21:32.006 , Vol+O2, 57865.00, 0.00, 0.00, 20.81
11:21:32.009 , Vol+O2, 57900.00, 0.00, 0.00, 20.81
11:21:32.009 , Vol+O2, 57935.00, 0.00, 0.00, 20.81
11:21:32.009 , Vol+O2, 57970.00, 0.00, 0.00, 20.81
11:21:32.011 , Vol+O2, 58005.00, 0.00, 0.00, 20.81
11:21:32.016 , Vol+O2, 58040.00, 0.00, 0.00, 20.81
11:21:32.016 , Vol+O2, 58075.00, 0.00, 0.00, 20.81
11:21:32.016 , Vol+O2, 58110.00, 0.00, 0.00, 20.81
11:21:32.016 , Vol+O2, 58145.00, 0.00, 0.00, 20.81
11:21:32.016 , Vol+O2, 58181.00, 0.00, 0.00, 20.81
11:21:32.019 , Vol+O2, 58216.00, 0.00, 0.00, 20.81
11:21:32.019 , Vol+O2, 58251.00, 0.00, 0.00, 20.81
11:21:32.021 , Vol+O2, 58286.00, 0.00, 0.00, 20.81
11:21:32.026 , Vol+O2, 58321.00, 0.00, 0.00, 20.81
11:21:32.026 , Vol+O2, 58356.00, 0.00, 0.00, 20.81
11:21:32.026 , Vol+O2, 58391.00, 0.00, 0.00, 20.81
11:21:32.026 , Vol+O2, 58426.00, 0.00, 0.00, 20.81
11:21:32.028 , Vol+O2, 58461.00, 0.00, 0.00, 20.81
11:21:32.032 , Vol+O2, 58496.00, 0.00, 0.00, 20.81
11:21:32.032 , Vol+O2, 58531.00, 0.00, 0.00, 20.81
11:21:32.035 , Vol+O2, 58566.00, 0.00, 0.00, 20.81
11:21:32.035 , Vol+O2, 58601.00, 0.00, 0.00, 20.81
11:21:32.039 , Vol+O2, 58637.00, 0.00, 0.00, 20.81
11:21:32.039 , Vol+O2, 58672.00, 0.00, 0.00, 20.81
11:21:32.078 , Vol+O2, 58707.00, 0.00, 0.00, 20.81
11:21:32.078 , Vol+O2, 58742.00, 0.00, 0.00, 20.81
11:21:32.078 , Vol+O2, 58777.00, 0.00, 0.00, 20.81
11:21:32.081 , Vol+O2, 58812.00, 0.00, 0.00, 20.81
11:21:32.081 , Vol+O2, 58847.00, 0.00, 0.00, 20.81
11:21:32.083 , Vol+O2, 58882.00, 0.00, 0.00, 20.81
11:21:32.083 , Vol+O2, 58917.00, 0.00, 0.00, 20.81
11:21:32.081 , Vol+O2, 58952.00, 0.00, 0.00, 20.78
11:21:32.084 , Vol+O2, 58987.00, 0.00, 0.00, 20.78
11:21:32.084 , Vol+O2, 59022.00, 0.00, 0.00, 20.78
11:21:32.084 , Vol+O2, 59057.00, 0.00, 0.00, 20.78
11:21:32.087 , Vol+O2, 59093.00, 0.00, 0.00, 20.81
11:21:32.087 , Vol+O2, 59128.00, 0.00, 0.00, 20.81
11:21:32.093 , Vol+O2, 59163.00, 0.00, 0.00, 20.81
11:21:32.093 , Vol+O2, 59198.00, 0.00, 0.00, 20.81
11:21:32.119 , Vol+O2, 59233.00, 0.00, 0.00, 20.81
11:21:32.119 , Vol+O2, 59268.00, 0.00, 0.00, 20.81
11:21:32.121 , Vol+O2, 59303.00, 0.00, 0.00, 20.81
11:21:32.121 , Vol+O2, 59338.00, 0.00, 0.00, 20.81
11:21:32.122 , Vol+O2, 59373.00, 0.00, 0.00, 20.81
11:21:32.122 , Vol+O2, 59408.00, 0.22, 0.00, 20.78
11:21:32.123 , Vol+O2, 59443.00, 0.00, 0.00, 20.78
11:21:32.123 , Vol+O2, 59478.00, 0.00, 0.00, 20.78
11:21:32.138 , Vol+O2, 59513.00, 0.00, 0.00, 20.78
11:21:32.138 , Vol+O2, 59548.00, 0.00, 0.00, 20.78
11:21:32.144 , Vol+O2, 59583.00, 0.00, 0.00, 20.78
11:21:32.144 , Vol+O2, 59618.00, 0.00, 0.00, 20.78
11:21:32.168 , Vol+O2, 59653.00, 0.00, 0.00, 20.78
11:21:32.168 , Vol+O2, 59688.00, 0.00, 0.00, 20.78
11:21:32.170 , Vol+O2, 59723.00, 0.00, 0.00, 20.75
11:21:32.171 , Vol+O2, 59758.00, 0.00, 0.00, 20.75
11:21:32.171 , Vol+O2, 59793.00, 0.00, 0.00, 20.75
11:21:32.172 , Vol+O2, 59828.00, 0.00, 0.00, 20.75
11:21:32.172 , Vol+O2, 59863.00, 0.00, 0.00, 20.78
11:21:32.174 , Vol+O2, 59898.00, 0.00, 0.00, 20.78
11:21:32.174 , Vol+O2, 59933.00, 0.00, 0.00, 20.78
11:21:32.180 , Vol+O2, 59968.00, 0.00, 0.00, 20.78
11:21:37.181 , Vol+O2, 60003.00, 0.00, 0.00, 20.78
11:21:37.216 , Vol+O2, 60040.00, 0.00, 0.00, 20.78
11:21:37.216 , Vol+O2, 60075.00, 0.00, 0.00, 20.78
11:21:37.219 , Vol+O2, 60110.00, 0.00, 0.00, 20.78
11:21:37.219 , Vol+O2, 60145.00, 0.00, 0.00, 20.78
11:21:37.220 , Vol+O2, 60180.00, 0.00, 0.00, 20.78
11:21:37.220 , Vol+O2, 60215.00, 0.00, 0.00, 20.78
11:21:37.223 , Vol+O2, 60250.00, 0.00, 0.00, 20.78
11:21:37.223 , Vol+O2, 60285.00, 0.00, 0.00, 20.78
11:21:37.225 , Vol+O2, 60320.00, 0.00, 0.00, 20.81
11:21:37.225 , Vol+O2, 60375.00, 0.00, 0.00, 20.81
11:21:37.227 , Vol+O2, 60412.00, 0.00, 0.00, 20.81
11:21:37.227 , Vol+O2, 60449.00, 0.00, 0.00, 20.81
11:21:37.227 , Vol+O2, 60484.00, 0.00, 0.00, 20.78
11:21:37.230 , Vol+O2, 60520.00, 0.00, 0.00, 20.78
11:21:37.230 , Vol+O2, 60588.00, 0.00, 0.00, 20.78
11:21:37.230 , Vol+O2, 60624.00, 0.00, 0.00, 20.81
11:21:37.232 , Vol+O2, 60674.00, 0.00, 0.00, 20.81
11:21:37.235 , Vol+O2, 60728.00, 0.00, 0.00, 20.81
11:21:37.235 , Vol+O2, 60778.00, 0.00, 0.00, 20.81
11:21:37.241 , Vol+O2, 60827.00, 0.00, 0.00, 20.81
11:21:37.241 , Vol+O2, 60877.00, 0.00, 0.00, 20.81
11:21:37.241 , Vol+O2, 60913.00, 0.00, 0.00, 20.81
11:21:37.245 , Vol+O2, 60950.00, 5.60, 0.00, 20.81
11:21:37.245 , Vol+O2, 60985.00, 14.95, 0.00, 20.81
11:21:37.246 , Vol+O2, 61021.00, 20.62, 0.00, 20.81
11:21:37.246 , Vol+O2, 61056.00, 23.44, 0.00, 20.81
11:21:37.253 , Vol+O2, 61091.00, 26.34, 0.00, 20.78
11:21:37.253 , Vol+O2, 61126.00, 27.40, 0.00, 20.78
11:21:37.255 , Vol+O2, 61161.00, 30.39, 0.00, 20.78
11:21:37.255 , Vol+O2, 61196.00, 31.75, 0.00, 20.78
11:21:37.290 , Vol+O2, 61231.00, 32.17, 0.00, 20.78
11:21:37.290 , Vol+O2, 61266.00, 34.21, 0.00, 20.78
11:21:37.292 , Vol+O2, 61301.00, 32.81, 0.00, 20.78
11:21:37.292 , Vol+O2, 61336.00, 32.38, 0.00, 20.78
11:21:37.296 , Vol+O2, 61371.00, 31.85, 0.00, 20.78
11:21:37.296 , Vol+O2, 61406.00, 32.17, 0.00, 20.78
11:21:37.296 , Vol+O2, 61441.00, 28.67, 0.00, 20.78
11:21:37.298 , Vol+O2, 61476.00, 27.20, 0.00, 20.78
11:21:37.298 , Vol+O2, 61511.00, 27.40, 0.00, 20.78
11:21:37.300 , Vol+O2, 61546.00, 26.91, 0.00, 20.78
11:21:37.300 , Vol+O2, 61581.00, 25.60, 0.00, 20.78
11:21:37.302 , Vol+O2, 61616.00, 23.62, 0.00, 20.78
11:21:37.302 , Vol+O2, 61651.00, 23.27, 0.00, 20.78
11:21:37.304 , Vol+O2, 61686.00, 21.89, 0.00, 20.78
11:21:37.304 , Vol+O2, 61721.00, 21.46, 0.00, 20.78
11:21:37.310 , Vol+O2, 61756.00, 21.21, 0.00, 20.78
11:21:37.310 , Vol+O2, 61791.00, 20.38, 0.00, 20.78
11:21:37.314 , Vol+O2, 61826.00, 17.72, 0.00, 20.81
11:21:37.314 , Vol+O2, 61861.00, 14.27, 0.00, 20.81
11:21:37.316 , Vol+O2, 61896.00, 11.78, 0.00, 20.81
11:21:37.316 , Vol+O2, 61931.00, 4.00, 0.32, 20.81
11:21:37.329 , Vol+O2, 61966.00, 0.00, 0.00, 20.81
11:21:37.310 , Vol+O2, 62001.00, 0.00, 0.00, 20.78
11:21:37.365 , Vol+O2, 62036.00, 0.00, 0.00, 20.78
11:21:37.365 , Vol+O2, 62071.00, 0.00, 0.00, 20.78
11:21:37.367 , Vol+O2, 62106.00, 0.43, 1.10, 20.78
11:21:37.367 , Vol+O2, 62141.00, 35.31, 0.00, 20.78
11:21:37.369 , Vol+O2, 62176.00, 27.01, 0.00, 20.78
11:21:37.369 , Vol+O2, 62211.00, 27.88, 0.00, 20.78
11:21:37.370 , Vol+O2, 62246.00, 33.56, 0.00, 20.78
11:21:37.370 , Vol+O2, 62281.00, 35.20, 0.00, 20.78
11:21:37.373 , Vol+O2, 62316.00, 35.87, 0.00, 20.78
11:21:37.373 , Vol+O2, 62351.00, 34.10, 0.00, 20.78
11:21:37.373 , Vol+O2, 62386.00, 34.54, 0.00, 20.78
11:21:37.374 , Vol+O2, 62421.00, 34.76, 0.00, 20.78
11:21:37.374 , Vol+O2, 62456.00, 33.24, 0.00, 20.78
11:21:37.375 , Vol+O2, 62491.00, 33.67, 0.00, 20.78
11:21:37.375 , Vol+O2, 62526.00, 32.60, 0.00, 20.78
11:21:37.383 , Vol+O2, 62561.00, 32.38, 0.00, 20.78
11:21:37.383 , Vol+O2, 62596.00, 29.98, 0.00, 20.78
11:21:37.386 , Vol+O2, 62631.00, 28.67, 0.00, 20.78
11:21:37.386 , Vol+O2, 62666.00, 25.60, 0.00, 20.78
11:21:37.388 , Vol+O2, 62701.00, 25.23, 0.00, 20.78
11:21:37.388 , Vol+O2, 62736.00, 23.52, 0.00, 20.81
11:21:37.392 , Vol+O2, 62771.00, 21.13, 0.00, 20.81
11:21:37.392 , Vol+O2, 62806.00, 20.38, 0.00, 20.81
11:21:37.396 , Vol+O2, 62841.00, 17.48, 0.00, 20.81
11:21:37.396 , Vol+O2, 62876.00, 16.64, 0.00, 20.81
11:21:37.398 , Vol+O2, 62911.00, 3.65, 0.00, 20.78
11:21:37.398 , Vol+O2, 62946.00, 0.00, 0.00, 20.78
11:21:37.402 , Vol+O2, 62981.00, 0.00, 0.00, 20.78
11:21:37.402 , Vol+O2, 63016.00, 0.00, 0.00, 20.78
11:21:37.431 , Vol+O2, 63052.00, 0.00, 0.00, 20.78
11:21:37.431 , Vol+O2, 63087.00, 0.00, 0.00, 20.78
11:21:37.459 , Vol+O2, 63122.00, 0.00, 0.55, 20.78
11:21:37.459 , Vol+O2, 63157.00, 13.78, 0.00, 20.78
11:21:37.462 , Vol+O2, 63192.00, 22.65, 0.00, 20.78
11:21:37.463 , Vol+O2, 63227.00, 28.87, 0.00, 20.78
11:21:37.463 , Vol+O2, 63262.00, 31.33, 0.00, 20.78
11:21:37.466 , Vol+O2, 63297.00, 32.81, 0.00, 20.78
11:21:37.466 , Vol+O2, 63332.00, 34.21, 0.00, 20.78
11:21:37.467 , Vol+O2, 63367.00, 36.65, 0.00, 20.81
11:21:37.467 , Vol+O2, 63402.00, 36.09, 0.00, 20.81
11:21:37.470 , Vol+O2, 63437.00, 38.25, 0.00, 20.81
11:21:37.470 , Vol+O2, 63472.00, 36.42, 0.00, 20.81
11:21:37.473 , Vol+O2, 63508.00, 36.42, 0.00, 20.78
11:21:37.473 , Vol+O2, 63543.00, 33.45, 0.00, 20.78
11:21:37.473 , Vol+O2, 63578.00, 33.99, 0.00, 20.78
11:21:37.473 , Vol+O2, 63613.00, 33.24, 0.00, 20.78
11:21:37.477 , Vol+O2, 63648.00, 32.70, 0.00, 20.78
11:21:37.477 , Vol+O2, 63683.00, 31.33, 0.00, 20.78
11:21:37.480 , Vol+O2, 63718.00, 29.67, 0.00, 20.78
11:21:37.480 , Vol+O2, 63753.00, 30.08, 0.00, 20.78
11:21:37.487 , Vol+O2, 63788.00, 30.08, 0.00, 20.78
11:21:37.487 , Vol+O2, 63823.00, 29.67, 0.00, 20.78
11:21:37.489 , Vol+O2, 63858.00, 27.78, 0.00, 20.78
11:21:37.489 , Vol+O2, 63893.00, 27.58, 0.00, 20.78
11:21:37.490 , Vol+O2, 63928.00, 25.41, 0.00, 20.78
11:21:37.490 , Vol+O2, 63964.00, 23.70, 0.00, 20.78
11:21:37.545 , Vol+O2, 63999.00, 13.06, 0.00, 20.78
11:21:37.545 , Vol+O2, 64034.00, 0.00, 0.00, 20.78
11:21:37.560 , Vol+O2, 64069.00, 0.00, 0.00, 20.78
11:21:37.560 , Vol+O2, 64104.00, 0.00, 0.00, 20.78
11:21:37.562 , Vol+O2, 64139.00, 0.00, 0.00, 20.78
11:21:37.562 , Vol+O2, 64174.00, 0.00, 0.00, 20.78
11:21:37.564 , Vol+O2, 64209.00, 30.39, 0.00, 20.78
11:21:37.564 , Vol+O2, 64244.00, 19.08, 0.00, 20.78
11:21:37.566 , Vol+O2, 64279.00, 22.40, 0.00, 20.81
11:21:37.566 , Vol+O2, 64314.00, 22.57, 0.00, 20.81
11:21:37.568 , Vol+O2, 64349.00, 25.70, 0.00, 20.81
11:21:37.568 , Vol+O2, 64384.00, 27.20, 0.00, 20.81
11:21:37.570 , Vol+O2, 64420.00, 28.57, 0.00, 20.78
11:21:37.570 , Vol+O2, 64455.00, 33.24, 0.00, 20.78
11:21:37.573 , Vol+O2, 64490.00, 35.53, 0.00, 20.78
11:21:37.573 , Vol+O2, 64525.00, 33.78, 0.00, 20.78
11:21:37.575 , Vol+O2, 64560.00, 33.45, 0.00, 20.78
11:21:37.575 , Vol+O2, 64595.00, 32.38, 0.00, 20.79
11:21:37.582 , Vol+O2, 64630.00, 29.67, 0.00, 20.79
11:21:37.582 , Vol+O2, 64665.00, 29.77, 0.00, 20.79
11:21:37.585 , Vol+O2, 64700.00, 29.27, 0.00, 20.79
11:21:37.585 , Vol+O2, 64735.00, 28.46, 0.00, 20.78
11:21:37.586 , Vol+O2, 64770.00, 26.53, 0.00, 20.78
11:21:37.586 , Vol+O2, 64805.00, 27.01, 0.00, 20.78
11:21:37.591 , Vol+O2, 64840.00, 23.97, 0.00, 20.78
11:21:37.591 , Vol+O2, 64876.00, 23.70, 0.00, 20.81
11:21:37.596 , Vol+O2, 64911.00, 22.14, 0.00, 20.81
11:21:37.596 , Vol+O2, 64946.00, 21.13, 0.00, 20.81
11:21:37.598 , Vol+O2, 64981.00, 6.39, 0.00, 20.81
11:21:37.598 , Vol+O2, 65016.00, 0.00, 0.00, 20.81
11:21:37.636 , Vol+O2, 65051.00, 0.00, 0.00, 20.81
11:21:37.636 , Vol+O2, 65086.00, 0.00, 0.00, 20.81
11:21:37.636 , Vol+O2, 65121.00, 0.00, 0.00, 20.81
11:21:37.637 , Vol+O2, 65156.00, 0.00, 0.00, 20.81
11:21:37.637 , Vol+O2, 65191.00, 0.00, 0.00, 20.81
11:21:37.639 , Vol+O2, 65226.00, 0.86, 0.00, 20.81
11:21:37.639 , Vol+O2, 65261.00, 23.62, 0.65, 20.81
11:21:37.639 , Vol+O2, 65296.00, 26.53, 0.00, 20.81
11:21:37.641 , Vol+O2, 65332.00, 28.67, 0.00, 20.78
11:21:37.641 , Vol+O2, 65367.00, 29.27, 0.00, 20.78
11:21:37.645 , Vol+O2, 65402.00, 31.53, 0.00, 20.78
11:21:37.645 , Vol+O2, 65437.00, 31.64, 0.00, 20.78
11:21:37.646 , Vol+O2, 65472.00, 31.12, 0.00, 20.78
11:21:37.646 , Vol+O2, 65507.00, 33.45, 0.00, 20.78
11:21:37.651 , Vol+O2, 65542.00, 33.24, 0.00, 20.78
11:21:37.651 , Vol+O2, 65577.00, 34.43, 0.00, 20.78
11:21:37.652 , Vol+O2, 65612.00, 31.85, 0.00, 20.78
11:21:37.661 , Vol+O2, 65647.00, 31.64, 0.00, 20.78
11:21:37.661 , Vol+O2, 65682.00, 30.39, 0.00, 20.78
11:21:37.661 , Vol+O2, 65717.00, 30.49, 0.00, 20.78
11:21:37.663 , Vol+O2, 65752.00, 31.33, 0.00, 20.78
11:21:37.663 , Vol+O2, 65787.00, 30.49, 0.00, 20.81
11:21:37.664 , Vol+O2, 65822.00, 30.91, 0.00, 20.81
11:21:37.664 , Vol+O2, 65857.00, 30.49, 0.00, 20.81
11:21:43.013 , Vol+O2, 65892.00, 29.77, 0.00, 20.81
11:21:43.014 , Vol+O2, 65948.00, 28.27, 0.00, 20.78
11:21:43.014 , Vol+O2, 65993.00, 26.72, 0.00, 20.78
11:21:43.014 , Vol+O2, 66046.00, 23.27, 0.00, 20.78
11:21:43.022 , Vol+O2, 66081.00, 23.27, 0.00, 20.78
11:21:43.022 , Vol+O2, 66137.00, 20.87, 0.00, 20.78
11:21:43.023 , Vol+O2, 66172.00, 0.00, 0.00, 20.78
11:21:43.023 , Vol+O2, 66237.00, 0.00, 0.00, 20.78
11:21:43.023 , Vol+O2, 66273.00, 0.00, 0.00, 20.81
11:21:43.023 , Vol+O2, 66335.00, 0.00, 0.00, 20.81
11:21:43.024 , Vol+O2, 66388.00, 0.00, 0.32, 20.81
11:21:43.024 , Vol+O2, 66425.00, 17.48, 0.00, 20.81
11:21:43.024 , Vol+O2, 66460.00, 28.07, 0.00, 20.81
11:21:43.054 , Vol+O2, 66495.00, 28.07, 0.00, 20.81
11:21:43.054 , Vol+O2, 66530.00, 27.58, 0.00, 20.81
11:21:43.054 , Vol+O2, 66565.00, 29.98, 0.00, 20.78
11:21:43.054 , Vol+O2, 66600.00, 36.54, 0.00, 20.78
11:21:43.055 , Vol+O2, 66635.00, 35.64, 0.00, 20.78
11:21:43.055 , Vol+O2, 66670.00, 31.53, 0.00, 20.78
11:21:43.057 , Vol+O2, 66705.00, 29.46, 0.00, 20.81
11:21:43.057 , Vol+O2, 66740.00, 27.30, 0.00, 20.81
11:21:43.061 , Vol+O2, 66775.00, 27.88, 0.00, 20.81
11:21:43.057 , Vol+O2, 66811.00, 29.17, 0.00, 20.81
11:21:43.061 , Vol+O2, 66846.00, 28.96, 0.00, 20.81
11:21:43.100 , Vol+O2, 66881.00, 28.46, 0.00, 20.81
11:21:43.100 , Vol+O2, 66916.00, 26.63, 0.00, 20.81
11:21:43.102 , Vol+O2, 66951.00, 27.50, 0.00, 20.81
11:21:43.102 , Vol+O2, 66986.00, 24.69, 0.00, 20.81
11:21:43.105 , Vol+O2, 67021.00, 24.78, 0.00, 20.81
11:21:43.105 , Vol+O2, 67056.00, 22.05, 0.00, 20.81
11:21:43.108 , Vol+O2, 67091.00, 20.96, 0.00, 20.81
11:21:43.108 , Vol+O2, 67126.00, 17.48, 0.00, 20.81
11:21:43.111 , Vol+O2, 67161.00, 13.99, 0.00, 20.84
11:21:43.111 , Vol+O2, 67196.00, 0.47, 0.37, 20.84
11:21:43.112 , Vol+O2, 67231.00, 0.00, 0.00, 20.84
11:21:43.112 , Vol+O2, 67266.00, 0.00, 0.00, 20.84
11:21:43.115 , Vol+O2, 67301.00, 0.00, 0.00, 20.84
11:21:43.115 , Vol+O2, 67336.00, 0.00, 0.00, 20.81
11:21:43.121 , Vol+O2, 67371.00, 0.00, 0.00, 20.81
11:21:43.121 , Vol+O2, 67406.00, 0.00, 0.00, 20.81
11:21:43.121 , Vol+O2, 67441.00, 0.00, 0.00, 20.81
11:21:43.123 , Vol+O2, 67476.00, 0.22, 0.00, 20.81
11:21:43.125 , Vol+O2, 67511.00, 1.08, 0.00, 20.81
11:21:43.125 , Vol+O2, 67546.00, 15.45, 0.50, 20.81
11:21:43.130 , Vol+O2, 67581.00, 18.68, 0.00, 20.81
11:21:43.130 , Vol+O2, 67616.00, 21.37, 0.00, 20.80
11:21:43.130 , Vol+O2, 67651.00, 21.29, 0.00, 20.80
11:21:43.133 , Vol+O2, 67686.00, 24.15, 0.00, 20.80
11:21:43.133 , Vol+O2, 67721.00, 27.01, 0.00, 20.80
11:21:43.155 , Vol+O2, 67756.00, 29.27, 0.00, 20.80
11:21:43.155 , Vol+O2, 67791.00, 31.43, 0.00, 20.78
11:21:43.155 , Vol+O2, 67826.00, 35.09, 0.00, 20.78
11:21:43.157 , Vol+O2, 67861.00, 36.76, 0.00, 20.78
11:21:43.157 , Vol+O2, 67896.00, 38.60, 0.00, 20.78
11:21:43.160 , Vol+O2, 67931.00, 39.90, 0.00, 20.81
11:21:43.160 , Vol+O2, 67966.00, 38.14, 0.00, 20.81
11:21:43.162 , Vol+O2, 68001.00, 38.37, 0.00, 20.81
11:21:43.162 , Vol+O2, 68036.00, 37.45, 0.00, 20.81
11:21:43.162 , Vol+O2, 68071.00, 36.42, 0.00, 20.81
11:21:43.166 , Vol+O2, 68106.00, 34.76, 0.00, 20.81
11:21:43.166 , Vol+O2, 68141.00, 31.75, 0.00, 20.81
11:21:43.167 , Vol+O2, 68176.00, 28.96, 0.00, 20.81
11:21:43.167 , Vol+O2, 68211.00, 27.40, 0.00, 20.81
11:21:43.168 , Vol+O2, 68246.00, 25.51, 0.00, 20.78
11:21:43.172 , Vol+O2, 68281.00, 23.00, 0.00, 20.78
11:21:43.172 , Vol+O2, 68316.00, 21.71, 0.00, 20.78
11:21:43.176 , Vol+O2, 68351.00, 20.62, 0.00, 20.78
11:21:43.176 , Vol+O2, 68386.00, 12.29, 0.00, 20.81
11:21:43.179 , Vol+O2, 68421.00, 0.00, 0.00, 20.81
11:21:43.179 , Vol+O2, 68456.00, 0.00, 0.00, 20.81
11:21:43.182 , Vol+O2, 68491.00, 0.00, 0.00, 20.81
11:21:43.182 , Vol+O2, 68526.00, 0.00, 0.00, 20.81
11:21:43.190 , Vol+O2, 68561.00, 0.00, 0.00, 20.81
11:21:43.190 , Vol+O2, 68596.00, 1.75, 0.00, 20.81
11:21:43.220 , Vol+O2, 68631.00, 15.45, 0.00, 20.81
11:21:43.220 , Vol+O2, 68666.00, 15.82, 0.00, 20.81
11:21:43.278 , Vol+O2, 68701.00, 18.11, 0.00, 20.81
11:21:43.278 , Vol+O2, 68736.00, 20.22, 0.00, 20.81
11:21:43.334 , Vol+O2, 68771.00, 22.74, 0.00, 20.81
11:21:43.334 , Vol+O2, 68806.00, 25.87, 0.00, 20.81
11:21:43.334 , Vol+O2, 68842.00, 32.06, 0.00, 20.81
11:21:43.336 , Vol+O2, 68877.00, 30.49, 0.00, 20.81
11:21:43.336 , Vol+O2, 68912.00, 28.07, 0.00, 20.81
11:21:43.337 , Vol+O2, 68947.00, 27.40, 0.00, 20.81
11:21:43.339 , Vol+O2, 68982.00, 28.67, 0.00, 20.81
11:21:43.339 , Vol+O2, 69017.00, 27.40, 0.00, 20.81
11:21:43.339 , Vol+O2, 69052.00, 26.63, 0.00, 20.81
11:21:43.339 , Vol+O2, 69087.00, 26.53, 0.00, 20.81
11:21:43.347 , Vol+O2, 69122.00, 27.40, 0.00, 20.81
11:21:43.347 , Vol+O2, 69157.00, 24.87, 0.00, 20.81
11:21:43.349 , Vol+O2, 69192.00, 23.79, 0.00, 20.81
11:21:43.349 , Vol+O2, 69227.00, 23.79, 0.00, 20.81
11:21:43.351 , Vol+O2, 69262.00, 21.55, 0.00, 20.81
11:21:43.351 , Vol+O2, 69298.00, 20.62, 0.00, 20.81
11:21:43.356 , Vol+O2, 69333.00, 19.40, 0.00, 20.81
11:21:43.356 , Vol+O2, 69368.00, 19.16, 0.00, 20.81
11:21:43.361 , Vol+O2, 69403.00, 17.87, 0.00, 20.81
11:21:43.361 , Vol+O2, 69438.00, 17.09, 0.00, 20.81
11:21:43.362 , Vol+O2, 69473.00, 2.11, 0.00, 20.81
11:21:43.362 , Vol+O2, 69508.00, 0.00, 0.00, 20.81
11:21:43.410 , Vol+O2, 69543.00, 0.00, 0.00, 20.81
11:21:43.410 , Vol+O2, 69578.00, 0.00, 0.00, 20.81
11:21:43.410 , Vol+O2, 69613.00, 0.00, 0.00, 20.81
11:21:43.410 , Vol+O2, 69648.00, 0.00, 0.00, 20.81
11:21:43.412 , Vol+O2, 69683.00, 0.00, 0.00, 20.81
11:21:43.412 , Vol+O2, 69718.00, 0.00, 0.00, 20.81
11:21:43.412 , Vol+O2, 69755.00, 0.00, 0.00, 20.81
11:21:43.412 , Vol+O2, 69790.00, 0.38, 0.00, 20.81
11:21:43.414 , Vol+O2, 69825.00, 14.13, 0.87, 20.81
11:21:43.416 , Vol+O2, 69860.00, 16.94, 0.00, 20.81
11:21:43.416 , Vol+O2, 69895.00, 19.08, 0.00, 20.81
11:21:43.419 , Vol+O2, 69930.00, 26.16, 0.00, 20.81
11:21:43.419 , Vol+O2, 69965.00, 25.98, 0.00, 20.81
11:21:43.419 , Vol+O2, 70000.00, 26.91, 0.00, 20.81
11:21:43.426 , Vol+O2, 70035.00, 29.56, 0.00, 20.81
11:21:43.426 , Vol+O2, 70070.00, 27.98, 0.00, 20.81
11:21:43.428 , Vol+O2, 70105.00, 30.39, 0.00, 20.81
11:21:43.428 , Vol+O2, 70140.00, 27.20, 0.00, 20.81
11:21:43.431 , Vol+O2, 70175.00, 30.49, 0.00, 20.81
11:21:43.436 , Vol+O2, 70211.00, 29.77, 0.00, 20.81
11:21:43.436 , Vol+O2, 70246.00, 31.01, 0.00, 20.81
11:21:43.438 , Vol+O2, 70281.00, 30.18, 0.00, 20.81
11:21:43.438 , Vol+O2, 70316.00, 28.27, 0.00, 20.81
11:21:43.443 , Vol+O2, 70351.00, 28.77, 0.00, 20.81
11:21:43.443 , Vol+O2, 70386.00, 28.67, 0.00, 20.81
11:21:43.446 , Vol+O2, 70421.00, 26.53, 0.00, 20.81
11:21:43.446 , Vol+O2, 70456.00, 26.44, 0.00, 20.81
11:21:43.450 , Vol+O2, 70491.00, 25.23, 0.00, 20.81
11:21:43.450 , Vol+O2, 70526.00, 24.69, 0.00, 20.81
11:21:43.486 , Vol+O2, 70561.00, 23.70, 0.00, 20.81
11:21:43.486 , Vol+O2, 70596.00, 23.09, 0.00, 20.81
11:21:43.489 , Vol+O2, 70631.00, 22.14, 0.00, 20.81
11:21:43.489 , Vol+O2, 70667.00, 21.46, 0.00, 20.81
11:21:43.489 , Vol+O2, 70702.00, 20.62, 0.00, 20.81
11:21:43.491 , Vol+O2, 70737.00, 2.06, 0.37, 20.81
11:21:43.493 , Vol+O2, 70772.00, 0.00, 0.00, 20.81
11:21:43.493 , Vol+O2, 70807.00, 0.00, 0.00, 20.81
11:21:43.496 , Vol+O2, 70842.00, 0.00, 0.00, 20.81
11:21:43.496 , Vol+O2, 70877.00, 0.00, 0.00, 20.81
11:21:43.499 , Vol+O2, 70912.00, 0.00, 0.00, 20.81
11:21:43.499 , Vol+O2, 70947.00, 2.06, 0.00, 20.81
11:21:43.501 , Vol+O2, 70982.00, 6.50, 0.00, 20.81
11:21:43.501 , Vol+O2, 71017.00, 14.20, 0.00, 20.81
11:21:43.501 , Vol+O2, 71052.00, 25.05, 0.00, 20.81
11:21:43.516 , Vol+O2, 71087.00, 27.01, 0.00, 20.81
11:21:43.518 , Vol+O2, 71123.00, 28.07, 0.00, 20.81
11:21:43.518 , Vol+O2, 71158.00, 31.33, 0.00, 20.81
11:21:43.526 , Vol+O2, 71193.00, 34.54, 0.00, 20.81
11:21:43.526 , Vol+O2, 71228.00, 35.09, 0.00, 20.81
11:21:43.546 , Vol+O2, 71263.00, 32.06, 0.00, 20.81
11:21:43.546 , Vol+O2, 71298.00, 33.13, 0.00, 20.81
11:21:43.551 , Vol+O2, 71333.00, 32.49, 0.00, 20.81
11:21:43.551 , Vol+O2, 71368.00, 32.70, 0.00, 20.81
11:21:48.547 , Vol+O2, 71410.00, 30.81, 0.00, 20.81
11:21:48.572 , Vol+O2, 71446.00, 28.77, 0.00, 20.81
11:21:48.597 , Vol+O2, 71481.00, 28.07, 0.00, 20.81
11:21:48.597 , Vol+O2, 71516.00, 26.82, 0.00, 20.81
11:21:48.613 , Vol+O2, 71551.00, 25.05, 0.00, 20.81
11:21:48.613 , Vol+O2, 71586.00, 24.33, 0.00, 20.81
11:21:48.616 , Vol+O2, 71621.00, 22.57, 0.00, 20.81
11:21:48.616 , Vol+O2, 71656.00, 21.37, 0.00, 20.81
11:21:48.617 , Vol+O2, 71691.00, 19.32, 0.00, 20.81
11:21:48.617 , Vol+O2, 71726.00, 18.52, 0.00, 20.81
11:21:48.619 , Vol+O2, 71763.00, 12.67, 0.00, 20.84
11:21:48.619 , Vol+O2, 71817.00, 0.00, 0.00, 20.84
11:21:48.622 , Vol+O2, 71874.00, 0.00, 0.00, 20.84
11:21:48.622 , Vol+O2, 71923.00, 0.00, 0.00, 20.81
11:21:48.625 , Vol+O2, 71959.00, 0.00, 0.00, 20.81
11:21:48.625 , Vol+O2, 71994.00, 0.00, 0.00, 20.81
11:21:48.631 , Vol+O2, 72029.00, 0.00, 0.00, 20.81
11:21:48.631 , Vol+O2, 72100.00, 0.00, 0.00, 20.81
11:21:48.634 , Vol+O2, 72136.00, 15.45, 0.00, 20.81
11:21:48.634 , Vol+O2, 72181.00, 15.45, 0.00, 20.81
11:21:48.637 , Vol+O2, 72217.00, 23.79, 0.00, 20.81
11:21:48.637 , Vol+O2, 72253.00, 27.01, 0.00, 20.81
11:21:48.639 , Vol+O2, 72288.00, 27.68, 0.00, 20.81
11:21:48.639 , Vol+O2, 72323.00, 29.37, 0.00, 20.81
11:21:48.643 , Vol+O2, 72358.00, 28.96, 0.00, 20.81
11:21:48.643 , Vol+O2, 72393.00, 29.17, 0.00, 20.81
11:21:48.648 , Vol+O2, 72428.00, 29.27, 0.00, 20.81
11:21:48.648 , Vol+O2, 72463.00, 29.27, 0.00, 20.81
11:21:48.679 , Vol+O2, 72498.00, 28.36, 0.00, 20.81
11:21:48.679 , Vol+O2, 72533.00, 28.77, 0.00, 20.81
11:21:48.682 , Vol+O2, 72568.00, 28.17, 0.00, 20.81
11:21:48.682 , Vol+O2, 72603.00, 28.77, 0.00, 20.81
11:21:48.683 , Vol+O2, 72638.00, 27.58, 0.00, 20.81
11:21:48.683 , Vol+O2, 72675.00, 28.27, 0.00, 20.81
11:21:48.685 , Vol+O2, 72710.00, 28.07, 0.00, 20.81
11:21:48.685 , Vol+O2, 72745.00, 26.34, 0.00, 20.81
11:21:48.686 , Vol+O2, 72780.00, 25.60, 0.00, 20.81
11:21:48.690 , Vol+O2, 72815.00, 23.97, 0.00, 20.81
11:21:48.690 , Vol+O2, 72850.00, 24.15, 0.00, 20.81
11:21:48.696 , Vol+O2, 72885.00, 21.62, 0.00, 20.81
11:21:48.696 , Vol+O2, 72920.00, 21.29, 0.00, 20.81
11:21:48.699 , Vol+O2, 72955.00, 21.04, 0.00, 20.81
11:21:48.699 , Vol+O2, 72990.00, 18.68, 0.00, 20.84
11:21:48.703 , Vol+O2, 73025.00, 4.22, 0.00, 20.84
11:21:48.703 , Vol+O2, 73060.00, 0.00, 0.00, 20.84
11:21:48.704 , Vol+O2, 73095.00, 0.00, 0.00, 20.84
11:21:48.704 , Vol+O2, 73131.00, 0.00, 0.00, 20.84
11:21:48.713 , Vol+O2, 73166.00, 0.00, 0.00, 20.84
11:21:48.713 , Vol+O2, 73201.00, 0.00, 0.00, 20.84
11:21:48.713 , Vol+O2, 73236.00, 1.33, 0.00, 20.84
11:21:48.713 , Vol+O2, 73271.00, 3.36, 0.00, 20.84
11:21:48.716 , Vol+O2, 73306.00, 14.61, 0.00, 20.84
11:21:48.716 , Vol+O2, 73341.00, 17.33, 0.00, 20.84
11:21:48.716 , Vol+O2, 73376.00, 19.16, 0.00, 20.84
11:21:48.716 , Vol+O2, 73411.00, 20.87, 0.00, 20.84
11:21:48.794 , Vol+O2, 73446.00, 22.14, 0.00, 20.84
11:21:48.794 , Vol+O2, 73481.00, 23.62, 0.00, 20.84
11:21:48.794 , Vol+O2, 73516.00, 25.14, 0.00, 20.84
11:21:48.808 , Vol+O2, 73551.00, 25.14, 0.00, 20.84
11:21:48.808 , Vol+O2, 73587.00, 25.78, 0.00, 20.84
11:21:48.836 , Vol+O2, 73622.00, 26.25, 0.00, 20.84
11:21:48.836 , Vol+O2, 73657.00, 26.72, 0.00, 20.84
11:21:48.838 , Vol+O2, 73692.00, 26.63, 0.00, 20.84
11:21:48.838 , Vol+O2, 73727.00, 26.34, 0.00, 20.84
11:21:48.839 , Vol+O2, 73762.00, 26.34, 0.00, 20.84
11:21:48.839 , Vol+O2, 73797.00, 25.41, 0.00, 20.84
11:21:48.861 , Vol+O2, 73832.00, 24.05, 0.00, 20.84
11:21:48.874 , Vol+O2, 73867.00, 24.51, 0.00, 20.84
11:21:48.874 , Vol+O2, 73902.00, 21.46, 0.00, 20.84
11:21:48.876 , Vol+O2, 73937.00, 21.55, 0.00, 20.84
11:21:48.874 , Vol+O2, 73972.00, 20.46, 0.00, 20.84
11:21:48.877 , Vol+O2, 74007.00, 19.89, 0.00, 20.84
11:21:48.877 , Vol+O2, 74043.00, 18.52, 0.00, 20.84
11:21:48.878 , Vol+O2, 74078.00, 17.09, 0.00, 20.84
11:21:48.878 , Vol+O2, 74113.00, 6.70, 0.00, 20.84
11:21:48.878 , Vol+O2, 74148.00, 0.00, 0.00, 20.84
11:21:48.878 , Vol+O2, 74183.00, 0.00, 0.00, 20.84
11:21:48.887 , Vol+O2, 74218.00, 0.00, 0.00, 20.84
11:21:48.889 , Vol+O2, 74253.00, 0.00, 0.00, 20.84
11:21:48.889 , Vol+O2, 74288.00, 0.00, 0.00, 20.84
11:21:48.891 , Vol+O2, 74323.00, 0.00, 0.00, 20.84
11:21:48.891 , Vol+O2, 74358.00, 0.00, 0.00, 20.84
11:21:48.896 , Vol+O2, 74393.00, 0.34, 0.00, 20.84
11:21:48.896 , Vol+O2, 74428.00, 9.78, 0.00, 20.84
11:21:48.899 , Vol+O2, 74463.00, 13.26, 0.00, 20.84
11:21:48.899 , Vol+O2, 74500.00, 16.86, 0.00, 20.84
11:21:48.903 , Vol+O2, 74535.00, 22.14, 0.00, 20.84
11:21:48.903 , Vol+O2, 74570.00, 24.78, 0.00, 20.84
11:21:48.906 , Vol+O2, 74605.00, 26.44, 0.00, 20.84
11:21:48.906 , Vol+O2, 74640.00, 27.78, 0.00, 20.84
11:21:48.956 , Vol+O2, 74675.00, 28.27, 0.00, 20.84
11:21:48.956 , Vol+O2, 74710.00, 29.87, 0.00, 20.84
11:21:48.956 , Vol+O2, 74745.00, 30.91, 0.00, 20.84
11:21:48.956 , Vol+O2, 74780.00, 33.56, 0.00, 20.84
11:21:48.959 , Vol+O2, 74815.00, 32.92, 0.00, 20.84
11:21:48.959 , Vol+O2, 74850.00, 32.17, 0.00, 20.84
11:21:48.960 , Vol+O2, 74885.00, 31.64, 0.00, 20.84
11:21:48.961 , Vol+O2, 74920.00, 30.39, 0.00, 20.84
11:21:48.961 , Vol+O2, 74956.00, 27.40, 0.00, 20.84
11:21:48.966 , Vol+O2, 74991.00, 27.50, 0.00, 20.84
11:21:48.966 , Vol+O2, 75026.00, 24.95, 0.00, 20.84
11:21:48.992 , Vol+O2, 75061.00, 25.87, 0.00, 20.84
11:21:48.992 , Vol+O2, 75096.00, 23.35, 0.00, 20.84
11:21:48.996 , Vol+O2, 75131.00, 23.00, 0.00, 20.84
11:21:48.996 , Vol+O2, 75166.00, 22.48, 0.00, 20.84
11:21:48.999 , Vol+O2, 75201.00, 21.29, 0.00, 20.84
11:21:48.999 , Vol+O2, 75236.00, 22.31, 0.00, 20.84
11:21:49.000 , Vol+O2, 75271.00, 21.13, 0.00, 20.84
11:21:49.000 , Vol+O2, 75306.00, 20.22, 0.00, 20.84
11:21:49.000 , Vol+O2, 75341.00, 18.92, 0.00, 20.84
11:21:49.017 , Vol+O2, 75376.00, 5.81, 0.00, 20.84
11:21:49.017 , Vol+O2, 75412.00, 0.00, 0.00, 20.84
11:21:49.020 , Vol+O2, 75447.00, 0.00, 0.00, 20.84
11:21:49.020 , Vol+O2, 75482.00, 0.00, 0.00, 20.84
11:21:49.023 , Vol+O2, 75517.00, 0.00, 0.00, 20.84
11:21:49.023 , Vol+O2, 75552.00, 0.00, 0.00, 20.84
11:21:49.026 , Vol+O2, 75587.00, 0.00, 0.00, 20.87
11:21:49.026 , Vol+O2, 75622.00, 2.28, 1.05, 20.87
11:21:49.027 , Vol+O2, 75657.00, 8.07, 0.00, 20.87
11:21:49.027 , Vol+O2, 75692.00, 11.90, 0.00, 20.87
11:21:49.030 , Vol+O2, 75727.00, 16.18, 0.00, 20.87
11:21:49.030 , Vol+O2, 75762.00, 19.08, 0.00, 20.87
11:21:49.031 , Vol+O2, 75797.00, 19.98, 0.00, 20.87
11:21:49.031 , Vol+O2, 75832.00, 20.96, 0.00, 20.87
11:21:49.038 , Vol+O2, 75868.00, 23.97, 0.00, 20.84
11:21:49.038 , Vol+O2, 75903.00, 29.17, 0.00, 20.84
11:21:49.041 , Vol+O2, 75938.00, 32.28, 0.00, 20.84
11:21:49.041 , Vol+O2, 75973.00, 34.98, 0.00, 20.84
11:21:49.042 , Vol+O2, 76008.00, 36.88, 0.00, 20.84
11:21:49.042 , Vol+O2, 76043.00, 35.20, 0.00, 20.84
11:21:49.047 , Vol+O2, 76078.00, 34.87, 0.00, 20.84
11:21:49.047 , Vol+O2, 76113.00, 33.34, 0.00, 20.84
11:21:49.050 , Vol+O2, 76148.00, 31.96, 0.00, 20.84
11:21:49.050 , Vol+O2, 76183.00, 31.75, 0.00, 20.84
11:21:49.057 , Vol+O2, 76218.00, 29.27, 0.00, 20.84
11:21:49.057 , Vol+O2, 76253.00, 28.36, 0.00, 20.84
11:21:49.060 , Vol+O2, 76288.00, 25.51, 0.00, 20.84
11:21:49.060 , Vol+O2, 76325.00, 23.88, 0.00, 20.84
11:21:49.061 , Vol+O2, 76360.00, 22.57, 0.00, 20.84
11:21:49.061 , Vol+O2, 76395.00, 22.65, 0.00, 20.84
11:21:49.065 , Vol+O2, 76430.00, 4.56, 0.00, 20.84
11:21:49.065 , Vol+O2, 76465.00, 0.00, 0.00, 20.84
11:21:49.068 , Vol+O2, 76500.00, 0.00, 0.00, 20.84
11:21:49.068 , Vol+O2, 76535.00, 0.00, 0.00, 20.84
11:21:49.070 , Vol+O2, 76570.00, 0.00, 0.00, 20.84
11:21:49.070 , Vol+O2, 76605.00, 0.00, 0.00, 20.84
11:21:49.076 , Vol+O2, 76640.00, 0.00, 0.00, 20.87
11:21:49.076 , Vol+O2, 76675.00, 0.00, 0.00, 20.87
11:21:49.076 , Vol+O2, 76710.00, 12.04, 2.76, 20.87
11:21:49.078 , Vol+O2, 76745.00, 18.52, 0.00, 20.87
11:21:49.076 , Vol+O2, 76781.00, 24.42, 0.00, 20.84
11:21:49.082 , Vol+O2, 76816.00, 28.77, 0.00, 20.84
11:21:49.082 , Vol+O2, 76851.00, 31.33, 0.00, 20.84
11:21:49.084 , Vol+O2, 76886.00, 33.24, 0.00, 20.84
11:21:49.084 , Vol+O2, 76921.00, 35.76, 0.00, 20.84
11:21:49.087 , Vol+O2, 76956.00, 33.45, 0.00, 20.84
11:21:49.087 , Vol+O2, 76991.00, 37.04, 0.00, 20.84
11:21:49.093 , Vol+O2, 77026.00, 35.42, 0.00, 20.84
11:21:49.093 , Vol+O2, 77061.00, 33.67, 0.00, 20.84
11:21:49.095 , Vol+O2, 77096.00, 33.24, 0.00, 20.84
11:21:49.095 , Vol+O2, 77131.00, 33.34, 0.00, 20.84
11:21:49.134 , Vol+O2, 77166.00, 32.49, 0.00, 20.84
11:21:49.134 , Vol+O2, 77201.00, 33.88, 0.00, 20.84
11:21:54.893 , Vol+O2, 77238.00, 32.92, 0.00, 20.90
11:21:54.898 , Vol+O2, 77297.00, 28.87, 0.00, 20.90
11:21:54.898 , Vol+O2, 77332.00, 28.36, 0.00, 20.90
11:21:54.898 , Vol+O2, 77383.00, 27.20, 0.00, 20.87
11:21:54.898 , Vol+O2, 77451.00, 26.53, 0.00, 20.87
11:21:54.898 , Vol+O2, 77487.00, 22.23, 0.00, 20.87
11:21:54.898 , Vol+O2, 77522.00, 22.91, 0.00, 20.87
11:21:54.898 , Vol+O2, 77559.00, 21.98, 0.00, 20.87
11:21:54.902 , Vol+O2, 77595.00, 2.06, 0.00, 20.87
11:21:54.902 , Vol+O2, 77641.00, 0.00, 0.00, 20.87
11:21:54.902 , Vol+O2, 77677.00, 0.00, 0.00, 20.87
11:21:54.903 , Vol+O2, 77713.00, 0.00, 0.00, 20.87
11:21:54.903 , Vol+O2, 77749.00, 0.00, 0.00, 20.90
11:21:54.904 , Vol+O2, 77822.00, 0.00, 0.00, 20.90
11:21:54.904 , Vol+O2, 77859.00, 25.60, 0.00, 20.90
11:21:54.904 , Vol+O2, 77894.00, 21.80, 0.00, 20.90
11:21:54.904 , Vol+O2, 77929.00, 26.82, 0.00, 20.90
11:21:54.911 , Vol+O2, 77964.00, 27.68, 0.00, 20.90
11:21:54.911 , Vol+O2, 77999.00, 29.98, 0.00, 20.90
11:21:54.937 , Vol+O2, 78034.00, 33.24, 0.00, 20.90
11:21:54.944 , Vol+O2, 78069.00, 35.87, 0.00, 20.87
11:21:54.944 , Vol+O2, 78104.00, 35.31, 0.00, 20.87
11:21:54.944 , Vol+O2, 78139.00, 36.99, 0.00, 20.87
11:21:54.944 , Vol+O2, 78174.00, 35.98, 0.00, 20.87
11:21:54.944 , Vol+O2, 78210.00, 36.54, 0.00, 20.87
11:21:54.944 , Vol+O2, 78245.00, 34.65, 0.00, 20.87
11:21:54.944 , Vol+O2, 78280.00, 36.54, 0.00, 20.87
11:21:54.944 , Vol+O2, 78315.00, 34.10, 0.00, 20.87
11:21:54.969 , Vol+O2, 78350.00, 32.92, 0.00, 20.87
11:21:54.969 , Vol+O2, 78385.00, 32.38, 0.00, 20.87
11:21:54.980 , Vol+O2, 78420.00, 28.67, 0.00, 20.87
11:21:54.980 , Vol+O2, 78455.00, 28.57, 0.00, 20.87
11:21:54.999 , Vol+O2, 78490.00, 26.53, 0.00, 20.87
11:21:54.999 , Vol+O2, 78525.00, 26.34, 0.00, 20.87
11:21:55.004 , Vol+O2, 78560.00, 25.14, 0.00, 20.87
11:21:55.004 , Vol+O2, 78595.00, 3.36, 0.00, 20.87
11:21:55.005 , Vol+O2, 78630.00, 0.00, 0.00, 20.87
11:21:55.005 , Vol+O2, 78666.00, 0.00, 0.00, 20.87
11:21:55.052 , Vol+O2, 78701.00, 0.00, 0.00, 20.87
11:21:55.053 , Vol+O2, 78736.00, 0.00, 0.00, 20.87
11:21:55.053 , Vol+O2, 78771.00, 0.00, 0.00, 20.87
11:21:55.065 , Vol+O2, 78806.00, 0.00, 0.00, 20.87
11:21:55.065 , Vol+O2, 78841.00, 0.00, 0.00, 20.87
11:21:55.067 , Vol+O2, 78876.00, 0.00, 0.00, 20.87
11:21:55.067 , Vol+O2, 78911.00, 8.63, 0.00, 20.87
11:21:55.067 , Vol+O2, 78946.00, 19.32, 0.00, 20.87
11:21:55.067 , Vol+O2, 78981.00, 24.51, 0.00, 20.87
11:21:55.069 , Vol+O2, 79016.00, 26.82, 0.00, 20.87
11:21:55.069 , Vol+O2, 79051.00, 28.77, 0.00, 20.87
11:21:55.067 , Vol+O2, 79086.00, 31.01, 0.00, 20.87
11:21:55.077 , Vol+O2, 79122.00, 32.60, 0.00, 20.87
11:21:55.077 , Vol+O2, 79157.00, 35.53, 0.00, 20.87
11:21:55.102 , Vol+O2, 79192.00, 35.64, 0.00, 20.87
11:21:55.102 , Vol+O2, 79227.00, 33.88, 0.00, 20.87
11:21:55.105 , Vol+O2, 79262.00, 33.99, 0.00, 20.87
11:21:55.105 , Vol+O2, 79297.00, 33.45, 0.00, 20.87
11:21:55.105 , Vol+O2, 79332.00, 32.92, 0.00, 20.87
11:21:55.105 , Vol+O2, 79367.00, 32.17, 0.00, 20.87
11:21:55.107 , Vol+O2, 79402.00, 30.91, 0.00, 20.87
11:21:55.107 , Vol+O2, 79437.00, 30.29, 0.00, 20.90
11:21:55.107 , Vol+O2, 79472.00, 29.56, 0.00, 20.90
11:21:55.105 , Vol+O2, 79507.00, 29.07, 0.00, 20.90
11:21:55.119 , Vol+O2, 79542.00, 27.92, 0.00, 20.90
11:21:55.145 , Vol+O2, 79578.00, 27.78, 0.00, 20.87
11:21:55.145 , Vol+O2, 79613.00, 27.24, 0.00, 20.87
11:21:55.147 , Vol+O2, 79648.00, 26.63, 0.00, 20.87
11:21:55.147 , Vol+O2, 79683.00, 25.23, 0.00, 20.87
11:21:55.155 , Vol+O2, 79718.00, 24.51, 0.00, 20.87
11:21:55.155 , Vol+O2, 79753.00, 26.34, 0.00, 20.87
11:21:55.157 , Vol+O2, 79788.00, 14.20, 0.00, 20.87
11:21:55.157 , Vol+O2, 79823.00, 0.00, 0.00, 20.87
11:21:55.157 , Vol+O2, 79858.00, 0.00, 0.00, 20.87
11:21:55.157 , Vol+O2, 79893.00, 0.00, 0.00, 20.90
11:21:55.157 , Vol+O2, 79928.00, 0.00, 0.00, 20.90
11:21:55.197 , Vol+O2, 79963.00, 0.00, 0.00, 20.90
11:21:55.197 , Vol+O2, 79998.00, 0.00, 0.00, 20.90
11:21:55.198 , Vol+O2, 80035.00, 3.44, 0.00, 20.90
11:21:55.197 , Vol+O2, 80070.00, 13.65, 0.00, 20.90
11:21:55.201 , Vol+O2, 80105.00, 10.68, 0.00, 20.90
11:21:55.201 , Vol+O2, 80140.00, 21.37, 0.00, 20.90
11:21:55.203 , Vol+O2, 80175.00, 25.51, 0.00, 20.90
11:21:55.203 , Vol+O2, 80210.00, 27.98, 0.00, 20.87
11:21:55.206 , Vol+O2, 80245.00, 29.98, 0.00, 20.87
11:21:55.206 , Vol+O2, 80280.00, 34.43, 0.00, 20.87
11:21:55.208 , Vol+O2, 80315.00, 38.89, 0.00, 20.87
11:21:55.208 , Vol+O2, 80350.00, 37.79, 0.00, 20.87
11:21:55.212 , Vol+O2, 80385.00, 37.61, 0.00, 20.87
11:21:55.212 , Vol+O2, 80420.00, 37.68, 0.00, 20.87
11:21:55.216 , Vol+O2, 80455.00, 38.14, 0.00, 20.87
11:21:55.216 , Vol+O2, 80491.00, 36.32, 0.00, 20.87
11:21:55.218 , Vol+O2, 80526.00, 35.09, 0.00, 20.87
11:21:55.218 , Vol+O2, 80561.00, 32.22, 0.00, 20.87
11:21:55.223 , Vol+O2, 80596.00, 31.43, 0.00, 20.87
11:21:55.223 , Vol+O2, 80631.00, 29.37, 0.00, 20.87
11:21:55.225 , Vol+O2, 80666.00, 27.88, 0.00, 20.90
11:21:55.225 , Vol+O2, 80701.00, 25.51, 0.00, 20.90
11:21:55.229 , Vol+O2, 80736.00, 25.32, 0.00, 20.90
11:21:55.229 , Vol+O2, 80771.00, 24.01, 0.00, 20.90
11:21:55.232 , Vol+O2, 80806.00, 22.40, 0.00, 20.90
11:21:55.232 , Vol+O2, 80841.00, 0.81, 0.28, 20.90
11:21:55.270 , Vol+O2, 80876.00, 0.00, 0.00, 20.90
11:21:55.270 , Vol+O2, 80911.00, 0.00, 0.00, 20.90
11:21:55.271 , Vol+O2, 80947.00, 0.00, 0.00, 20.87
11:21:55.271 , Vol+O2, 80982.00, 0.00, 0.00, 20.87
11:21:55.272 , Vol+O2, 81017.00, 0.00, 0.00, 20.87
11:21:55.272 , Vol+O2, 81052.00, 0.00, 0.00, 20.87
11:21:55.272 , Vol+O2, 81087.00, 0.00, 0.00, 20.87
11:21:55.274 , Vol+O2, 81122.00, 12.73, 0.00, 20.87
11:21:55.274 , Vol+O2, 81157.00, 19.00, 0.00, 20.87
11:21:55.304 , Vol+O2, 81192.00, 25.26, 0.00, 20.87
11:21:55.304 , Vol+O2, 81227.00, 28.11, 0.00, 20.87
11:21:55.325 , Vol+O2, 81262.00, 28.71, 0.00, 20.90
11:21:55.325 , Vol+O2, 81297.00, 30.39, 0.00, 20.90
11:21:55.339 , Vol+O2, 81332.00, 33.67, 0.00, 20.90
11:21:55.341 , Vol+O2, 81367.00, 34.76, 0.00, 20.90
11:21:55.341 , Vol+O2, 81403.00, 35.31, 0.00, 20.87
11:21:55.342 , Vol+O2, 81438.00, 35.87, 0.00, 20.87
11:21:55.342 , Vol+O2, 81473.00, 37.10, 0.00, 20.87
11:21:55.380 , Vol+O2, 81508.00, 37.04, 0.00, 20.87
11:21:55.380 , Vol+O2, 81543.00, 36.42, 0.00, 20.87
11:21:55.380 , Vol+O2, 81578.00, 35.31, 0.00, 20.90
11:21:55.380 , Vol+O2, 81613.00, 33.24, 0.00, 20.90
11:21:55.389 , Vol+O2, 81648.00, 31.33, 0.00, 20.90
11:21:55.389 , Vol+O2, 81683.00, 30.95, 0.00, 20.90
11:21:55.390 , Vol+O2, 81718.00, 30.91, 0.00, 20.90
11:21:55.427 , Vol+O2, 81753.00, 29.17, 0.00, 20.90
11:21:55.427 , Vol+O2, 81788.00, 28.60, 0.00, 20.90
11:21:55.429 , Vol+O2, 81823.00, 28.17, 0.00, 20.90
11:21:55.429 , Vol+O2, 81860.00, 28.21, 0.00, 20.90
11:21:55.429 , Vol+O2, 81895.00, 27.40, 0.00, 20.90
11:21:55.429 , Vol+O2, 81930.00, 25.45, 0.00, 20.90
11:21:55.431 , Vol+O2, 81965.00, 11.90, 0.00, 20.90
11:21:55.431 , Vol+O2, 82000.00, 0.00, 0.00, 20.90
11:21:55.429 , Vol+O2, 82035.00, 0.00, 0.00, 20.90
11:21:55.434 , Vol+O2, 82070.00, 0.00, 0.00, 20.90
11:21:55.436 , Vol+O2, 82105.00, 0.00, 0.00, 20.90
11:21:55.436 , Vol+O2, 82140.00, 0.00, 0.00, 20.90
11:21:55.439 , Vol+O2, 82175.00, 0.00, 0.00, 20.87
11:21:55.439 , Vol+O2, 82210.00, 0.00, 0.78, 20.87
11:21:55.441 , Vol+O2, 82245.00, 11.65, 0.00, 20.87
11:21:55.441 , Vol+O2, 82280.00, 15.96, 0.00, 20.87
11:21:55.444 , Vol+O2, 82315.00, 21.66, 0.00, 20.87
11:21:55.444 , Vol+O2, 82350.00, 25.55, 0.00, 20.87
11:21:55.450 , Vol+O2, 82385.00, 24.45, 0.00, 20.87
11:21:55.450 , Vol+O2, 82420.00, 30.23, 0.00, 20.87
11:21:55.453 , Vol+O2, 82455.00, 34.65, 0.00, 20.87
11:21:55.453 , Vol+O2, 82490.00, 35.09, 0.00, 20.90
11:21:55.455 , Vol+O2, 82525.00, 34.37, 0.00, 20.90
11:21:55.455 , Vol+O2, 82560.00, 33.78, 0.00, 20.90
11:21:55.461 , Vol+O2, 82595.00, 32.92, 0.00, 20.90
11:21:55.461 , Vol+O2, 82630.00, 33.45, 0.00, 20.90
11:21:55.476 , Vol+O2, 82665.00, 32.81, 0.00, 20.90
11:21:55.476 , Vol+O2, 82700.00, 34.32, 0.00, 20.90
11:21:55.478 , Vol+O2, 82735.00, 31.64, 0.00, 20.90
11:21:55.478 , Vol+O2, 82770.00, 31.43, 0.00, 20.90
11:21:55.478 , Vol+O2, 82805.00, 29.77, 0.00, 20.90
11:22:00.831 , Vol+O2, 82858.00, 27.58, 0.00, 20.90
11:22:00.838 , Vol+O2, 82894.00, 28.17, 0.00, 20.90
11:22:00.838 , Vol+O2, 82929.00, 28.11, 0.00, 20.87
11:22:00.838 , Vol+O2, 82964.00, 29.37, 0.00, 20.87
11:22:00.838 , Vol+O2, 82999.00, 10.62, 0.00, 20.87
11:22:00.843 , Vol+O2, 83034.00, 0.00, 0.00, 20.87
11:22:00.843 , Vol+O2, 83069.00, 0.26, 0.00, 20.93
11:22:00.844 , Vol+O2, 83104.00, 0.00, 0.00, 20.93
11:22:00.844 , Vol+O2, 83139.00, 0.00, 0.00, 20.93
11:22:00.844 , Vol+O2, 83174.00, 0.00, 0.00, 20.93
11:22:00.848 , Vol+O2, 83209.00, 0.00, 0.00, 20.93
11:22:00.848 , Vol+O2, 83244.00, 0.00, 0.00, 20.87
11:22:00.876 , Vol+O2, 83279.00, 0.00, 0.00, 20.87
11:22:00.876 , Vol+O2, 83314.00, 0.00, 0.00, 20.87
11:22:00.877 , Vol+O2, 83349.00, 0.00, 0.00, 20.87
11:22:00.877 , Vol+O2, 83384.00, 0.00, 0.00, 20.87
11:22:00.920 , Vol+O2, 83419.00, 0.00, 0.00, 20.87
11:22:00.920 , Vol+O2, 83454.00, 0.00, 0.00, 20.87
11:22:00.921 , Vol+O2, 83489.00, 0.00, 0.00, 20.87
11:22:00.921 , Vol+O2, 83524.00, 0.00, 0.00, 20.90
11:22:00.921 , Vol+O2, 83559.00, 0.00, 0.00, 20.90
11:22:00.924 , Vol+O2, 83594.00, 0.00, 0.00, 20.90
11:22:00.924 , Vol+O2, 83645.00, 0.00, 0.00, 20.90
11:22:00.925 , Vol+O2, 83681.00, 0.00, 0.00, 20.90
11:22:00.925 , Vol+O2, 83733.00, 0.00, 0.00, 20.90
11:22:00.926 , Vol+O2, 83768.00, 0.00, 0.00, 20.90
11:22:00.926 , Vol+O2, 83809.00, 0.00, 0.00, 20.90
11:22:00.927 , Vol+O2, 83852.00, 0.00, 0.00, 20.90
11:22:00.930 , Vol+O2, 83895.00, 0.00, 0.00, 20.90
11:22:00.926 , Vol+O2, 83966.00, 0.00, 0.00, 20.90
11:22:00.930 , Vol+O2, 84012.00, 0.00, 0.00, 20.90
11:22:00.930 , Vol+O2, 84047.00, 0.00, 0.00, 20.90
11:22:00.963 , Vol+O2, 84082.00, 0.00, 0.00, 20.90
11:22:00.963 , Vol+O2, 84118.00, 0.00, 0.00, 20.90
11:22:00.966 , Vol+O2, 84154.00, 0.00, 0.00, 20.90
11:22:00.966 , Vol+O2, 84189.00, 0.00, 0.00, 20.90
11:22:00.969 , Vol+O2, 84225.00, 0.00, 0.00, 20.90
11:22:00.969 , Vol+O2, 84260.00, 0.00, 0.00, 20.90
11:22:00.971 , Vol+O2, 84296.00, 0.00, 0.00, 20.90
11:22:00.971 , Vol+O2, 84331.00, 0.00, 0.00, 20.90
11:22:00.973 , Vol+O2, 84366.00, 0.00, 0.00, 20.90
11:22:00.973 , Vol+O2, 84401.00, 0.00, 0.00, 20.90
11:22:00.976 , Vol+O2, 84436.00, 0.00, 0.00, 20.90
11:22:00.976 , Vol+O2, 84471.00, 0.00, 0.00, 20.90
11:22:00.978 , Vol+O2, 84506.00, 0.00, 0.00, 20.90
11:22:00.978 , Vol+O2, 84541.00, 0.00, 0.00, 20.90
11:22:00.982 , Vol+O2, 84576.00, 0.00, 0.00, 20.90
11:22:00.982 , Vol+O2, 84611.00, 0.00, 0.00, 20.90
11:22:00.987 , Vol+O2, 84646.00, 0.00, 0.00, 20.90
11:22:00.987 , Vol+O2, 84681.00, 0.00, 0.00, 20.90
11:22:00.990 , Vol+O2, 84716.00, 0.00, 0.00, 20.90
11:22:00.990 , Vol+O2, 84752.00, 0.00, 0.00, 20.90
11:22:01.016 , Vol+O2, 84787.00, 0.00, 0.00, 20.90
11:22:01.016 , Vol+O2, 84822.00, 0.00, 0.00, 20.90
11:22:01.059 , Vol+O2, 84857.00, 0.00, 0.00, 20.90
11:22:01.059 , Vol+O2, 84892.00, 0.00, 0.00, 20.90
11:22:01.061 , Vol+O2, 84927.00, 0.00, 0.00, 20.90
11:22:01.061 , Vol+O2, 84962.00, 0.00, 0.00, 20.90
11:22:01.064 , Vol+O2, 84997.00, 0.00, 0.00, 20.90
11:22:01.064 , Vol+O2, 85032.00, 0.00, 0.00, 20.90
11:22:01.067 , Vol+O2, 85067.00, 0.00, 0.00, 20.90
11:22:01.067 , Vol+O2, 85102.00, 0.00, 0.00, 20.90
11:22:01.069 , Vol+O2, 85137.00, 0.00, 0.00, 20.90
11:22:01.069 , Vol+O2, 85172.00, 0.00, 0.00, 20.90
11:22:01.071 , Vol+O2, 85208.00, 0.00, 0.00, 20.90
11:22:01.071 , Vol+O2, 85243.00, 0.00, 0.00, 20.90
11:22:01.073 , Vol+O2, 85278.00, 0.00, 0.00, 20.90
11:22:01.073 , Vol+O2, 85313.00, 0.00, 0.00, 20.90
11:22:01.073 , Vol+O2, 85348.00, 0.00, 0.00, 20.90
11:22:01.076 , Vol+O2, 85383.00, 0.00, 0.00, 20.90
11:22:01.076 , Vol+O2, 85418.00, 0.00, 0.00, 20.90
11:22:01.082 , Vol+O2, 85453.00, 0.00, 0.00, 20.90
11:22:01.085 , Vol+O2, 85488.00, 0.00, 0.00, 20.90
11:22:01.085 , Vol+O2, 85523.00, 0.00, 0.00, 20.90
11:22:01.088 , Vol+O2, 85558.00, 0.00, 0.00, 20.90
11:22:01.088 , Vol+O2, 85593.00, 0.00, 0.00, 20.90
11:22:01.088 , Vol+O2, 85628.00, 0.00, 0.00, 20.90
11:22:01.089 , Vol+O2, 85664.00, 0.00, 0.00, 20.90
11:22:01.133 , Vol+O2, 85699.00, 0.00, 0.00, 20.90
11:22:01.133 , Vol+O2, 85734.00, 0.00, 0.00, 20.90
11:22:01.133 , Vol+O2, 85769.00, 0.00, 0.00, 20.90
11:22:01.133 , Vol+O2, 85804.00, 0.00, 0.00, 20.90
11:22:01.133 , Vol+O2, 85839.00, 0.00, 0.00, 20.90
11:22:01.136 , Vol+O2, 85874.00, 0.00, 0.00, 20.90
11:22:01.136 , Vol+O2, 85909.00, 0.00, 0.00, 20.90
11:22:01.137 , Vol+O2, 85944.00, 0.00, 0.00, 20.90
11:22:01.137 , Vol+O2, 85979.00, 0.00, 0.00, 20.90
11:22:01.140 , Vol+O2, 86014.00, 0.00, 0.00, 20.90
11:22:01.140 , Vol+O2, 86049.00, 0.00, 0.00, 20.90
11:22:01.140 , Vol+O2, 86084.00, 0.00, 0.00, 20.90
11:22:01.141 , Vol+O2, 86120.00, 0.00, 0.00, 20.90
11:22:01.141 , Vol+O2, 86155.00, 0.00, 0.00, 20.90
11:22:01.143 , Vol+O2, 86190.00, 0.00, 0.00, 20.90
11:22:01.143 , Vol+O2, 86225.00, 0.00, 0.00, 20.90
11:22:01.146 , Vol+O2, 86260.00, 0.00, 0.00, 20.90
11:22:01.146 , Vol+O2, 86295.00, 0.00, 0.00, 20.93
11:22:01.146 , Vol+O2, 86330.00, 0.00, 0.00, 20.93
11:22:01.152 , Vol+O2, 86365.00, 0.00, 0.00, 20.93
11:22:01.152 , Vol+O2, 86400.00, 0.00, 0.00, 20.93
11:22:01.155 , Vol+O2, 86435.00, 0.00, 0.00, 20.93
11:22:01.155 , Vol+O2, 86470.00, 0.00, 0.00, 20.93
11:22:01.158 , Vol+O2, 86505.00, 0.00, 0.00, 20.93
11:22:01.162 , Vol+O2, 86540.00, 0.00, 0.00, 20.93
11:22:01.162 , Vol+O2, 86576.00, 0.00, 0.00, 20.90
11:22:01.162 , Vol+O2, 86611.00, 0.00, 0.00, 20.90
11:22:01.164 , Vol+O2, 86646.00, 0.00, 0.00, 20.90
11:22:01.164 , Vol+O2, 86681.00, 0.00, 0.00, 20.90
11:22:01.171 , Vol+O2, 86716.00, 0.00, 0.00, 20.90
11:22:01.171 , Vol+O2, 86751.00, 0.00, 0.00, 20.90
11:22:01.171 , Vol+O2, 86786.00, 0.00, 0.00, 20.90
11:22:01.184 , Vol+O2, 86821.00, 0.00, 0.00, 20.90
11:22:01.184 , Vol+O2, 86856.00, 0.00, 0.00, 20.90
11:22:01.185 , Vol+O2, 86891.00, 0.00, 0.00, 20.90
11:22:01.185 , Vol+O2, 86926.00, 0.00, 0.00, 20.90
11:22:01.188 , Vol+O2, 86961.00, 0.00, 0.00, 20.90
11:22:01.188 , Vol+O2, 86996.00, 0.00, 0.00, 20.90
11:22:01.190 , Vol+O2, 87032.00, 0.00, 0.00, 20.90
11:22:01.190 , Vol+O2, 87067.00, 0.00, 0.00, 20.90
11:22:01.196 , Vol+O2, 87102.00, 0.00, 0.00, 20.90
11:22:01.196 , Vol+O2, 87137.00, 0.00, 0.00, 20.90
11:22:01.198 , Vol+O2, 87172.00, 0.00, 0.00, 20.90
11:22:01.198 , Vol+O2, 87207.00, 0.00, 0.00, 20.90
11:22:01.203 , Vol+O2, 87242.00, 0.00, 0.00, 20.90
11:22:01.203 , Vol+O2, 87277.00, 0.00, 0.00, 20.90
11:22:01.203 , Vol+O2, 87312.00, 0.00, 0.00, 20.90
11:22:01.203 , Vol+O2, 87347.00, 0.00, 0.00, 20.90
11:22:01.205 , Vol+O2, 87382.00, 0.00, 0.00, 20.90
11:22:01.206 , Vol+O2, 87417.00, 0.00, 0.00, 20.90
11:22:01.206 , Vol+O2, 87452.00, 0.00, 0.00, 20.90
11:22:01.206 , Vol+O2, 87488.00, 0.00, 0.00, 20.90
11:22:01.209 , Vol+O2, 87523.00, 0.00, 0.00, 20.90
11:22:01.209 , Vol+O2, 87558.00, 0.00, 0.00, 20.90
11:22:01.211 , Vol+O2, 87593.00, 0.00, 0.00, 20.90
11:22:01.211 , Vol+O2, 87628.00, 0.00, 0.00, 20.90
11:22:01.217 , Vol+O2, 87663.00, 0.00, 0.00, 20.90
11:22:01.217 , Vol+O2, 87698.00, 0.00, 0.00, 20.90
11:22:01.217 , Vol+O2, 87733.00, 0.00, 0.00, 20.90
11:22:01.217 , Vol+O2, 87768.00, 0.00, 0.00, 20.90
11:22:01.249 , Vol+O2, 87803.00, 0.00, 0.00, 20.90
11:22:01.249 , Vol+O2, 87838.00, 0.00, 0.00, 20.90
11:22:01.249 , Vol+O2, 87873.00, 0.00, 0.00, 20.90
11:22:01.273 , Vol+O2, 87908.00, 0.00, 0.00, 20.90
11:22:01.273 , Vol+O2, 87944.00, 0.00, 0.00, 20.90
11:22:01.284 , Vol+O2, 87979.00, 0.00, 0.00, 20.90
11:22:01.285 , Vol+O2, 88014.00, 0.00, 0.00, 20.90
11:22:01.285 , Vol+O2, 88049.00, 0.00, 0.00, 20.90
11:22:01.293 , Vol+O2, 88084.00, 0.00, 0.00, 20.90
11:22:01.293 , Vol+O2, 88119.00, 0.00, 0.00, 20.90
11:22:01.295 , Vol+O2, 88154.00, 0.00, 0.00, 20.90
11:22:01.295 , Vol+O2, 88189.00, 0.00, 0.00, 20.90
11:22:01.295 , Vol+O2, 88224.00, 0.00, 0.00, 20.90
11:22:01.295 , Vol+O2, 88259.00, 0.00, 0.00, 20.90
11:22:01.295 , Vol+O2, 88294.00, 0.00, 0.00, 20.90
11:22:01.295 , Vol+O2, 88329.00, 0.00, 0.00, 20.90
11:22:01.298 , Vol+O2, 88364.00, 0.00, 0.00, 20.90
11:22:01.298 , Vol+O2, 88400.00, 0.00, 0.00, 20.93
11:22:01.298 , Vol+O2, 88435.00, 0.00, 0.00, 20.93
11:22:01.298 , Vol+O2, 88470.00, 0.00, 0.00, 20.93
11:22:01.298 , Vol+O2, 88505.00, 0.00, 0.00, 20.93
11:22:01.298 , Vol+O2, 88540.00, 0.00, 0.00, 20.93
11:22:01.306 , Vol+O2, 88575.00, 0.00, 0.00, 20.93
11:22:01.365 , Vol+O2, 88610.00, 0.00, 0.00, 20.93
11:22:01.365 , Vol+O2, 88645.00, 0.00, 0.00, 20.93
11:22:01.367 , Vol+O2, 88680.00, 0.00, 0.00, 20.93
11:22:01.367 , Vol+O2, 88715.00, 0.00, 0.00, 20.90
11:22:01.368 , Vol+O2, 88750.00, 0.00, 0.00, 20.90
11:22:01.368 , Vol+O2, 88785.00, 0.00, 0.00, 20.90
11:22:01.371 , Vol+O2, 88820.00, 0.00, 0.00, 20.90
11:22:01.371 , Vol+O2, 88856.00, 0.00, 0.00, 20.90
11:22:01.374 , Vol+O2, 88891.00, 0.00, 0.00, 20.90
11:22:01.374 , Vol+O2, 88926.00, 0.00, 0.00, 20.90
11:22:01.374 , Vol+O2, 88961.00, 0.00, 0.00, 20.90
11:22:01.380 , Vol+O2, 88996.00, 0.00, 0.00, 20.90
11:22:01.380 , Vol+O2, 89031.00, 0.00, 0.00, 20.90
11:22:01.381 , Vol+O2, 89066.00, 0.00, 0.00, 20.90
11:22:01.381 , Vol+O2, 89101.00, 0.00, 0.00, 20.90
11:22:01.385 , Vol+O2, 89136.00, 0.00, 0.00, 20.90
11:22:01.389 , Vol+O2, 89171.00, 0.00, 0.00, 20.90