11:18:54.214 , TTPPH, 27560, 27.98, 28.30, 100792.55, 100779.93, 35.72
11:18:56.854 , TTPPH, 30569, 27.99, 28.31, 100786.98, 100777.17, 35.68
11:19:07.088 , Vol+O2, 35699.00, 0.00, 0.00, 21.02
11:19:07.092 , Vol+O2, 35737.00, 0.37, 0.63, 21.02
11:19:07.092 , Vol+O2, 35774.00, 0.00, 0.00, 21.02
11:19:07.092 , Vol+O2, 35811.00, 0.00, 0.00, 21.02
11:19:07.094 , Vol+O2, 35848.00, 0.00, 0.00, 21.02
11:19:07.094 , Vol+O2, 35885.00, 0.00, 0.00, 21.02
11:19:07.096 , Vol+O2, 35922.00, 0.00, 0.00, 21.02
11:19:07.096 , Vol+O2, 35959.00, 0.00, 0.00, 21.02
11:19:07.102 , Vol+O2, 35996.00, 0.00, 0.00, 21.02
11:19:07.102 , Vol+O2, 36033.00, 0.00, 0.00, 21.02
11:19:07.102 , Vol+O2, 36070.00, 0.00, 0.00, 21.02
11:19:07.104 , Vol+O2, 36107.00, 0.00, 0.00, 21.02
11:19:07.104 , Vol+O2, 36144.00, 0.00, 0.00, 21.02
11:19:07.112 , Vol+O2, 36181.00, 0.00, 0.00, 21.02
11:19:07.112 , Vol+O2, 36218.00, 0.00, 0.00, 21.02
11:19:07.114 , Vol+O2, 36255.00, 0.00, 0.00, 20.96
11:19:07.114 , Vol+O2, 36292.00, 0.00, 0.00, 20.96
11:19:07.173 , Vol+O2, 36329.00, 0.00, 0.00, 20.96
11:19:07.173 , Vol+O2, 36366.00, 0.00, 0.00, 20.96
11:19:07.173 , Vol+O2, 36403.00, 0.00, 0.00, 21.02
11:19:07.175 , Vol+O2, 36440.00, 0.00, 0.00, 21.02
11:19:07.176 , Vol+O2, 36477.00, 0.00, 0.00, 21.02
11:19:07.176 , Vol+O2, 36514.00, 0.00, 0.00, 21.02
11:19:07.177 , Vol+O2, 36551.00, 0.00, 0.00, 21.02
11:19:07.177 , Vol+O2, 36588.00, 0.00, 0.00, 21.02
11:19:07.179 , Vol+O2, 36625.00, 0.00, 0.00, 21.02
11:19:07.179 , Vol+O2, 36662.00, 0.00, 0.00, 21.02
11:19:07.180 , Vol+O2, 36698.00, 0.00, 0.00, 21.02
11:19:07.180 , Vol+O2, 36735.00, 0.00, 0.00, 21.02
11:19:07.184 , Vol+O2, 36772.00, 0.00, 0.00, 21.02
11:19:07.184 , Vol+O2, 36809.00, 0.00, 0.00, 21.02
11:19:07.185 , Vol+O2, 36846.00, 0.00, 0.00, 20.99
11:19:07.185 , Vol+O2, 36883.00, 0.00, 0.00, 20.99
11:19:07.189 , Vol+O2, 36920.00, 0.00, 0.00, 20.99
11:19:07.189 , Vol+O2, 36957.00, 0.00, 0.00, 20.99
11:19:07.194 , Vol+O2, 36994.00, 0.00, 0.00, 21.02
11:19:07.194 , Vol+O2, 37031.00, 0.00, 0.00, 21.02
11:19:07.195 , Vol+O2, 37068.00, 0.00, 0.00, 21.02
11:19:07.195 , Vol+O2, 37105.00, 0.00, 0.00, 21.02
11:19:07.232 , Vol+O2, 37142.00, 0.00, 0.00, 21.02
11:19:07.232 , Vol+O2, 37179.00, 0.00, 0.00, 21.02
11:19:07.235 , Vol+O2, 37216.00, 0.00, 0.00, 21.02
11:19:07.235 , Vol+O2, 37254.00, 0.00, 0.00, 21.02
11:19:07.238 , Vol+O2, 37291.00, 0.00, 0.00, 21.02
11:19:07.238 , Vol+O2, 37328.00, 0.00, 0.00, 21.02
11:19:07.239 , Vol+O2, 37365.00, 0.00, 0.00, 21.02
11:19:07.239 , Vol+O2, 37402.00, 0.00, 0.00, 21.02
11:19:07.241 , Vol+O2, 37439.00, 0.00, 0.00, 21.02
11:19:07.241 , Vol+O2, 37476.00, 0.00, 0.00, 21.02
11:19:07.265 , Vol+O2, 37513.00, 0.00, 0.00, 21.02
11:19:07.265 , Vol+O2, 37550.00, 0.00, 0.00, 21.02
11:19:07.270 , Vol+O2, 37587.00, 0.00, 0.00, 21.02
11:19:07.270 , Vol+O2, 37624.00, 0.00, 0.00, 21.02
11:19:07.271 , Vol+O2, 37661.00, 0.00, 0.00, 21.02
11:19:07.274 , Vol+O2, 37698.00, 0.00, 0.00, 21.02
11:19:07.274 , Vol+O2, 37735.00, 0.00, 0.00, 21.02
11:19:07.278 , Vol+O2, 37772.00, 0.00, 0.00, 21.02
11:19:07.278 , Vol+O2, 37809.00, 0.00, 0.00, 21.02
11:19:07.279 , Vol+O2, 37846.00, 0.00, 0.00, 21.02
11:19:07.279 , Vol+O2, 37883.00, 0.00, 0.00, 21.02
11:19:07.281 , Vol+O2, 37920.00, 0.00, 0.00, 21.02
11:19:07.281 , Vol+O2, 37957.00, 0.00, 0.00, 21.02
11:19:07.283 , Vol+O2, 37994.00, 0.00, 0.00, 21.02
11:19:07.283 , Vol+O2, 38030.00, 0.00, 0.00, 21.02
11:19:07.283 , Vol+O2, 38066.00, 0.00, 0.00, 21.02
11:19:07.283 , Vol+O2, 38103.00, 0.00, 0.00, 21.02
11:19:07.285 , Vol+O2, 38140.00, 0.00, 0.00, 21.02
11:19:07.285 , Vol+O2, 38177.00, 0.00, 0.00, 21.02
11:19:07.291 , Vol+O2, 38214.00, 0.00, 0.00, 21.02
11:19:07.291 , Vol+O2, 38251.00, 0.00, 0.00, 21.02
11:19:07.293 , Vol+O2, 38288.00, 0.00, 0.00, 21.02
11:19:07.293 , Vol+O2, 38325.00, 0.00, 0.00, 21.02
11:19:07.297 , Vol+O2, 38362.00, 0.00, 0.00, 20.95
11:19:07.297 , Vol+O2, 38399.00, 0.00, 0.00, 20.95
11:19:07.300 , Vol+O2, 38436.00, 0.00, 0.00, 20.95
11:19:07.300 , Vol+O2, 38473.00, 0.00, 0.00, 20.95
11:19:07.302 , Vol+O2, 38510.00, 0.00, 0.00, 21.02
11:19:07.302 , Vol+O2, 38547.00, 0.00, 0.00, 21.02
11:19:07.309 , Vol+O2, 38584.00, 0.00, 0.00, 21.02
11:19:07.309 , Vol+O2, 38621.00, 0.00, 0.00, 21.02
11:19:07.313 , Vol+O2, 38658.00, 0.00, 0.00, 21.02
11:19:07.313 , Vol+O2, 38695.00, 0.00, 0.00, 21.02
11:19:07.315 , Vol+O2, 38732.00, 0.00, 0.00, 21.02
11:19:07.315 , Vol+O2, 38769.00, 0.00, 0.00, 21.02
11:19:07.317 , Vol+O2, 38806.00, 0.00, 0.00, 21.02
11:19:07.317 , Vol+O2, 38843.00, 0.00, 0.00, 20.96
11:19:07.320 , Vol+O2, 38880.00, 0.00, 0.00, 20.96
11:19:07.324 , Vol+O2, 38917.00, 0.00, 0.00, 20.96
11:19:07.324 , Vol+O2, 38954.00, 0.00, 0.00, 20.96
11:19:07.330 , Vol+O2, 38991.00, 0.00, 0.00, 20.96
11:19:07.330 , Vol+O2, 39028.00, 0.00, 0.00, 20.96
11:19:07.330 , Vol+O2, 39065.00, 0.00, 0.00, 20.96
11:19:07.330 , Vol+O2, 39102.00, 0.00, 0.00, 20.96
11:19:07.332 , Vol+O2, 39139.00, 0.00, 0.00, 20.96
11:19:07.332 , Vol+O2, 39176.00, 0.00, 0.00, 20.96
11:19:07.334 , Vol+O2, 39213.00, 0.00, 0.00, 20.96
11:19:07.334 , Vol+O2, 39250.00, 0.00, 0.00, 20.96
11:19:07.397 , Vol+O2, 39287.00, 0.00, 0.00, 20.95
11:19:07.397 , Vol+O2, 39324.00, 0.00, 0.00, 20.95
11:19:07.398 , Vol+O2, 39361.00, 0.00, 0.00, 20.95
11:19:07.398 , Vol+O2, 39398.00, 0.00, 0.00, 20.95
11:19:07.399 , Vol+O2, 39434.00, 0.00, 0.00, 21.02
11:19:07.399 , Vol+O2, 39471.00, 0.00, 0.00, 21.02
11:19:07.403 , Vol+O2, 39508.00, 0.00, 0.00, 21.02
11:19:07.403 , Vol+O2, 39545.00, 0.00, 0.00, 21.02
11:19:07.405 , Vol+O2, 39582.00, 0.00, 0.00, 21.02
11:19:07.405 , Vol+O2, 39619.00, 0.00, 0.00, 21.02
11:19:07.411 , Vol+O2, 39656.00, 0.00, 0.00, 21.02
11:19:07.411 , Vol+O2, 39693.00, 0.00, 0.00, 21.02
11:19:07.413 , Vol+O2, 39730.00, 0.00, 0.00, 20.96
11:19:07.421 , Vol+O2, 39767.00, 0.00, 0.00, 20.96
11:19:07.421 , Vol+O2, 39804.00, 0.00, 0.00, 20.96
11:19:07.421 , Vol+O2, 39841.00, 0.00, 0.00, 20.96
11:19:07.421 , Vol+O2, 39878.00, 0.00, 0.00, 20.95
11:19:07.423 , Vol+O2, 39915.00, 0.00, 0.00, 20.95
11:19:07.423 , Vol+O2, 39952.00, 0.00, 0.00, 20.95
11:19:07.427 , Vol+O2, 39989.00, 0.00, 0.00, 20.95
11:19:07.427 , Vol+O2, 40026.00, 0.00, 0.00, 20.95
11:19:07.428 , Vol+O2, 40063.00, 0.00, 0.00, 21.02
11:19:07.428 , Vol+O2, 40100.00, 0.00, 0.00, 21.02
11:19:07.432 , Vol+O2, 40137.00, 0.00, 0.00, 21.02
11:19:07.432 , Vol+O2, 40174.00, 0.00, 0.00, 21.02
11:19:07.432 , Vol+O2, 40211.00, 0.00, 0.00, 20.96
11:19:07.435 , Vol+O2, 40248.00, 0.00, 0.00, 20.96
11:19:07.435 , Vol+O2, 40285.00, 0.00, 0.00, 20.96
11:19:07.460 , Vol+O2, 40322.00, 0.00, 0.00, 20.96
11:19:07.472 , Vol+O2, 40359.00, 0.00, 0.00, 20.96
11:19:07.472 , Vol+O2, 40396.00, 0.00, 0.00, 20.96
11:19:07.472 , Vol+O2, 40433.00, 0.00, 0.00, 20.96
11:19:07.474 , Vol+O2, 40470.00, 0.00, 0.00, 20.96
11:19:07.474 , Vol+O2, 40507.00, 0.00, 0.00, 20.95
11:19:07.477 , Vol+O2, 40544.00, 0.00, 0.00, 20.95
11:19:07.477 , Vol+O2, 40581.00, 0.00, 0.00, 20.95
11:19:12.532 , Vol+O2, 40618.00, 0.00, 0.00, 20.95
11:19:12.533 , Vol+O2, 40654.00, 0.00, 0.00, 20.96
11:19:12.533 , Vol+O2, 40691.00, 0.00, 0.00, 20.96
11:19:12.539 , Vol+O2, 40728.00, 0.00, 0.00, 20.96
11:19:12.539 , Vol+O2, 40765.00, 0.00, 0.00, 20.96
11:19:12.540 , Vol+O2, 40801.00, 0.00, 0.00, 21.02
11:19:12.540 , Vol+O2, 40839.00, 0.00, 0.00, 21.02
11:19:12.540 , Vol+O2, 40877.00, 0.00, 0.00, 21.02
11:19:12.540 , Vol+O2, 40914.00, 0.00, 0.00, 21.02
11:19:12.549 , Vol+O2, 40951.00, 0.00, 0.00, 21.02
11:19:12.549 , Vol+O2, 40988.00, 0.00, 0.00, 21.02
11:19:12.549 , Vol+O2, 41026.00, 0.00, 0.00, 21.02
11:19:12.552 , Vol+O2, 41064.00, 0.00, 0.00, 21.02
11:19:12.552 , Vol+O2, 41101.00, 0.00, 0.00, 21.02
11:19:12.562 , Vol+O2, 41138.00, 0.00, 0.00, 21.02
11:19:12.562 , Vol+O2, 41174.00, 0.00, 0.00, 21.02
11:19:12.563 , Vol+O2, 41210.00, 0.00, 0.00, 21.02
11:19:12.563 , Vol+O2, 41247.00, 0.00, 0.00, 21.02
11:19:12.563 , Vol+O2, 41284.00, 0.00, 0.00, 21.02
11:19:12.563 , Vol+O2, 41321.00, 0.00, 0.00, 21.02
11:19:12.566 , Vol+O2, 41358.00, 0.00, 0.00, 21.02
11:19:12.566 , Vol+O2, 41395.00, 0.00, 0.00, 21.02
11:19:12.572 , Vol+O2, 41432.00, 0.00, 0.00, 21.02
11:19:12.572 , Vol+O2, 41469.00, 0.00, 0.00, 21.02
11:19:12.574 , Vol+O2, 41506.00, 0.00, 0.00, 21.02
11:19:12.574 , Vol+O2, 41543.00, 0.00, 0.00, 21.02
11:19:12.577 , Vol+O2, 41580.00, 0.00, 0.00, 21.02
11:19:12.577 , Vol+O2, 41617.00, 0.00, 0.00, 21.02
11:19:12.602 , Vol+O2, 41654.00, 0.00, 0.00, 21.02
11:19:12.602 , Vol+O2, 41691.00, 0.00, 0.00, 21.02
11:19:12.604 , Vol+O2, 41728.00, 0.00, 0.00, 21.02
11:19:12.604 , Vol+O2, 41765.00, 0.00, 0.00, 21.02
11:19:12.606 , Vol+O2, 41802.00, 0.00, 0.00, 21.02
11:19:12.606 , Vol+O2, 41839.00, 0.00, 0.00, 21.02
11:19:12.607 , Vol+O2, 41876.00, 0.00, 0.00, 21.02
11:19:12.635 , Vol+O2, 41913.00, 0.00, 0.00, 21.02
11:19:12.635 , Vol+O2, 41950.00, 0.00, 0.00, 21.02
11:19:12.635 , Vol+O2, 41987.00, 0.00, 0.00, 21.02
11:19:12.635 , Vol+O2, 42024.00, 0.00, 0.00, 20.96
11:19:12.637 , Vol+O2, 42061.00, 0.00, 0.00, 20.96
11:19:12.637 , Vol+O2, 42098.00, 0.00, 0.00, 20.96
11:19:12.637 , Vol+O2, 42135.00, 0.00, 0.00, 20.96
11:19:12.637 , Vol+O2, 42171.00, 0.00, 0.00, 21.02
11:19:12.639 , Vol+O2, 42208.00, 0.00, 0.00, 21.02
11:19:12.639 , Vol+O2, 42245.00, 0.00, 0.00, 21.02
11:19:12.639 , Vol+O2, 42282.00, 0.00, 0.00, 21.02
11:19:12.639 , Vol+O2, 42319.00, 0.00, 0.00, 20.95
11:19:12.647 , Vol+O2, 42356.00, 0.00, 0.00, 20.95
11:19:12.650 , Vol+O2, 42393.00, 0.00, 0.00, 20.95
11:19:12.650 , Vol+O2, 42430.00, 0.00, 0.00, 20.95
11:19:12.653 , Vol+O2, 42467.00, 0.00, 0.00, 21.02
11:19:12.653 , Vol+O2, 42504.00, 0.00, 0.00, 21.02
11:19:12.656 , Vol+O2, 42541.00, 0.00, 0.00, 21.02
11:19:12.656 , Vol+O2, 42578.00, 0.00, 0.00, 21.02
11:19:12.659 , Vol+O2, 42615.00, 0.00, 0.00, 21.02
11:19:12.659 , Vol+O2, 42652.00, 0.00, 0.00, 21.02
11:19:12.690 , Vol+O2, 42689.00, 0.00, 0.00, 21.02
11:19:12.690 , Vol+O2, 42727.00, 0.00, 0.00, 21.02
11:19:12.690 , Vol+O2, 42764.00, 0.00, 0.00, 21.02
11:19:12.693 , Vol+O2, 42801.00, 0.00, 0.00, 21.02
11:19:12.693 , Vol+O2, 42838.00, 0.00, 0.00, 21.02
11:19:12.694 , Vol+O2, 42875.00, 0.00, 0.00, 21.02
11:19:12.694 , Vol+O2, 42912.00, 0.00, 0.00, 21.02
11:19:12.697 , Vol+O2, 42949.00, 0.00, 0.00, 21.02
11:19:12.697 , Vol+O2, 42986.00, 0.00, 0.00, 21.02
11:19:12.697 , Vol+O2, 43023.00, 0.00, 0.00, 21.02
11:19:12.697 , Vol+O2, 43060.00, 0.00, 0.00, 21.02
11:19:12.699 , Vol+O2, 43097.00, 0.00, 0.00, 21.01
11:19:12.699 , Vol+O2, 43134.00, 0.00, 0.00, 21.01
11:19:12.699 , Vol+O2, 43171.00, 0.00, 0.00, 21.01
11:19:12.728 , Vol+O2, 43208.00, 0.00, 0.00, 21.01
11:19:12.728 , Vol+O2, 43245.00, 0.00, 0.00, 20.95
11:19:12.753 , Vol+O2, 43282.00, 0.00, 0.00, 20.95
11:19:12.753 , Vol+O2, 43319.00, 0.00, 0.00, 20.95
11:19:12.768 , Vol+O2, 43356.00, 0.00, 0.00, 20.95
11:19:12.768 , Vol+O2, 43393.00, 0.00, 0.00, 20.96
11:19:12.768 , Vol+O2, 43430.00, 0.00, 0.00, 20.96
11:19:12.770 , Vol+O2, 43467.00, 0.00, 1.93, 20.96
11:19:12.773 , Vol+O2, 43503.00, 1.02, 11.63, 20.96
11:19:12.773 , Vol+O2, 43539.00, 0.00, 17.95, 21.01
11:19:12.773 , Vol+O2, 43576.00, 0.00, 24.05, 21.01
11:19:12.775 , Vol+O2, 43613.00, 0.00, 25.65, 21.01
11:19:12.775 , Vol+O2, 43650.00, 0.00, 30.00, 21.01
11:19:12.778 , Vol+O2, 43687.00, 0.00, 33.28, 21.02
11:19:12.778 , Vol+O2, 43724.00, 0.00, 36.13, 21.02
11:19:12.780 , Vol+O2, 43761.00, 0.00, 36.60, 21.02
11:19:12.780 , Vol+O2, 43798.00, 0.00, 41.11, 21.02
11:19:12.780 , Vol+O2, 43835.00, 0.00, 40.49, 21.02
11:19:12.783 , Vol+O2, 43872.00, 0.00, 38.16, 21.02
11:19:12.783 , Vol+O2, 43909.00, 0.00, 36.60, 21.02
11:19:12.783 , Vol+O2, 43946.00, 0.00, 33.39, 21.02
11:19:12.789 , Vol+O2, 43983.00, 0.00, 32.39, 21.05
11:19:12.789 , Vol+O2, 44020.00, 0.00, 29.78, 21.05
11:19:12.789 , Vol+O2, 44057.00, 0.00, 27.02, 21.05
11:19:12.795 , Vol+O2, 44093.00, 0.00, 27.82, 21.05
11:19:12.795 , Vol+O2, 44130.00, 0.00, 25.84, 21.05
11:19:12.797 , Vol+O2, 44167.00, 0.00, 23.40, 21.02
11:19:12.797 , Vol+O2, 44204.00, 0.00, 22.59, 21.02
11:19:12.798 , Vol+O2, 44241.00, 0.00, 21.44, 21.02
11:19:12.798 , Vol+O2, 44278.00, 0.00, 22.23, 21.02
11:19:12.801 , Vol+O2, 44315.00, 3.57, 0.00, 21.02
11:19:12.801 , Vol+O2, 44352.00, 0.60, 0.00, 21.02
11:19:12.804 , Vol+O2, 44389.00, 0.30, 0.00, 21.02
11:19:12.804 , Vol+O2, 44426.00, 0.00, 0.00, 21.02
11:19:12.806 , Vol+O2, 44463.00, 0.00, 0.00, 21.02
11:19:12.806 , Vol+O2, 44500.00, 0.00, 0.00, 21.02
11:19:12.833 , Vol+O2, 44537.00, 1.53, 0.00, 21.02
11:19:12.833 , Vol+O2, 44574.00, 0.00, 2.77, 21.02
11:19:12.846 , Vol+O2, 44611.00, 0.00, 13.35, 21.02
11:19:12.846 , Vol+O2, 44648.00, 0.00, 19.00, 21.02
11:19:12.847 , Vol+O2, 44685.00, 0.00, 25.46, 21.02
11:19:12.847 , Vol+O2, 44721.00, 0.00, 32.83, 21.02
11:19:12.850 , Vol+O2, 44757.00, 0.00, 37.20, 21.02
11:19:12.850 , Vol+O2, 44794.00, 0.00, 39.87, 21.02
11:19:12.851 , Vol+O2, 44831.00, 0.00, 40.61, 21.02
11:19:12.851 , Vol+O2, 44868.00, 0.00, 36.60, 21.02
11:19:12.852 , Vol+O2, 44905.00, 0.00, 37.20, 21.02
11:19:12.854 , Vol+O2, 44942.00, 0.00, 34.40, 21.02
11:19:12.854 , Vol+O2, 44979.00, 0.00, 33.62, 21.02
11:19:12.859 , Vol+O2, 45016.00, 0.00, 31.08, 21.02
11:19:12.859 , Vol+O2, 45053.00, 0.00, 29.36, 21.02
11:19:12.886 , Vol+O2, 45090.00, 0.00, 25.65, 21.02
11:19:12.886 , Vol+O2, 45127.00, 0.00, 25.68, 21.02
11:19:12.888 , Vol+O2, 45164.00, 0.00, 24.05, 21.02
11:19:12.888 , Vol+O2, 45201.00, 0.00, 23.04, 21.08
11:19:12.891 , Vol+O2, 45238.00, 0.00, 22.05, 21.08
11:19:12.891 , Vol+O2, 45275.00, 0.00, 20.60, 21.08
11:19:12.927 , Vol+O2, 45312.00, 0.00, 21.61, 21.08
11:19:12.927 , Vol+O2, 45349.00, 0.00, 19.39, 21.08
11:19:12.927 , Vol+O2, 45386.00, 0.00, 18.89, 21.05
11:19:12.929 , Vol+O2, 45423.00, 0.00, 17.62, 21.05
11:19:12.931 , Vol+O2, 45460.00, 0.00, 16.04, 21.05
11:19:12.931 , Vol+O2, 45497.00, 0.00, 16.59, 21.05
11:19:12.933 , Vol+O2, 45534.00, 1.31, 0.00, 21.02
11:19:12.933 , Vol+O2, 45571.00, 1.61, 0.00, 21.02
11:19:12.935 , Vol+O2, 45608.00, 0.30, 0.00, 21.02
11:19:12.935 , Vol+O2, 45645.00, 0.00, 0.00, 21.02
11:19:12.937 , Vol+O2, 45682.00, 0.00, 0.00, 21.02
11:19:12.937 , Vol+O2, 45719.00, 0.00, 0.00, 21.02
11:19:12.938 , Vol+O2, 45756.00, 0.00, 0.00, 21.02
11:19:12.935 , Vol+O2, 45793.00, 0.50, 0.00, 21.02
11:19:12.939 , Vol+O2, 45830.00, 0.00, 3.13, 21.02
11:19:12.939 , Vol+O2, 45867.00, 0.00, 4.39, 21.02
11:19:12.939 , Vol+O2, 45904.00, 0.00, 8.73, 21.02
11:19:12.947 , Vol+O2, 45941.00, 0.00, 14.20, 21.02
11:19:12.947 , Vol+O2, 45978.00, 0.00, 18.55, 21.02
11:19:12.947 , Vol+O2, 46015.00, 0.00, 20.74, 21.02
11:19:12.949 , Vol+O2, 46052.00, 0.00, 24.45, 21.02
11:19:12.952 , Vol+O2, 46089.00, 0.00, 27.25, 21.02
11:19:12.952 , Vol+O2, 46125.00, 0.00, 30.68, 21.02
11:19:12.955 , Vol+O2, 46162.00, 0.00, 30.25, 21.02
11:19:17.974 , Vol+O2, 46199.00, 0.00, 31.30, 21.02
11:19:17.976 , Vol+O2, 46236.00, 0.00, 33.17, 21.02
11:19:17.976 , Vol+O2, 46273.00, 0.00, 34.00, 21.02
11:19:18.471 , Vol+O2, 46312.00, 0.00, 33.10, 21.02
11:19:18.471 , Vol+O2, 46351.00, 0.00, 34.57, 21.02
11:19:18.475 , Vol+O2, 46388.00, 0.00, 32.17, 21.02
11:19:18.475 , Vol+O2, 46425.00, 0.00, 30.97, 21.02
11:19:18.475 , Vol+O2, 46462.00, 0.00, 29.67, 21.02
11:19:18.475 , Vol+O2, 46499.00, 0.00, 26.17, 21.02
11:19:18.483 , Vol+O2, 46538.00, 0.00, 23.76, 21.02
11:19:18.483 , Vol+O2, 46574.00, 0.00, 22.44, 21.05
11:19:18.490 , Vol+O2, 46611.00, 0.00, 19.84, 21.05
11:19:18.490 , Vol+O2, 46648.00, 0.00, 19.92, 21.05
11:19:18.522 , Vol+O2, 46685.00, 0.00, 17.05, 21.05
11:19:18.522 , Vol+O2, 46722.00, 0.00, 18.32, 21.05
11:19:18.564 , Vol+O2, 46759.00, 0.00, 2.96, 21.05
11:19:18.564 , Vol+O2, 46796.00, 0.00, 0.00, 21.05
11:19:18.608 , Vol+O2, 46833.00, 0.00, 0.00, 21.05
11:19:18.608 , Vol+O2, 46870.00, 0.00, 0.00, 21.05
11:19:18.609 , Vol+O2, 46907.00, 0.00, 0.00, 21.01
11:19:18.630 , Vol+O2, 46944.00, 0.00, 0.00, 21.01
11:19:18.630 , Vol+O2, 46981.00, 0.60, 0.00, 21.01
11:19:18.632 , Vol+O2, 47018.00, 0.00, 0.73, 21.01
11:19:18.632 , Vol+O2, 47055.00, 0.00, 6.04, 21.02
11:19:18.652 , Vol+O2, 47092.00, 0.68, 10.39, 21.02
11:19:18.652 , Vol+O2, 47129.00, 0.00, 14.70, 21.02
11:19:18.654 , Vol+O2, 47166.00, 0.00, 19.42, 21.02
11:19:18.654 , Vol+O2, 47203.00, 0.00, 24.63, 21.02
11:19:18.656 , Vol+O2, 47240.00, 0.00, 25.40, 21.02
11:19:18.656 , Vol+O2, 47277.00, 0.00, 23.16, 21.02
11:19:18.658 , Vol+O2, 47314.00, 0.00, 23.99, 21.02
11:19:18.658 , Vol+O2, 47351.00, 0.00, 25.68, 21.02
11:19:18.658 , Vol+O2, 47388.00, 0.00, 29.40, 21.02
11:19:18.660 , Vol+O2, 47425.00, 0.00, 29.62, 21.02
11:19:18.660 , Vol+O2, 47462.00, 0.00, 30.58, 21.02
11:19:18.660 , Vol+O2, 47498.00, 0.00, 28.47, 21.02
11:19:18.660 , Vol+O2, 47535.00, 0.00, 28.26, 21.02
11:19:18.665 , Vol+O2, 47572.00, 0.00, 28.57, 21.02
11:19:18.665 , Vol+O2, 47609.00, 0.00, 28.87, 21.02
11:19:18.691 , Vol+O2, 47646.00, 0.00, 28.06, 21.02
11:19:18.691 , Vol+O2, 47683.00, 0.00, 27.35, 21.02
11:19:18.693 , Vol+O2, 47720.00, 0.00, 26.27, 21.02
11:19:18.693 , Vol+O2, 47757.00, 0.00, 24.63, 21.02
11:19:18.695 , Vol+O2, 47794.00, 0.00, 23.99, 21.08
11:19:18.695 , Vol+O2, 47831.00, 0.00, 22.53, 21.08
11:19:18.696 , Vol+O2, 47868.00, 0.00, 20.86, 21.08
11:19:18.696 , Vol+O2, 47905.00, 0.00, 19.75, 21.08
11:19:18.704 , Vol+O2, 47942.00, 0.00, 18.49, 21.08
11:19:18.704 , Vol+O2, 47979.00, 0.00, 18.15, 21.08
11:19:18.710 , Vol+O2, 48016.00, 0.00, 15.74, 21.08
11:19:18.710 , Vol+O2, 48053.00, 2.00, 0.00, 21.08
11:19:18.712 , Vol+O2, 48090.00, 1.40, 0.00, 21.08
11:19:18.712 , Vol+O2, 48127.00, 0.26, 0.00, 21.05
11:19:18.714 , Vol+O2, 48164.00, 0.00, 0.00, 21.05
11:19:18.714 , Vol+O2, 48201.00, 0.00, 0.00, 21.05
11:19:18.717 , Vol+O2, 48238.00, 0.00, 0.00, 21.05
11:19:18.717 , Vol+O2, 48275.00, 1.87, 0.00, 21.01
11:19:18.723 , Vol+O2, 48312.00, 0.00, 2.42, 21.01
11:19:18.723 , Vol+O2, 48349.00, 0.50, 8.52, 21.01
11:19:18.724 , Vol+O2, 48386.00, 0.00, 12.17, 21.01
11:19:18.724 , Vol+O2, 48423.00, 0.00, 15.51, 21.02
11:19:18.784 , Vol+O2, 48460.00, 0.00, 19.08, 21.02
11:19:18.784 , Vol+O2, 48497.00, 0.00, 23.43, 21.02
11:19:18.784 , Vol+O2, 48534.00, 0.00, 24.73, 21.02
11:19:18.785 , Vol+O2, 48571.00, 0.00, 26.27, 21.02
11:19:18.785 , Vol+O2, 48608.00, 0.00, 27.45, 21.02
11:19:18.785 , Vol+O2, 48645.00, 0.00, 31.12, 21.02
11:19:18.785 , Vol+O2, 48682.00, 0.00, 31.66, 21.02
11:19:18.787 , Vol+O2, 48718.00, 0.00, 31.66, 21.02
11:19:18.787 , Vol+O2, 48755.00, 0.00, 31.99, 21.02
11:19:18.788 , Vol+O2, 48792.00, 0.00, 29.20, 21.02
11:19:18.795 , Vol+O2, 48829.00, 0.00, 28.47, 21.02
11:19:18.795 , Vol+O2, 48866.00, 0.00, 26.65, 21.02
11:19:18.797 , Vol+O2, 48903.00, 0.00, 24.55, 21.02
11:19:18.797 , Vol+O2, 48940.00, 0.00, 23.16, 21.02
11:19:18.802 , Vol+O2, 48977.00, 0.00, 22.98, 21.02
11:19:18.802 , Vol+O2, 49014.00, 0.00, 21.73, 21.02
11:19:18.805 , Vol+O2, 49051.00, 0.00, 21.47, 21.02
11:19:18.805 , Vol+O2, 49088.00, 0.00, 19.67, 21.02
11:19:18.807 , Vol+O2, 49125.00, 0.00, 18.58, 21.02
11:19:18.807 , Vol+O2, 49162.00, 0.00, 19.50, 21.05
11:19:18.811 , Vol+O2, 49199.00, 0.00, 18.75, 21.05
11:19:18.811 , Vol+O2, 49236.00, 2.67, 0.00, 21.05
11:19:18.816 , Vol+O2, 49273.00, 0.42, 0.00, 21.05
11:19:18.816 , Vol+O2, 49310.00, 0.00, 0.00, 21.05
11:19:18.819 , Vol+O2, 49347.00, 0.00, 0.00, 21.05
11:19:18.819 , Vol+O2, 49384.00, 0.00, 0.00, 21.05
11:19:18.820 , Vol+O2, 49421.00, 0.00, 0.00, 21.05
11:19:18.820 , Vol+O2, 49458.00, 0.42, 0.00, 21.05
11:19:18.860 , Vol+O2, 49495.00, 0.00, 1.98, 21.02
11:19:18.860 , Vol+O2, 49532.00, 0.00, 2.78, 21.02
11:19:18.860 , Vol+O2, 49569.00, 0.00, 11.34, 21.02
11:19:18.862 , Vol+O2, 49606.00, 0.00, 17.56, 21.02
11:19:18.862 , Vol+O2, 49643.00, 0.00, 21.37, 21.02
11:19:18.863 , Vol+O2, 49680.00, 0.00, 25.78, 21.02
11:19:18.863 , Vol+O2, 49717.00, 0.00, 27.45, 21.02
11:19:18.864 , Vol+O2, 49754.00, 0.00, 27.96, 21.02
11:19:18.864 , Vol+O2, 49791.00, 0.00, 30.36, 21.02
11:19:18.866 , Vol+O2, 49828.00, 0.00, 32.88, 21.02
11:19:18.866 , Vol+O2, 49865.00, 0.00, 37.01, 21.02
11:19:18.869 , Vol+O2, 49902.00, 0.00, 36.07, 21.02
11:19:18.869 , Vol+O2, 49939.00, 0.00, 35.03, 21.02
11:19:18.869 , Vol+O2, 49976.00, 0.00, 34.57, 21.02
11:19:18.875 , Vol+O2, 50013.00, 0.00, 34.46, 21.02
11:19:18.875 , Vol+O2, 50050.00, 0.00, 33.55, 21.02
11:19:18.877 , Vol+O2, 50086.00, 0.00, 32.10, 21.02
11:19:18.877 , Vol+O2, 50123.00, 0.00, 30.04, 21.02
11:19:18.880 , Vol+O2, 50160.00, 0.00, 29.20, 21.02
11:19:18.880 , Vol+O2, 50197.00, 0.00, 28.26, 21.02
11:19:18.882 , Vol+O2, 50234.00, 0.00, 25.98, 21.05
11:19:18.882 , Vol+O2, 50271.00, 0.00, 24.45, 21.05
11:19:18.882 , Vol+O2, 50308.00, 0.00, 20.26, 21.05
11:19:18.884 , Vol+O2, 50345.00, 0.00, 18.32, 21.05
11:19:18.884 , Vol+O2, 50382.00, 0.00, 15.81, 21.02
11:19:18.886 , Vol+O2, 50419.00, 0.00, 16.99, 21.02
11:19:18.886 , Vol+O2, 50456.00, 0.00, 14.92, 21.02
11:19:18.886 , Vol+O2, 50493.00, 0.38, 1.49, 21.02
11:19:18.890 , Vol+O2, 50530.00, 0.00, 0.00, 21.05
11:19:18.890 , Vol+O2, 50567.00, 0.22, 0.00, 21.05
11:19:18.894 , Vol+O2, 50604.00, 0.22, 0.00, 21.05
11:19:18.894 , Vol+O2, 50642.00, 0.00, 0.00, 21.05
11:19:18.898 , Vol+O2, 50679.00, 0.00, 0.00, 21.05
11:19:18.898 , Vol+O2, 50716.00, 0.00, 0.00, 21.05
11:19:18.924 , Vol+O2, 50753.00, 0.00, 5.25, 21.05
11:19:18.937 , Vol+O2, 50790.00, 0.00, 8.99, 21.05
11:19:18.937 , Vol+O2, 50827.00, 0.85, 12.04, 21.05
11:19:18.937 , Vol+O2, 50864.00, 0.00, 15.14, 21.02
11:19:18.939 , Vol+O2, 50901.00, 0.00, 18.84, 21.02
11:19:18.939 , Vol+O2, 50938.00, 0.00, 23.25, 21.02
11:19:18.941 , Vol+O2, 50975.00, 0.00, 24.73, 21.02
11:19:18.941 , Vol+O2, 51012.00, 0.00, 28.06, 21.02
11:19:18.943 , Vol+O2, 51049.00, 0.00, 28.06, 21.02
11:19:18.943 , Vol+O2, 51086.00, 0.00, 31.23, 21.02
11:19:18.946 , Vol+O2, 51123.00, 0.00, 31.23, 21.02
11:19:18.946 , Vol+O2, 51160.00, 0.00, 30.90, 21.02
11:19:18.950 , Vol+O2, 51197.00, 0.00, 30.04, 21.02
11:19:18.950 , Vol+O2, 51234.00, 0.00, 28.36, 21.02
11:19:18.953 , Vol+O2, 51271.00, 0.00, 27.96, 21.02
11:19:18.953 , Vol+O2, 51308.00, 0.00, 28.06, 21.02
11:19:18.955 , Vol+O2, 51345.00, 0.00, 27.66, 21.02
11:19:18.955 , Vol+O2, 51382.00, 0.00, 27.05, 21.02
11:19:18.958 , Vol+O2, 51418.00, 0.00, 25.59, 21.02
11:19:19.003 , Vol+O2, 51454.00, 0.00, 24.92, 21.02
11:19:19.003 , Vol+O2, 51491.00, 0.00, 23.07, 21.02
11:19:19.003 , Vol+O2, 51528.00, 0.00, 21.29, 21.02
11:19:19.005 , Vol+O2, 51565.00, 0.00, 20.09, 21.02
11:19:19.005 , Vol+O2, 51602.00, 0.00, 19.58, 21.02
11:19:19.007 , Vol+O2, 51639.00, 0.00, 19.58, 21.02
11:19:19.007 , Vol+O2, 51676.00, 0.00, 3.67, 21.02
11:19:24.410 , Vol+O2, 51713.00, 0.00, 0.37, 21.02
11:19:24.413 , Vol+O2, 51750.00, 0.00, 0.00, 21.02
11:19:24.416 , Vol+O2, 51787.00, 0.00, 0.00, 21.02
11:19:24.416 , Vol+O2, 51824.00, 0.00, 0.00, 21.02
11:19:24.419 , Vol+O2, 51861.00, 0.00, 0.00, 21.02
11:19:24.419 , Vol+O2, 51898.00, 0.26, 0.00, 21.02
11:19:24.420 , Vol+O2, 51935.00, 0.00, 0.32, 21.02
11:19:24.420 , Vol+O2, 51972.00, 0.00, 3.09, 21.02
11:19:24.420 , Vol+O2, 52009.00, 0.00, 13.44, 21.02
11:19:24.420 , Vol+O2, 52046.00, 0.00, 20.00, 21.02
11:19:24.421 , Vol+O2, 52083.00, 0.00, 24.83, 21.02
11:19:24.423 , Vol+O2, 52120.00, 0.00, 23.80, 21.02
11:19:24.423 , Vol+O2, 52157.00, 0.00, 23.43, 21.02
11:19:24.424 , Vol+O2, 52194.00, 0.00, 24.17, 21.02
11:19:24.424 , Vol+O2, 52233.00, 0.00, 27.45, 21.01
11:19:24.424 , Vol+O2, 52269.00, 0.00, 31.23, 21.01
11:19:24.424 , Vol+O2, 52306.00, 0.00, 34.57, 21.01
11:19:24.424 , Vol+O2, 52343.00, 0.00, 35.37, 21.01
11:19:24.424 , Vol+O2, 52380.00, 0.00, 35.25, 21.02
11:19:24.431 , Vol+O2, 52417.00, 0.00, 35.15, 21.02
11:19:24.457 , Vol+O2, 52454.00, 0.00, 33.55, 21.02
11:19:24.457 , Vol+O2, 52491.00, 0.00, 34.11, 21.02
11:19:24.460 , Vol+O2, 52529.00, 0.00, 33.44, 21.02
11:19:24.460 , Vol+O2, 52566.00, 0.00, 32.10, 21.02
11:19:24.461 , Vol+O2, 52603.00, 0.00, 30.90, 21.02
11:19:24.461 , Vol+O2, 52642.00, 0.00, 28.06, 21.02
11:19:24.486 , Vol+O2, 52680.00, 0.00, 25.20, 21.02
11:19:24.486 , Vol+O2, 52717.00, 0.00, 23.61, 21.02
11:19:24.497 , Vol+O2, 52754.00, 0.00, 21.82, 21.02
11:19:24.497 , Vol+O2, 52791.00, 0.00, 19.58, 21.02
11:19:24.499 , Vol+O2, 52828.00, 0.00, 17.98, 21.02
11:19:24.499 , Vol+O2, 52865.00, 0.00, 16.67, 21.02
11:19:24.501 , Vol+O2, 52902.00, 0.00, 14.49, 21.02
11:19:24.501 , Vol+O2, 52938.00, 0.00, 1.80, 21.02
11:19:24.499 , Vol+O2, 52974.00, 0.00, 0.00, 21.02
11:19:24.503 , Vol+O2, 53011.00, 0.00, 0.00, 21.02
11:19:24.504 , Vol+O2, 53048.00, 0.00, 0.00, 21.02
11:19:24.504 , Vol+O2, 53085.00, 0.00, 0.00, 21.02
11:19:24.506 , Vol+O2, 53122.00, 0.85, 0.00, 21.02
11:19:24.506 , Vol+O2, 53159.00, 0.00, 0.24, 21.02
11:19:24.509 , Vol+O2, 53196.00, 1.45, 7.90, 21.02
11:19:24.509 , Vol+O2, 53233.00, 0.00, 10.53, 21.02
11:19:24.515 , Vol+O2, 53270.00, 0.00, 9.50, 21.02
11:19:24.515 , Vol+O2, 53307.00, 0.00, 20.34, 21.02
11:19:24.518 , Vol+O2, 53344.00, 0.00, 14.70, 21.02
11:19:24.518 , Vol+O2, 53381.00, 0.00, 21.55, 21.02
11:19:24.520 , Vol+O2, 53418.00, 5.54, 26.65, 21.01
11:19:24.520 , Vol+O2, 53455.00, 0.00, 19.08, 21.01
11:19:24.524 , Vol+O2, 53492.00, 0.00, 28.67, 21.01
11:19:24.524 , Vol+O2, 53529.00, 7.17, 26.46, 21.01
11:19:24.526 , Vol+O2, 53566.00, 0.00, 22.26, 21.01
11:19:24.526 , Vol+O2, 53603.00, 0.00, 32.10, 21.02
11:19:24.530 , Vol+O2, 53640.00, 0.00, 18.92, 21.02
11:19:24.571 , Vol+O2, 53677.00, 0.00, 22.53, 21.02
11:19:24.571 , Vol+O2, 53714.00, 5.41, 22.71, 21.02
11:19:24.571 , Vol+O2, 53751.00, 0.00, 20.34, 21.02
11:19:24.573 , Vol+O2, 53788.00, 7.44, 24.08, 21.02
11:19:24.575 , Vol+O2, 53825.00, 0.00, 18.75, 21.02
11:19:24.575 , Vol+O2, 53862.00, 6.85, 20.42, 21.02
11:19:24.571 , Vol+O2, 53899.00, 0.00, 16.43, 21.02
11:19:24.581 , Vol+O2, 53936.00, 3.62, 15.58, 21.02
11:19:24.583 , Vol+O2, 53973.00, 0.00, 17.73, 21.02
11:19:24.583 , Vol+O2, 54010.00, 0.00, 11.98, 21.02
11:19:24.583 , Vol+O2, 54047.00, 0.00, 20.95, 21.02
11:19:24.584 , Vol+O2, 54084.00, 1.36, 0.00, 21.02
11:19:24.584 , Vol+O2, 54121.00, 0.22, 0.00, 21.02
11:19:24.590 , Vol+O2, 54158.00, 0.00, 0.00, 21.02
11:19:24.590 , Vol+O2, 54195.00, 0.00, 0.00, 21.01
11:19:24.592 , Vol+O2, 54232.00, 0.00, 0.00, 21.01
11:19:24.592 , Vol+O2, 54269.00, 0.00, 0.00, 21.01
11:19:24.595 , Vol+O2, 54306.00, 0.00, 0.00, 21.01
11:19:24.599 , Vol+O2, 54342.00, 0.42, 0.00, 21.02
11:19:24.599 , Vol+O2, 54379.00, 0.00, 0.00, 21.02
11:19:24.599 , Vol+O2, 54416.00, 0.00, 6.85, 21.02
11:19:24.603 , Vol+O2, 54453.00, 0.00, 12.63, 21.02
11:19:24.603 , Vol+O2, 54490.00, 0.00, 13.23, 21.02
11:19:24.605 , Vol+O2, 54527.00, 0.00, 17.56, 21.02
11:19:24.605 , Vol+O2, 54564.00, 0.00, 21.55, 21.02
11:19:24.634 , Vol+O2, 54601.00, 0.00, 25.59, 21.02
11:19:24.645 , Vol+O2, 54638.00, 0.00, 31.12, 20.96
11:19:24.645 , Vol+O2, 54675.00, 0.00, 32.10, 20.96
11:19:24.647 , Vol+O2, 54712.00, 0.00, 34.91, 20.96
11:19:24.647 , Vol+O2, 54749.00, 0.00, 35.15, 20.96
11:19:24.647 , Vol+O2, 54786.00, 0.00, 34.00, 21.02
11:19:24.649 , Vol+O2, 54823.00, 0.00, 35.03, 21.02
11:19:24.649 , Vol+O2, 54860.00, 0.00, 34.80, 21.02
11:19:24.651 , Vol+O2, 54897.00, 0.00, 34.91, 21.02
11:19:24.651 , Vol+O2, 54934.00, 0.00, 32.99, 21.02
11:19:24.654 , Vol+O2, 54971.00, 0.00, 32.10, 21.02
11:19:24.654 , Vol+O2, 55008.00, 0.00, 30.68, 21.02
11:19:24.661 , Vol+O2, 55045.00, 0.00, 27.35, 21.02
11:19:24.661 , Vol+O2, 55082.00, 0.00, 25.11, 21.02
11:19:24.665 , Vol+O2, 55119.00, 0.00, 23.43, 21.02
11:19:24.665 , Vol+O2, 55156.00, 0.00, 21.03, 21.02
11:19:24.666 , Vol+O2, 55193.00, 0.00, 20.00, 21.02
11:19:24.666 , Vol+O2, 55230.00, 0.00, 19.58, 21.02
11:19:24.671 , Vol+O2, 55267.00, 0.00, 18.32, 21.02
11:19:24.671 , Vol+O2, 55304.00, 0.00, 17.07, 21.02
11:19:24.671 , Vol+O2, 55341.00, 0.00, 15.36, 21.02
11:19:24.673 , Vol+O2, 55378.00, 2.77, 0.00, 21.02
11:19:24.709 , Vol+O2, 55415.00, 0.46, 0.00, 21.02
11:19:24.709 , Vol+O2, 55452.00, 0.00, 0.00, 21.02
11:19:24.709 , Vol+O2, 55489.00, 0.00, 0.00, 21.02
11:19:24.711 , Vol+O2, 55526.00, 0.00, 0.00, 21.02
11:19:24.711 , Vol+O2, 55563.00, 1.07, 0.00, 21.02
11:19:24.714 , Vol+O2, 55600.00, 0.00, 1.89, 21.02
11:19:24.714 , Vol+O2, 55637.00, 2.86, 10.23, 21.02
11:19:24.715 , Vol+O2, 55674.00, 0.00, 12.10, 21.02
11:19:24.716 , Vol+O2, 55710.00, 0.00, 14.99, 20.96
11:19:24.716 , Vol+O2, 55747.00, 0.00, 19.42, 20.96
11:19:24.728 , Vol+O2, 55784.00, 0.00, 23.80, 20.96
11:19:24.728 , Vol+O2, 55821.00, 0.00, 28.36, 20.96
11:19:24.730 , Vol+O2, 55858.00, 0.00, 30.47, 20.99
11:19:24.730 , Vol+O2, 55895.00, 0.00, 30.04, 20.99
11:19:24.734 , Vol+O2, 55932.00, 0.00, 27.86, 20.99
11:19:24.734 , Vol+O2, 55969.00, 0.00, 30.15, 20.99
11:19:24.737 , Vol+O2, 56006.00, 0.00, 29.20, 20.96
11:19:24.737 , Vol+O2, 56043.00, 0.00, 28.67, 20.96
11:19:24.745 , Vol+O2, 56080.00, 0.00, 28.77, 20.96
11:19:24.745 , Vol+O2, 56117.00, 0.00, 28.26, 20.96
11:19:24.745 , Vol+O2, 56154.00, 0.00, 27.96, 21.02
11:19:24.747 , Vol+O2, 56191.00, 0.00, 25.59, 21.02
11:19:24.749 , Vol+O2, 56228.00, 0.00, 24.36, 21.02
11:19:24.749 , Vol+O2, 56265.00, 0.00, 23.71, 21.02
11:19:24.751 , Vol+O2, 56302.00, 0.00, 22.89, 21.02
11:19:24.751 , Vol+O2, 56339.00, 0.00, 21.65, 21.02
11:19:24.754 , Vol+O2, 56376.00, 0.00, 21.21, 21.02
11:19:24.754 , Vol+O2, 56413.00, 0.00, 20.95, 21.02
11:19:24.798 , Vol+O2, 56450.00, 0.00, 18.23, 21.02
11:19:24.798 , Vol+O2, 56487.00, 0.00, 16.20, 21.02
11:19:24.801 , Vol+O2, 56524.00, 0.00, 17.51, 21.02
11:19:24.798 , Vol+O2, 56561.00, 0.00, 0.55, 21.02
11:19:24.801 , Vol+O2, 56598.00, 0.00, 0.00, 21.02
11:19:24.801 , Vol+O2, 56635.00, 0.00, 0.00, 21.01
11:19:24.805 , Vol+O2, 56672.00, 0.00, 0.00, 21.01
11:19:24.805 , Vol+O2, 56709.00, 0.00, 0.00, 21.01
11:19:24.806 , Vol+O2, 56746.00, 3.28, 0.00, 21.01
11:19:24.806 , Vol+O2, 56783.00, 0.00, 2.83, 21.02
11:19:24.813 , Vol+O2, 56820.00, 0.00, 13.99, 21.02
11:19:24.813 , Vol+O2, 56857.00, 0.00, 17.64, 21.02
11:19:24.815 , Vol+O2, 56894.00, 0.00, 21.90, 21.02
11:19:24.815 , Vol+O2, 56931.00, 0.00, 25.98, 20.99
11:19:24.817 , Vol+O2, 56968.00, 0.00, 28.87, 20.99
11:19:24.817 , Vol+O2, 57005.00, 0.00, 30.68, 20.99
11:19:24.817 , Vol+O2, 57042.00, 0.00, 31.77, 20.99
11:19:24.821 , Vol+O2, 57078.00, 0.00, 32.26, 20.96
11:19:24.821 , Vol+O2, 57115.00, 0.00, 34.34, 20.96
11:19:24.824 , Vol+O2, 57152.00, 0.00, 32.15, 20.96
11:19:24.824 , Vol+O2, 57189.00, 0.00, 31.66, 20.96
11:19:24.828 , Vol+O2, 57226.00, 0.00, 32.55, 20.96
11:19:24.869 , Vol+O2, 57263.00, 0.00, 32.82, 20.96
11:19:24.869 , Vol+O2, 57300.00, 0.00, 31.72, 20.96
11:19:24.869 , Vol+O2, 57337.00, 0.00, 31.77, 20.96
11:19:24.871 , Vol+O2, 57374.00, 0.00, 31.45, 20.96
11:19:24.874 , Vol+O2, 57411.00, 0.00, 29.45, 20.96
11:19:24.874 , Vol+O2, 57448.00, 0.00, 25.68, 20.96
11:19:24.877 , Vol+O2, 57485.00, 0.00, 23.11, 20.96
11:19:24.877 , Vol+O2, 57522.00, 0.00, 20.69, 20.95
11:19:24.878 , Vol+O2, 57559.00, 0.00, 16.54, 20.95
11:19:24.878 , Vol+O2, 57596.00, 0.00, 17.07, 20.95
11:19:24.880 , Vol+O2, 57633.00, 0.00, 16.99, 20.95
11:19:24.880 , Vol+O2, 57670.00, 0.00, 15.02, 20.95
11:19:29.855 , Vol+O2, 57708.00, 0.00, 15.02, 21.02
11:19:29.858 , Vol+O2, 57744.00, 0.00, 13.38, 21.02
11:19:29.858 , Vol+O2, 57781.00, 0.00, 1.67, 21.02
11:19:29.864 , Vol+O2, 57818.00, 0.00, 0.42, 21.02
11:19:29.864 , Vol+O2, 57855.00, 0.00, 0.24, 20.96
11:19:29.864 , Vol+O2, 57892.00, 0.00, 0.00, 20.96
11:19:29.864 , Vol+O2, 57929.00, 0.00, 0.00, 20.96
11:19:29.866 , Vol+O2, 57966.00, 0.64, 0.00, 20.96
11:19:29.866 , Vol+O2, 58003.00, 0.00, 0.00, 20.96
11:19:29.867 , Vol+O2, 58040.00, 0.00, 5.20, 20.96
11:19:29.867 , Vol+O2, 58077.00, 0.00, 7.12, 20.96
11:19:29.873 , Vol+O2, 58114.00, 0.00, 12.99, 20.96
11:19:29.873 , Vol+O2, 58151.00, 0.00, 15.54, 20.99
11:19:29.875 , Vol+O2, 58188.00, 0.00, 18.15, 20.99
11:19:29.880 , Vol+O2, 58226.00, 0.00, 21.90, 20.99
11:19:29.880 , Vol+O2, 58265.00, 0.00, 23.52, 20.99
11:19:29.883 , Vol+O2, 58301.00, 0.00, 25.30, 20.95
11:19:29.883 , Vol+O2, 58340.00, 0.00, 26.07, 20.95
11:19:29.887 , Vol+O2, 58376.00, 0.00, 26.11, 20.95
11:19:29.887 , Vol+O2, 58416.00, 0.00, 27.05, 20.95
11:19:29.891 , Vol+O2, 58453.00, 0.00, 27.25, 20.95
11:19:29.891 , Vol+O2, 58493.00, 0.00, 26.80, 20.95
11:19:29.893 , Vol+O2, 58529.00, 0.00, 27.80, 20.95
11:19:29.893 , Vol+O2, 58568.00, 0.00, 27.90, 20.95
11:19:29.897 , Vol+O2, 58605.00, 0.00, 26.70, 21.02
11:19:29.897 , Vol+O2, 58642.00, 0.00, 27.60, 21.02
11:19:29.900 , Vol+O2, 58679.00, 0.00, 26.56, 21.02
11:19:29.900 , Vol+O2, 58716.00, 0.00, 25.34, 21.02
11:19:29.900 , Vol+O2, 58753.00, 0.00, 23.90, 20.99
11:19:29.937 , Vol+O2, 58790.00, 0.00, 21.77, 20.99
11:19:29.937 , Vol+O2, 58827.00, 0.00, 21.37, 20.99
11:19:29.938 , Vol+O2, 58864.00, 0.00, 18.84, 20.99
11:19:29.940 , Vol+O2, 58900.00, 0.00, 17.84, 20.96
11:19:29.940 , Vol+O2, 58937.00, 0.00, 15.96, 20.96
11:19:29.940 , Vol+O2, 58974.00, 2.35, 0.00, 20.96
11:19:29.943 , Vol+O2, 59011.00, 0.22, 0.00, 20.96
11:19:29.943 , Vol+O2, 59048.00, 0.00, 0.00, 20.96
11:19:29.945 , Vol+O2, 59085.00, 0.00, 0.00, 20.96
11:19:29.945 , Vol+O2, 59122.00, 0.00, 0.00, 20.96
11:19:29.947 , Vol+O2, 59159.00, 0.55, 0.00, 20.96
11:19:29.947 , Vol+O2, 59196.00, 0.00, 3.54, 21.02
11:19:29.950 , Vol+O2, 59233.00, 0.00, 14.15, 21.02
11:19:29.950 , Vol+O2, 59270.00, 0.00, 14.34, 21.02
11:19:29.951 , Vol+O2, 59307.00, 0.00, 22.38, 21.02
11:19:29.951 , Vol+O2, 59344.00, 0.00, 28.41, 21.02
11:19:29.953 , Vol+O2, 59381.00, 0.00, 32.43, 21.02
11:19:29.992 , Vol+O2, 59418.00, 0.00, 34.39, 21.02
11:19:29.992 , Vol+O2, 59455.00, 0.00, 35.15, 21.02
11:19:29.996 , Vol+O2, 59492.00, 0.00, 37.90, 21.02
11:19:29.996 , Vol+O2, 59529.00, 0.00, 38.63, 20.95
11:19:29.997 , Vol+O2, 59566.00, 0.00, 37.78, 20.95
11:19:29.997 , Vol+O2, 59603.00, 0.00, 35.42, 20.95
11:19:29.998 , Vol+O2, 59640.00, 0.00, 35.54, 20.95
11:19:29.998 , Vol+O2, 59677.00, 0.00, 34.96, 21.01
11:19:29.998 , Vol+O2, 59714.00, 0.00, 34.28, 21.01
11:19:29.998 , Vol+O2, 59751.00, 0.00, 32.10, 21.01
11:19:30.004 , Vol+O2, 59788.00, 0.00, 29.98, 21.01
11:19:30.004 , Vol+O2, 59825.00, 0.00, 28.10, 20.96
11:19:30.010 , Vol+O2, 59862.00, 0.00, 23.93, 20.96
11:19:30.010 , Vol+O2, 59899.00, 0.00, 20.04, 20.96
11:19:30.026 , Vol+O2, 59936.00, 0.00, 19.45, 20.96
11:19:30.026 , Vol+O2, 59973.00, 0.00, 18.95, 20.96
11:19:30.028 , Vol+O2, 60010.00, 0.00, 17.92, 20.96
11:19:30.028 , Vol+O2, 60047.00, 0.00, 17.59, 20.96
11:19:30.028 , Vol+O2, 60084.00, 0.00, 17.17, 20.96
11:19:30.028 , Vol+O2, 60120.00, 0.00, 16.83, 21.02
11:19:30.028 , Vol+O2, 60157.00, 0.60, 1.31, 21.02
11:19:30.030 , Vol+O2, 60194.00, 0.47, 0.00, 21.02
11:19:30.030 , Vol+O2, 60231.00, 0.30, 0.00, 21.02
11:19:30.038 , Vol+O2, 60268.00, 0.22, 0.00, 21.02
11:19:30.038 , Vol+O2, 60305.00, 0.00, 0.00, 21.02
11:19:30.040 , Vol+O2, 60342.00, 0.00, 0.00, 21.02
11:19:30.040 , Vol+O2, 60379.00, 0.90, 0.00, 21.02
11:19:30.042 , Vol+O2, 60416.00, 0.00, 3.64, 20.96
11:19:30.042 , Vol+O2, 60453.00, 0.00, 8.71, 20.96
11:19:30.045 , Vol+O2, 60490.00, 0.00, 9.35, 20.96
11:19:30.052 , Vol+O2, 60527.00, 0.00, 14.15, 20.96
11:19:30.052 , Vol+O2, 60564.00, 0.00, 17.67, 21.02
11:19:30.052 , Vol+O2, 60601.00, 0.00, 19.87, 21.02
11:19:30.053 , Vol+O2, 60638.00, 0.00, 22.38, 21.02
11:19:30.053 , Vol+O2, 60675.00, 0.00, 22.66, 21.02
11:19:30.056 , Vol+O2, 60712.00, 0.00, 23.65, 21.02
11:19:30.105 , Vol+O2, 60749.00, 0.00, 23.65, 21.02
11:19:30.105 , Vol+O2, 60786.00, 0.00, 24.30, 21.02
11:19:30.110 , Vol+O2, 60823.00, 0.00, 24.67, 21.02
11:19:30.110 , Vol+O2, 60860.00, 0.00, 24.67, 21.02
11:19:30.110 , Vol+O2, 60897.00, 0.00, 22.75, 21.02
11:19:30.110 , Vol+O2, 60934.00, 0.00, 23.35, 21.02
11:19:30.110 , Vol+O2, 60971.00, 0.00, 23.47, 21.02
11:19:30.110 , Vol+O2, 61008.00, 0.00, 23.38, 21.02
11:19:30.110 , Vol+O2, 61045.00, 0.00, 23.20, 21.02
11:19:30.113 , Vol+O2, 61082.00, 0.00, 20.63, 21.02
11:19:30.110 , Vol+O2, 61119.00, 0.00, 21.15, 21.02
11:19:30.119 , Vol+O2, 61156.00, 0.00, 20.55, 21.02
11:19:30.119 , Vol+O2, 61193.00, 0.00, 19.87, 21.02
11:19:30.123 , Vol+O2, 61230.00, 0.00, 16.23, 21.02
11:19:30.123 , Vol+O2, 61267.00, 0.00, 15.24, 21.02
11:19:30.125 , Vol+O2, 61304.00, 0.00, 14.44, 21.02
11:19:30.125 , Vol+O2, 61341.00, 0.00, 11.68, 20.95
11:19:30.128 , Vol+O2, 61378.00, 0.00, 10.31, 20.95
11:19:30.128 , Vol+O2, 61415.00, 0.00, 5.79, 20.95
11:19:30.129 , Vol+O2, 61452.00, 0.00, 0.00, 20.95
11:19:30.129 , Vol+O2, 61488.00, 0.00, 0.00, 21.02
11:19:30.209 , Vol+O2, 61525.00, 0.00, 0.00, 21.02
11:19:30.209 , Vol+O2, 61562.00, 0.00, 0.00, 21.02
11:19:30.212 , Vol+O2, 61599.00, 0.00, 0.00, 21.02
11:19:30.212 , Vol+O2, 61636.00, 0.33, 0.00, 21.02
11:19:30.214 , Vol+O2, 61673.00, 0.00, 5.79, 21.02
11:19:30.214 , Vol+O2, 61710.00, 0.00, 15.92, 21.02
11:19:30.216 , Vol+O2, 61747.00, 0.00, 19.11, 21.02
11:19:30.216 , Vol+O2, 61784.00, 0.00, 22.75, 20.96
11:19:30.219 , Vol+O2, 61821.00, 0.00, 28.52, 20.96
11:19:30.219 , Vol+O2, 61858.00, 0.00, 30.85, 20.96
11:19:30.221 , Vol+O2, 61895.00, 0.00, 33.60, 20.96
11:19:30.221 , Vol+O2, 61932.00, 0.00, 36.13, 21.02
11:19:30.224 , Vol+O2, 61969.00, 0.00, 38.75, 21.02
11:19:30.224 , Vol+O2, 62006.00, 0.00, 40.98, 21.02
11:19:30.228 , Vol+O2, 62043.00, 0.00, 41.23, 21.02
11:19:30.228 , Vol+O2, 62080.00, 0.00, 39.60, 21.02
11:19:30.230 , Vol+O2, 62117.00, 0.00, 38.50, 21.01
11:19:30.230 , Vol+O2, 62154.00, 0.00, 38.50, 21.01
11:19:30.234 , Vol+O2, 62191.00, 0.00, 35.31, 21.01
11:19:30.234 , Vol+O2, 62228.00, 0.00, 36.01, 21.01
11:19:30.236 , Vol+O2, 62265.00, 0.00, 33.38, 21.02
11:19:30.236 , Vol+O2, 62302.00, 0.00, 29.87, 21.02
11:19:30.243 , Vol+O2, 62339.00, 0.00, 25.15, 21.02
11:19:30.243 , Vol+O2, 62376.00, 0.00, 20.98, 21.02
11:19:30.244 , Vol+O2, 62413.00, 0.00, 19.87, 21.02
11:19:30.311 , Vol+O2, 62450.00, 0.00, 18.78, 21.02
11:19:30.311 , Vol+O2, 62487.00, 0.00, 18.61, 21.02
11:19:30.340 , Vol+O2, 62524.00, 0.00, 18.35, 21.02
11:19:30.340 , Vol+O2, 62561.00, 0.00, 17.02, 21.01
11:19:30.340 , Vol+O2, 62598.00, 0.98, 0.00, 21.01
11:19:30.340 , Vol+O2, 62635.00, 0.90, 0.00, 21.01
11:19:30.361 , Vol+O2, 62672.00, 0.30, 0.00, 21.01
11:19:30.361 , Vol+O2, 62709.00, 0.00, 0.00, 21.02
11:19:30.362 , Vol+O2, 62746.00, 0.00, 0.00, 21.02
11:19:30.387 , Vol+O2, 62783.00, 1.32, 0.00, 21.02
11:19:30.387 , Vol+O2, 62820.00, 0.00, 4.27, 21.02
11:19:30.450 , Vol+O2, 62856.00, 1.12, 11.93, 21.02
11:19:30.450 , Vol+O2, 62893.00, 0.00, 13.88, 21.02
11:19:30.453 , Vol+O2, 62930.00, 0.00, 15.84, 21.02
11:19:30.453 , Vol+O2, 62967.00, 0.00, 17.84, 21.02
11:19:30.495 , Vol+O2, 63004.00, 0.00, 21.15, 21.02
11:19:30.495 , Vol+O2, 63041.00, 0.00, 23.84, 21.02
11:19:30.496 , Vol+O2, 63078.00, 0.00, 25.73, 21.02
11:19:30.496 , Vol+O2, 63115.00, 0.00, 27.70, 21.02
11:19:30.498 , Vol+O2, 63152.00, 0.00, 27.90, 20.96
11:19:30.498 , Vol+O2, 63189.00, 0.00, 27.50, 20.96
11:19:30.499 , Vol+O2, 63226.00, 0.00, 27.39, 20.96
11:19:30.499 , Vol+O2, 63263.00, 0.00, 27.70, 20.96
11:19:30.500 , Vol+O2, 63300.00, 0.00, 27.00, 21.02
11:19:30.500 , Vol+O2, 63337.00, 0.00, 26.30, 21.02
11:19:30.520 , Vol+O2, 63374.00, 0.00, 25.73, 21.02
11:19:30.523 , Vol+O2, 63411.00, 0.00, 24.67, 21.02
11:19:30.523 , Vol+O2, 63448.00, 0.00, 24.30, 21.02
11:19:30.524 , Vol+O2, 63485.00, 0.00, 23.93, 21.02
11:19:30.524 , Vol+O2, 63522.00, 0.00, 21.15, 21.02
11:19:30.525 , Vol+O2, 63559.00, 0.00, 21.25, 21.02
11:19:36.290 , Vol+O2, 63596.00, 0.00, 19.20, 21.02
11:19:36.295 , Vol+O2, 63635.00, 0.00, 17.42, 21.02
11:19:36.295 , Vol+O2, 63672.00, 0.00, 16.94, 21.02
11:19:36.295 , Vol+O2, 63708.00, 0.00, 15.54, 21.02
11:19:36.298 , Vol+O2, 63747.00, 0.00, 15.09, 21.02
11:19:36.298 , Vol+O2, 63784.00, 1.45, 1.40, 20.96
11:19:36.300 , Vol+O2, 63820.00, 0.00, 0.00, 20.96
11:19:36.300 , Vol+O2, 63859.00, 0.00, 0.00, 20.96
11:19:36.302 , Vol+O2, 63895.00, 0.00, 0.00, 20.96
11:19:36.302 , Vol+O2, 63932.00, 0.00, 0.00, 21.02
11:19:36.303 , Vol+O2, 63969.00, 0.00, 0.00, 21.02
11:19:36.330 , Vol+O2, 64006.00, 3.54, 0.00, 21.02
11:19:36.330 , Vol+O2, 64043.00, 0.00, 0.81, 21.02
11:19:36.333 , Vol+O2, 64080.00, 0.77, 20.04, 20.95
11:19:36.333 , Vol+O2, 64117.00, 0.00, 22.30, 20.95
11:19:36.336 , Vol+O2, 64154.00, 0.00, 30.20, 20.95
11:19:36.336 , Vol+O2, 64191.00, 0.00, 33.38, 20.95
11:19:36.337 , Vol+O2, 64228.00, 0.00, 33.49, 20.95
11:19:36.337 , Vol+O2, 64265.00, 0.00, 39.11, 20.95
11:19:36.338 , Vol+O2, 64302.00, 0.00, 44.48, 20.95
11:19:36.338 , Vol+O2, 64339.00, 0.00, 45.41, 20.95
11:19:36.340 , Vol+O2, 64375.00, 0.00, 45.28, 20.96
11:19:36.340 , Vol+O2, 64412.00, 0.00, 43.82, 20.96
11:19:36.367 , Vol+O2, 64449.00, 0.00, 40.85, 20.96
11:19:36.367 , Vol+O2, 64486.00, 0.00, 37.78, 20.96
11:19:36.369 , Vol+O2, 64523.00, 0.00, 34.96, 20.96
11:19:36.369 , Vol+O2, 64560.00, 0.00, 32.15, 20.96
11:19:36.372 , Vol+O2, 64597.00, 0.00, 29.14, 20.96
11:19:36.372 , Vol+O2, 64634.00, 0.00, 29.98, 20.96
11:19:36.373 , Vol+O2, 64671.00, 0.00, 28.20, 21.02
11:19:36.376 , Vol+O2, 64708.00, 0.00, 28.20, 21.02
11:19:36.376 , Vol+O2, 64745.00, 0.00, 26.90, 21.02
11:19:36.376 , Vol+O2, 64781.00, 0.00, 24.02, 21.02
11:19:36.380 , Vol+O2, 64818.00, 0.00, 21.59, 21.02
11:19:36.380 , Vol+O2, 64855.00, 0.00, 20.12, 21.02
11:19:36.385 , Vol+O2, 64892.00, 0.00, 17.02, 21.02
11:19:36.385 , Vol+O2, 64929.00, 0.00, 2.92, 21.02
11:19:36.387 , Vol+O2, 64966.00, 0.00, 0.28, 21.02
11:19:36.387 , Vol+O2, 65003.00, 0.00, 0.00, 21.02
11:19:36.391 , Vol+O2, 65040.00, 0.00, 0.00, 21.02
11:19:36.391 , Vol+O2, 65077.00, 0.00, 0.00, 21.02
11:19:36.394 , Vol+O2, 65114.00, 0.00, 1.05, 21.02
11:19:36.394 , Vol+O2, 65151.00, 1.54, 12.39, 21.02
11:19:36.395 , Vol+O2, 65188.00, 0.00, 12.85, 21.02
11:19:36.426 , Vol+O2, 65225.00, 0.00, 17.51, 21.02
11:19:36.426 , Vol+O2, 65262.00, 0.00, 21.33, 21.02
11:19:36.462 , Vol+O2, 65299.00, 0.00, 25.92, 21.02
11:19:36.462 , Vol+O2, 65336.00, 0.00, 26.51, 21.02
11:19:36.464 , Vol+O2, 65373.00, 0.00, 28.52, 21.02
11:19:36.464 , Vol+O2, 65410.00, 0.00, 29.03, 21.02
11:19:36.467 , Vol+O2, 65447.00, 0.00, 30.73, 21.02
11:19:36.467 , Vol+O2, 65484.00, 0.00, 32.38, 21.02
11:19:36.467 , Vol+O2, 65521.00, 0.00, 29.34, 21.02
11:19:36.469 , Vol+O2, 65558.00, 0.00, 30.63, 21.02
11:19:36.473 , Vol+O2, 65594.00, 0.00, 28.31, 21.01
11:19:36.473 , Vol+O2, 65631.00, 0.00, 28.20, 21.01
11:19:36.474 , Vol+O2, 65668.00, 0.00, 26.21, 21.01
11:19:36.474 , Vol+O2, 65705.00, 0.00, 25.34, 21.01
11:19:36.479 , Vol+O2, 65742.00, 0.00, 25.34, 21.02
11:19:36.479 , Vol+O2, 65779.00, 0.00, 23.75, 21.02
11:19:36.481 , Vol+O2, 65816.00, 0.00, 22.21, 21.02
11:19:36.481 , Vol+O2, 65853.00, 0.00, 21.33, 21.02
11:19:36.485 , Vol+O2, 65890.00, 0.00, 19.79, 20.96
11:19:36.485 , Vol+O2, 65927.00, 0.00, 19.61, 20.96
11:19:36.488 , Vol+O2, 65964.00, 0.00, 19.28, 20.96
11:19:36.488 , Vol+O2, 66001.00, 0.00, 18.26, 20.96
11:19:36.491 , Vol+O2, 66038.00, 0.00, 17.92, 20.96
11:19:36.491 , Vol+O2, 66075.00, 0.00, 3.19, 21.02
11:19:36.496 , Vol+O2, 66112.00, 0.00, 0.00, 21.02
11:19:36.496 , Vol+O2, 66149.00, 0.00, 0.00, 21.02
11:19:36.498 , Vol+O2, 66186.00, 0.00, 0.00, 21.02
11:19:36.498 , Vol+O2, 66223.00, 0.00, 0.00, 21.02
11:19:36.537 , Vol+O2, 66260.00, 0.33, 0.00, 21.02
11:19:36.537 , Vol+O2, 66297.00, 1.50, 1.49, 21.02
11:19:36.537 , Vol+O2, 66334.00, 0.56, 20.29, 21.02
11:19:36.537 , Vol+O2, 66371.00, 0.00, 25.15, 20.96
11:19:36.540 , Vol+O2, 66408.00, 0.00, 31.50, 20.96
11:19:36.541 , Vol+O2, 66445.00, 0.00, 33.49, 20.96
11:19:36.541 , Vol+O2, 66482.00, 0.00, 39.11, 20.96
11:19:36.541 , Vol+O2, 66519.00, 0.00, 42.38, 20.95
11:19:36.541 , Vol+O2, 66556.00, 0.00, 41.35, 20.95
11:19:36.542 , Vol+O2, 66593.00, 0.00, 35.77, 20.95
11:19:36.542 , Vol+O2, 66630.00, 0.00, 37.78, 20.95
11:19:36.550 , Vol+O2, 66667.00, 0.00, 40.72, 20.96
11:19:36.550 , Vol+O2, 66704.00, 0.00, 44.48, 20.96
11:19:36.553 , Vol+O2, 66741.00, 0.00, 43.56, 20.96
11:19:36.553 , Vol+O2, 66778.00, 0.00, 37.66, 20.96
11:19:36.555 , Vol+O2, 66814.00, 0.00, 35.89, 21.02
11:19:36.555 , Vol+O2, 66851.00, 0.00, 33.83, 21.02
11:19:36.559 , Vol+O2, 66888.00, 0.00, 32.93, 21.02
11:19:36.559 , Vol+O2, 66925.00, 0.00, 30.85, 21.02
11:19:36.566 , Vol+O2, 66962.00, 0.00, 28.62, 21.02
11:19:36.566 , Vol+O2, 66999.00, 0.00, 28.62, 21.02
11:19:36.566 , Vol+O2, 67036.00, 0.00, 27.60, 21.02
11:19:36.566 , Vol+O2, 67073.00, 0.00, 25.82, 21.02
11:19:36.612 , Vol+O2, 67110.00, 0.00, 27.10, 21.02
11:19:36.612 , Vol+O2, 67147.00, 2.13, 0.00, 21.02
11:19:36.616 , Vol+O2, 67184.00, 0.00, 0.00, 21.02
11:19:36.616 , Vol+O2, 67221.00, 0.33, 0.00, 21.02
11:19:36.616 , Vol+O2, 67258.00, 0.00, 0.00, 21.02
11:19:36.618 , Vol+O2, 67295.00, 0.00, 0.00, 21.02
11:19:36.620 , Vol+O2, 67332.00, 0.00, 0.00, 21.02
11:19:36.620 , Vol+O2, 67369.00, 0.00, 0.00, 21.02
11:19:36.622 , Vol+O2, 67406.00, 0.00, 0.00, 21.02
11:19:36.622 , Vol+O2, 67443.00, 0.00, 0.00, 21.02
11:19:36.625 , Vol+O2, 67480.00, 0.00, 0.00, 21.02
11:19:36.625 , Vol+O2, 67517.00, 0.00, 0.00, 21.02
11:19:36.632 , Vol+O2, 67554.00, 0.00, 0.00, 21.02
11:19:36.632 , Vol+O2, 67591.00, 0.00, 0.00, 20.95
11:19:36.635 , Vol+O2, 67628.00, 0.00, 0.00, 20.95
11:19:36.635 , Vol+O2, 67665.00, 0.00, 0.00, 20.95
11:19:36.636 , Vol+O2, 67702.00, 0.00, 0.00, 20.95
11:19:36.636 , Vol+O2, 67739.00, 0.00, 0.00, 21.02
11:19:36.639 , Vol+O2, 67776.00, 0.00, 0.00, 21.02
11:19:36.639 , Vol+O2, 67813.00, 0.00, 0.00, 21.02
11:19:36.639 , Vol+O2, 67850.00, 0.00, 0.00, 21.02
11:19:36.643 , Vol+O2, 67887.00, 0.00, 0.00, 20.96
11:19:36.647 , Vol+O2, 67924.00, 0.00, 0.00, 20.96
11:19:36.647 , Vol+O2, 67961.00, 0.00, 0.00, 20.96
11:19:36.674 , Vol+O2, 67998.00, 0.00, 0.00, 20.96
11:19:36.674 , Vol+O2, 68035.00, 0.00, 0.00, 20.96
11:19:36.711 , Vol+O2, 68072.00, 0.00, 0.00, 20.96
11:19:36.711 , Vol+O2, 68109.00, 0.00, 0.00, 20.96
11:19:36.715 , Vol+O2, 68146.00, 0.00, 0.00, 20.96
11:19:36.715 , Vol+O2, 68182.00, 0.00, 0.00, 20.96
11:19:36.715 , Vol+O2, 68219.00, 0.00, 0.00, 20.96
11:19:36.715 , Vol+O2, 68256.00, 0.00, 0.00, 20.96
11:19:36.717 , Vol+O2, 68293.00, 0.00, 0.00, 20.96
11:19:36.717 , Vol+O2, 68330.00, 0.00, 0.00, 20.96
11:19:36.720 , Vol+O2, 68367.00, 0.00, 0.00, 20.96
11:19:36.720 , Vol+O2, 68404.00, 0.00, 0.00, 20.96
11:19:36.727 , Vol+O2, 68441.00, 0.00, 0.00, 20.96
11:19:36.727 , Vol+O2, 68478.00, 0.00, 0.00, 20.96
11:19:36.729 , Vol+O2, 68515.00, 0.00, 0.00, 20.96
11:19:36.729 , Vol+O2, 68552.00, 0.00, 0.00, 20.96
11:19:36.730 , Vol+O2, 68589.00, 0.00, 0.00, 20.96
11:19:36.730 , Vol+O2, 68626.00, 0.00, 0.00, 20.96
11:19:36.736 , Vol+O2, 68663.00, 0.00, 0.00, 20.96
11:19:36.736 , Vol+O2, 68700.00, 0.00, 0.00, 20.96
11:19:36.736 , Vol+O2, 68737.00, 0.00, 0.00, 20.96
11:19:36.736 , Vol+O2, 68774.00, 0.00, 0.00, 20.96
11:19:36.739 , Vol+O2, 68811.00, 0.00, 0.00, 20.96
11:19:36.739 , Vol+O2, 68848.00, 0.00, 0.00, 20.96
11:19:36.743 , Vol+O2, 68885.00, 0.00, 0.00, 20.96
11:19:36.743 , Vol+O2, 68922.00, 0.00, 0.00, 20.96
11:19:36.784 , Vol+O2, 68959.00, 0.00, 0.00, 20.96
11:19:36.784 , Vol+O2, 68996.00, 0.00, 0.00, 20.96
11:19:36.786 , Vol+O2, 69033.00, 0.00, 0.00, 20.96
11:19:36.786 , Vol+O2, 69070.00, 0.00, 0.00, 20.96
11:19:36.828 , Vol+O2, 69107.00, 0.00, 0.00, 20.93
11:19:36.828 , Vol+O2, 69144.00, 0.00, 0.00, 20.93
11:19:36.830 , Vol+O2, 69181.00, 0.00, 0.00, 20.93
11:19:41.768 , Vol+O2, 69219.00, 0.00, 0.00, 20.93
11:19:41.772 , Vol+O2, 69255.00, 0.00, 0.00, 20.93
11:19:41.772 , Vol+O2, 69292.00, 0.00, 0.00, 20.93
11:19:41.774 , Vol+O2, 69329.00, 0.00, 0.00, 20.93
11:19:41.774 , Vol+O2, 69366.00, 0.00, 0.00, 20.93
11:19:41.776 , Vol+O2, 69403.00, 0.00, 0.00, 20.93
11:19:41.776 , Vol+O2, 69440.00, 0.00, 0.00, 20.93
11:19:41.774 , Vol+O2, 69477.00, 0.00, 0.00, 20.93
11:19:41.777 , Vol+O2, 69514.00, 0.00, 0.00, 20.93
11:19:41.779 , Vol+O2, 69550.00, 0.00, 0.00, 20.93
11:19:41.779 , Vol+O2, 69587.00, 0.00, 0.00, 20.93
11:19:41.780 , Vol+O2, 69624.00, 0.00, 0.00, 20.93
11:19:41.780 , Vol+O2, 69661.00, 0.00, 0.00, 20.93
11:19:41.810 , Vol+O2, 69698.00, 0.00, 0.00, 20.93
11:19:41.810 , Vol+O2, 69735.00, 0.00, 0.00, 20.93
11:19:41.835 , Vol+O2, 69772.00, 0.00, 0.00, 20.93
11:19:41.852 , Vol+O2, 69809.00, 0.00, 0.00, 20.93
11:19:41.852 , Vol+O2, 69846.00, 0.00, 0.00, 20.93
11:19:41.854 , Vol+O2, 69883.00, 0.00, 0.00, 20.93
11:19:41.854 , Vol+O2, 69920.00, 0.00, 0.00, 20.93
11:19:41.855 , Vol+O2, 69957.00, 0.00, 0.00, 20.93
11:19:41.855 , Vol+O2, 69994.00, 0.00, 0.00, 20.96
11:19:41.858 , Vol+O2, 70031.00, 0.00, 0.00, 20.96
11:19:41.858 , Vol+O2, 70068.00, 0.00, 0.00, 20.96
11:19:41.860 , Vol+O2, 70106.00, 0.00, 0.00, 20.96
11:19:41.860 , Vol+O2, 70144.00, 0.00, 0.00, 20.96
11:19:41.862 , Vol+O2, 70180.00, 0.00, 0.00, 20.96
11:19:41.862 , Vol+O2, 70219.00, 0.00, 0.00, 20.96
11:19:41.864 , Vol+O2, 70255.00, 0.00, 0.00, 20.96
11:19:41.864 , Vol+O2, 70292.00, 0.00, 0.00, 20.96
11:19:41.864 , Vol+O2, 70330.00, 0.22, 0.00, 20.93
11:19:41.868 , Vol+O2, 70368.00, 0.00, 0.00, 20.93
11:19:41.868 , Vol+O2, 70405.00, 0.00, 0.00, 20.93
11:19:41.872 , Vol+O2, 70442.00, 0.00, 0.00, 20.93
11:19:41.872 , Vol+O2, 70480.00, 0.00, 0.00, 20.93
11:19:41.876 , Vol+O2, 70518.00, 0.00, 0.00, 20.93
11:19:41.876 , Vol+O2, 70555.00, 0.00, 0.00, 20.93
11:19:41.879 , Vol+O2, 70592.00, 0.00, 0.00, 20.93
11:19:41.879 , Vol+O2, 70629.00, 0.00, 0.00, 20.93
11:19:41.882 , Vol+O2, 70666.00, 0.00, 0.00, 20.93
11:19:41.882 , Vol+O2, 70703.00, 0.00, 0.00, 20.93
11:19:41.884 , Vol+O2, 70740.00, 0.00, 0.00, 20.93
11:19:41.884 , Vol+O2, 70777.00, 0.00, 0.00, 20.93
11:19:41.890 , Vol+O2, 70814.00, 0.00, 0.00, 20.93
11:19:41.890 , Vol+O2, 70851.00, 0.00, 0.00, 20.93
11:19:41.929 , Vol+O2, 70888.00, 0.00, 0.00, 20.93
11:19:41.929 , Vol+O2, 70925.00, 0.00, 0.00, 20.93
11:19:41.931 , Vol+O2, 70962.00, 0.00, 0.00, 20.93
11:19:41.931 , Vol+O2, 70999.00, 0.00, 0.00, 20.93
11:19:41.934 , Vol+O2, 71036.00, 0.00, 0.00, 20.93
11:19:41.934 , Vol+O2, 71072.00, 0.00, 0.00, 20.93
11:19:41.937 , Vol+O2, 71109.00, 0.00, 0.00, 20.93
11:19:41.937 , Vol+O2, 71146.00, 0.00, 0.00, 20.93
11:19:41.940 , Vol+O2, 71183.00, 0.00, 0.00, 20.93
11:19:41.940 , Vol+O2, 71220.00, 0.00, 0.00, 20.77
11:19:41.941 , Vol+O2, 71257.00, 0.00, 0.00, 20.77
11:19:41.941 , Vol+O2, 71294.00, 0.00, 0.00, 20.77
11:19:41.945 , Vol+O2, 71331.00, 0.00, 0.00, 20.77
11:19:41.945 , Vol+O2, 71368.00, 0.00, 0.00, 20.93
11:19:41.947 , Vol+O2, 71405.00, 0.00, 0.00, 20.93
11:19:41.947 , Vol+O2, 71442.00, 0.00, 0.00, 20.93
11:19:41.949 , Vol+O2, 71479.00, 0.00, 0.00, 20.93
11:19:41.949 , Vol+O2, 71516.00, 0.00, 0.00, 20.96
11:19:42.008 , Vol+O2, 71553.00, 0.00, 0.00, 20.96
11:19:42.008 , Vol+O2, 71590.00, 0.00, 0.00, 20.96
11:19:42.014 , Vol+O2, 71627.00, 0.00, 0.00, 20.96
11:19:42.014 , Vol+O2, 71664.00, 0.00, 0.00, 20.96
11:19:42.030 , Vol+O2, 71701.00, 0.00, 0.00, 20.93
11:19:42.030 , Vol+O2, 71738.00, 0.00, 0.00, 20.93
11:19:42.076 , Vol+O2, 71775.00, 0.00, 0.00, 20.93
11:19:42.076 , Vol+O2, 71812.00, 0.00, 0.00, 20.93
11:19:42.097 , Vol+O2, 71849.00, 0.00, 0.00, 20.93
11:19:42.097 , Vol+O2, 71886.00, 0.00, 0.00, 20.93
11:19:42.099 , Vol+O2, 71923.00, 0.00, 0.00, 20.93
11:19:42.099 , Vol+O2, 71960.00, 0.00, 0.00, 20.93
11:19:42.103 , Vol+O2, 71997.00, 0.00, 0.00, 20.93
11:19:42.103 , Vol+O2, 72034.00, 0.00, 0.00, 20.93
11:19:42.106 , Vol+O2, 72071.00, 0.00, 0.00, 20.93
11:19:42.106 , Vol+O2, 72108.00, 0.00, 0.00, 20.93
11:19:42.106 , Vol+O2, 72145.00, 0.00, 0.00, 20.93
11:19:42.106 , Vol+O2, 72182.00, 0.00, 0.00, 20.93
11:19:42.106 , Vol+O2, 72219.00, 0.00, 0.00, 20.93
11:19:42.109 , Vol+O2, 72256.00, 0.00, 0.00, 20.93
11:19:42.109 , Vol+O2, 72293.00, 0.00, 0.00, 20.93
11:19:42.115 , Vol+O2, 72330.00, 0.00, 0.00, 20.93
11:19:42.115 , Vol+O2, 72367.00, 0.00, 0.00, 20.93
11:19:42.140 , Vol+O2, 72404.00, 0.00, 0.00, 20.93
11:19:42.140 , Vol+O2, 72440.00, 0.00, 0.00, 20.93
11:19:42.145 , Vol+O2, 72477.00, 0.22, 0.00, 20.93
11:19:42.145 , Vol+O2, 72514.00, 0.00, 0.00, 20.93
11:19:42.147 , Vol+O2, 72551.00, 0.00, 0.00, 20.93
11:19:42.147 , Vol+O2, 72588.00, 0.00, 0.00, 20.90
11:19:42.149 , Vol+O2, 72625.00, 0.00, 0.00, 20.90
11:19:42.149 , Vol+O2, 72662.00, 0.00, 0.00, 20.90
11:19:42.150 , Vol+O2, 72699.00, 0.00, 0.00, 20.90
11:19:42.149 , Vol+O2, 72736.00, 0.00, 0.00, 20.93
11:19:42.154 , Vol+O2, 72773.00, 0.00, 0.00, 20.93
11:19:42.154 , Vol+O2, 72810.00, 0.00, 0.00, 20.93
11:19:42.157 , Vol+O2, 72847.00, 0.00, 0.00, 20.93
11:19:42.157 , Vol+O2, 72884.00, 0.00, 0.00, 20.96
11:19:42.159 , Vol+O2, 72921.00, 0.00, 0.00, 20.96
11:19:42.159 , Vol+O2, 72958.00, 0.00, 0.00, 20.96
11:19:42.164 , Vol+O2, 72994.00, 0.00, 0.00, 20.96
11:19:42.164 , Vol+O2, 73031.00, 0.00, 0.00, 20.96
11:19:42.168 , Vol+O2, 73068.00, 0.00, 0.00, 20.93
11:19:42.168 , Vol+O2, 73105.00, 0.00, 0.00, 20.93
11:19:42.171 , Vol+O2, 73142.00, 0.00, 0.00, 20.93
11:19:42.171 , Vol+O2, 73179.00, 0.00, 0.00, 20.93
11:19:42.174 , Vol+O2, 73216.00, 0.00, 0.00, 20.93
11:19:42.174 , Vol+O2, 73253.00, 0.00, 0.00, 20.93
11:19:42.181 , Vol+O2, 73290.00, 0.00, 0.00, 20.93
11:19:42.181 , Vol+O2, 73327.00, 0.00, 0.00, 20.93
11:19:42.183 , Vol+O2, 73364.00, 0.00, 0.00, 20.93
11:19:42.228 , Vol+O2, 73401.00, 0.00, 0.00, 20.93
11:19:42.228 , Vol+O2, 73438.00, 0.00, 0.00, 20.93
11:19:42.257 , Vol+O2, 73475.00, 0.00, 0.00, 20.93
11:19:42.257 , Vol+O2, 73512.00, 0.00, 0.00, 20.93
11:19:42.325 , Vol+O2, 73549.00, 0.00, 0.00, 20.93
11:19:42.325 , Vol+O2, 73586.00, 0.00, 0.00, 20.93
11:19:42.327 , Vol+O2, 73623.00, 0.00, 0.00, 20.93
11:19:42.327 , Vol+O2, 73660.00, 0.00, 0.00, 20.93
11:19:42.327 , Vol+O2, 73697.00, 0.00, 0.00, 20.93
11:19:42.327 , Vol+O2, 73734.00, 0.00, 0.00, 20.93
11:19:42.329 , Vol+O2, 73771.00, 0.00, 0.00, 20.93
11:19:42.329 , Vol+O2, 73807.00, 0.00, 0.00, 20.93
11:19:42.327 , Vol+O2, 73844.00, 0.00, 0.00, 20.93
11:19:42.331 , Vol+O2, 73881.00, 0.00, 0.00, 20.93
11:19:42.333 , Vol+O2, 73918.00, 0.00, 0.00, 20.93
11:19:42.333 , Vol+O2, 73955.00, 0.00, 0.00, 20.93
11:19:42.335 , Vol+O2, 73992.00, 0.00, 0.00, 20.93
11:19:42.363 , Vol+O2, 74029.00, 0.00, 0.00, 20.93
11:19:42.363 , Vol+O2, 74066.00, 0.00, 0.00, 20.93
11:19:42.372 , Vol+O2, 74103.00, 0.00, 0.00, 20.96
11:19:42.372 , Vol+O2, 74140.00, 0.00, 0.00, 20.96
11:19:42.374 , Vol+O2, 74177.00, 0.00, 0.00, 20.96
11:19:42.374 , Vol+O2, 74214.00, 0.00, 0.00, 20.96
11:19:42.413 , Vol+O2, 74251.00, 0.00, 0.00, 20.96
11:19:42.413 , Vol+O2, 74288.00, 0.00, 0.00, 20.93
11:19:42.414 , Vol+O2, 74325.00, 0.00, 0.00, 20.93
11:19:42.414 , Vol+O2, 74362.00, 0.00, 0.00, 20.93
11:19:42.420 , Vol+O2, 74399.00, 0.00, 0.00, 20.93
11:19:42.420 , Vol+O2, 74436.00, 0.00, 0.00, 20.93
11:19:42.420 , Vol+O2, 74473.00, 0.00, 0.00, 20.93
11:19:42.421 , Vol+O2, 74510.00, 0.00, 0.00, 20.93
11:19:42.422 , Vol+O2, 74547.00, 0.00, 0.00, 20.93
11:19:42.422 , Vol+O2, 74584.00, 0.00, 0.00, 20.93
11:19:42.422 , Vol+O2, 74621.00, 0.00, 0.00, 20.93
11:19:42.423 , Vol+O2, 74658.00, 0.00, 0.00, 20.93
11:19:42.423 , Vol+O2, 74695.00, 0.00, 0.00, 20.93
11:19:42.424 , Vol+O2, 74732.00, 0.00, 0.00, 20.93
11:19:42.424 , Vol+O2, 74769.00, 0.00, 0.00, 20.93
11:19:42.424 , Vol+O2, 74806.00, 0.00, 0.00, 20.93
11:19:42.424 , Vol+O2, 74843.00, 0.00, 0.00, 20.93
11:19:42.434 , Vol+O2, 74880.00, 0.00, 0.00, 20.93
11:19:42.434 , Vol+O2, 74917.00, 0.00, 0.00, 20.93
11:19:42.436 , Vol+O2, 74954.00, 0.00, 0.00, 20.93
11:19:42.436 , Vol+O2, 74991.00, 0.00, 0.00, 20.93
11:19:42.440 , Vol+O2, 75027.00, 0.00, 0.00, 20.93
11:19:42.440 , Vol+O2, 75064.00, 0.00, 0.00, 20.93
11:19:42.443 , Vol+O2, 75101.00, 0.00, 0.00, 20.93
11:19:42.443 , Vol+O2, 75138.00, 0.00, 0.00, 20.93
11:19:42.443 , Vol+O2, 75175.00, 0.00, 0.00, 20.93
11:19:42.445 , Vol+O2, 75212.00, 0.00, 0.00, 20.93
11:19:42.515 , Vol+O2, 75249.00, 0.00, 0.00, 20.93
11:19:42.515 , Vol+O2, 75286.00, 14.67, 0.24, 20.93
11:19:42.517 , Vol+O2, 75323.00, 17.55, 0.00, 20.93
11:19:42.517 , Vol+O2, 75360.00, 20.52, 0.00, 20.93
11:19:42.520 , Vol+O2, 75397.00, 24.12, 0.00, 20.93
11:19:42.520 , Vol+O2, 75434.00, 27.46, 0.00, 20.93
11:19:42.522 , Vol+O2, 75471.00, 32.88, 0.00, 20.94
11:19:47.677 , Vol+O2, 75508.00, 36.49, 0.00, 20.94
11:19:47.677 , Vol+O2, 75545.00, 35.71, 0.00, 20.94
11:19:47.677 , Vol+O2, 75582.00, 35.49, 0.00, 20.94
11:19:47.683 , Vol+O2, 75620.00, 31.81, 0.00, 20.94
11:19:47.685 , Vol+O2, 75658.00, 29.13, 0.00, 20.96
11:19:47.685 , Vol+O2, 75695.00, 29.63, 0.00, 20.96
11:19:47.686 , Vol+O2, 75731.00, 27.75, 0.00, 20.96
11:19:47.686 , Vol+O2, 75770.00, 25.02, 0.00, 20.96
11:19:47.687 , Vol+O2, 75806.00, 24.66, 0.00, 20.96
11:19:47.687 , Vol+O2, 75843.00, 25.48, 0.00, 20.96
11:19:47.693 , Vol+O2, 75880.00, 25.76, 0.00, 20.96
11:19:47.693 , Vol+O2, 75918.00, 22.81, 0.00, 20.96
11:19:47.694 , Vol+O2, 75955.00, 22.73, 0.00, 20.93
11:19:47.695 , Vol+O2, 75992.00, 18.75, 0.00, 20.93
11:19:47.695 , Vol+O2, 76029.00, 17.24, 0.00, 20.93
11:19:47.724 , Vol+O2, 76066.00, 16.93, 0.00, 20.93
11:19:47.724 , Vol+O2, 76103.00, 13.98, 0.00, 20.93
11:19:47.727 , Vol+O2, 76141.00, 10.55, 0.00, 20.93
11:19:47.727 , Vol+O2, 76178.00, 9.49, 0.00, 20.93
11:19:47.729 , Vol+O2, 76216.00, 7.08, 0.00, 20.93
11:19:47.729 , Vol+O2, 76253.00, 5.43, 0.00, 20.93
11:19:47.767 , Vol+O2, 76290.00, 5.64, 0.00, 20.93
11:19:47.767 , Vol+O2, 76327.00, 3.67, 0.00, 20.93
11:19:47.770 , Vol+O2, 76364.00, 2.73, 0.00, 20.93
11:19:47.770 , Vol+O2, 76401.00, 0.26, 0.00, 20.93
11:19:47.772 , Vol+O2, 76438.00, 0.00, 0.00, 20.93
11:19:47.772 , Vol+O2, 76475.00, 0.00, 0.00, 20.93
11:19:47.774 , Vol+O2, 76512.00, 0.00, 0.00, 20.93
11:19:47.774 , Vol+O2, 76548.00, 0.00, 0.00, 20.93
11:19:47.777 , Vol+O2, 76585.00, 0.00, 0.00, 20.93
11:19:47.777 , Vol+O2, 76622.00, 0.00, 0.00, 20.93
11:19:47.777 , Vol+O2, 76659.00, 0.38, 0.00, 20.93
11:19:47.777 , Vol+O2, 76696.00, 0.00, 0.00, 20.93
11:19:47.780 , Vol+O2, 76733.00, 17.55, 0.32, 20.93
11:19:47.780 , Vol+O2, 76770.00, 11.71, 0.00, 20.93
11:19:47.780 , Vol+O2, 76807.00, 16.17, 0.00, 20.93
11:19:47.782 , Vol+O2, 76844.00, 20.78, 0.00, 20.93
11:19:47.782 , Vol+O2, 76881.00, 22.81, 0.00, 20.93
11:19:47.791 , Vol+O2, 76918.00, 27.85, 0.00, 20.93
11:19:47.791 , Vol+O2, 76955.00, 33.09, 0.00, 20.93
11:19:47.796 , Vol+O2, 76992.00, 35.49, 0.00, 20.96
11:19:47.796 , Vol+O2, 77029.00, 30.56, 0.00, 20.96
11:19:47.797 , Vol+O2, 77066.00, 26.04, 0.00, 20.96
11:19:47.797 , Vol+O2, 77102.00, 26.98, 0.00, 20.96
11:19:47.799 , Vol+O2, 77139.00, 27.55, 0.00, 20.96
11:19:47.799 , Vol+O2, 77176.00, 27.36, 0.00, 20.93
11:19:47.802 , Vol+O2, 77213.00, 26.31, 0.00, 20.93
11:19:47.802 , Vol+O2, 77250.00, 25.24, 0.00, 20.93
11:19:47.802 , Vol+O2, 77287.00, 25.76, 0.00, 20.93
11:19:47.804 , Vol+O2, 77324.00, 24.40, 0.00, 20.93
11:19:47.831 , Vol+O2, 77361.00, 22.89, 0.00, 20.93
11:19:47.831 , Vol+O2, 77398.00, 21.20, 0.00, 20.93
11:19:47.833 , Vol+O2, 77435.00, 20.45, 0.00, 20.93
11:19:47.833 , Vol+O2, 77472.00, 19.07, 0.00, 20.93
11:19:47.836 , Vol+O2, 77509.00, 18.75, 0.00, 20.93
11:19:47.836 , Vol+O2, 77546.00, 16.48, 0.00, 20.93
11:19:47.837 , Vol+O2, 77583.00, 6.45, 0.00, 20.93
11:19:47.837 , Vol+O2, 77620.00, 0.00, 0.00, 20.93
11:19:47.833 , Vol+O2, 77657.00, 0.00, 0.00, 20.93
11:19:47.838 , Vol+O2, 77694.00, 0.00, 0.00, 20.93
11:19:47.840 , Vol+O2, 77731.00, 0.00, 0.00, 20.93
11:19:47.840 , Vol+O2, 77768.00, 0.00, 0.00, 20.96
11:19:47.846 , Vol+O2, 77805.00, 0.00, 0.00, 20.96
11:19:47.846 , Vol+O2, 77842.00, 0.00, 0.00, 20.96
11:19:47.848 , Vol+O2, 77879.00, 7.95, 0.00, 20.96
11:19:47.848 , Vol+O2, 77915.00, 13.12, 0.00, 20.96
11:19:47.850 , Vol+O2, 77952.00, 18.67, 0.00, 20.96
11:19:47.856 , Vol+O2, 77989.00, 23.16, 0.00, 20.96
11:19:47.856 , Vol+O2, 78026.00, 30.04, 0.00, 20.96
11:19:47.856 , Vol+O2, 78063.00, 34.28, 0.00, 20.93
11:19:47.860 , Vol+O2, 78100.00, 33.62, 0.00, 20.93
11:19:47.884 , Vol+O2, 78137.00, 33.41, 0.00, 20.93
11:19:47.884 , Vol+O2, 78174.00, 31.70, 0.00, 20.93
11:19:47.884 , Vol+O2, 78211.00, 29.84, 0.00, 20.96
11:19:47.920 , Vol+O2, 78248.00, 31.70, 0.00, 20.96
11:19:47.920 , Vol+O2, 78285.00, 30.35, 0.00, 20.96
11:19:47.921 , Vol+O2, 78321.00, 29.03, 0.00, 20.96
11:19:47.924 , Vol+O2, 78358.00, 29.94, 0.00, 20.96
11:19:47.924 , Vol+O2, 78395.00, 27.17, 0.00, 20.93
11:19:47.925 , Vol+O2, 78432.00, 28.13, 0.00, 20.93
11:19:47.925 , Vol+O2, 78469.00, 25.02, 0.00, 20.93
11:19:47.928 , Vol+O2, 78506.00, 24.66, 0.00, 20.93
11:19:47.928 , Vol+O2, 78543.00, 24.49, 0.00, 20.93
11:19:47.931 , Vol+O2, 78580.00, 23.86, 0.00, 20.93
11:19:47.931 , Vol+O2, 78617.00, 22.37, 0.00, 20.93
11:19:47.934 , Vol+O2, 78654.00, 22.73, 0.00, 20.93
11:19:47.934 , Vol+O2, 78691.00, 22.04, 0.00, 20.90
11:19:47.937 , Vol+O2, 78728.00, 21.03, 0.00, 20.90
11:19:47.937 , Vol+O2, 78765.00, 18.91, 0.00, 20.90
11:19:47.941 , Vol+O2, 78802.00, 12.66, 0.00, 20.90
11:19:47.941 , Vol+O2, 78839.00, 0.00, 0.00, 20.93
11:19:47.944 , Vol+O2, 78876.00, 0.00, 0.00, 20.93
11:19:47.944 , Vol+O2, 78913.00, 0.00, 0.00, 20.93
11:19:47.945 , Vol+O2, 78950.00, 0.00, 0.00, 20.93
11:19:47.945 , Vol+O2, 78987.00, 0.00, 0.00, 20.93
11:19:47.953 , Vol+O2, 79024.00, 0.00, 2.79, 20.93
11:19:47.953 , Vol+O2, 79061.00, 32.17, 0.00, 20.93
11:19:47.955 , Vol+O2, 79098.00, 31.29, 0.00, 20.93
11:19:47.955 , Vol+O2, 79134.00, 28.53, 0.00, 20.93
11:19:47.996 , Vol+O2, 79171.00, 22.46, 0.00, 20.93
11:19:47.996 , Vol+O2, 79208.00, 24.84, 0.00, 20.93
11:19:47.998 , Vol+O2, 79245.00, 28.63, 0.00, 20.93
11:19:47.998 , Vol+O2, 79282.00, 28.53, 0.00, 20.93
11:19:47.999 , Vol+O2, 79319.00, 27.08, 0.00, 20.93
11:19:47.999 , Vol+O2, 79356.00, 27.36, 0.00, 20.93
11:19:48.001 , Vol+O2, 79393.00, 26.98, 0.00, 20.93
11:19:48.001 , Vol+O2, 79430.00, 27.27, 0.00, 20.96
11:19:48.002 , Vol+O2, 79467.00, 27.46, 0.00, 20.96
11:19:48.002 , Vol+O2, 79504.00, 26.88, 0.00, 20.96
11:19:48.007 , Vol+O2, 79541.00, 27.55, 0.00, 20.96
11:19:48.007 , Vol+O2, 79578.00, 26.41, 0.00, 20.96
11:19:48.036 , Vol+O2, 79615.00, 25.58, 0.00, 20.93
11:19:48.036 , Vol+O2, 79652.00, 24.58, 0.00, 20.93
11:19:48.037 , Vol+O2, 79689.00, 23.80, 0.00, 20.93
11:19:48.037 , Vol+O2, 79726.00, 23.33, 0.00, 20.93
11:19:48.037 , Vol+O2, 79763.00, 21.56, 0.00, 20.96
11:19:48.074 , Vol+O2, 79800.00, 21.81, 0.00, 20.96
11:19:48.074 , Vol+O2, 79837.00, 19.15, 0.00, 20.96
11:19:48.077 , Vol+O2, 79874.00, 2.13, 0.00, 20.96
11:19:48.077 , Vol+O2, 79911.00, 0.00, 0.00, 20.96
11:19:48.079 , Vol+O2, 79948.00, 0.00, 0.00, 20.96
11:19:48.079 , Vol+O2, 79985.00, 0.00, 0.00, 20.96
11:19:48.081 , Vol+O2, 80022.00, 0.00, 0.00, 20.96
11:19:48.081 , Vol+O2, 80059.00, 0.00, 0.00, 20.96
11:19:48.081 , Vol+O2, 80096.00, 0.00, 0.32, 20.96
11:19:48.085 , Vol+O2, 80133.00, 9.26, 0.00, 20.96
11:19:48.086 , Vol+O2, 80170.00, 14.32, 0.00, 20.96
11:19:48.086 , Vol+O2, 80207.00, 19.48, 0.00, 20.93
11:19:48.088 , Vol+O2, 80244.00, 22.50, 0.00, 20.93
11:19:48.088 , Vol+O2, 80281.00, 25.29, 0.00, 20.93
11:19:48.090 , Vol+O2, 80318.00, 26.88, 0.00, 20.93
11:19:48.090 , Vol+O2, 80354.00, 27.75, 0.00, 20.93
11:19:48.097 , Vol+O2, 80391.00, 29.43, 0.00, 20.93
11:19:48.097 , Vol+O2, 80428.00, 29.74, 0.00, 20.93
11:19:48.100 , Vol+O2, 80465.00, 28.53, 0.00, 20.93
11:19:48.100 , Vol+O2, 80502.00, 27.98, 0.00, 20.93
11:19:48.107 , Vol+O2, 80539.00, 26.41, 0.00, 20.93
11:19:48.107 , Vol+O2, 80576.00, 27.46, 0.00, 20.93
11:19:48.109 , Vol+O2, 80613.00, 27.08, 0.00, 20.93
11:19:48.109 , Vol+O2, 80650.00, 29.03, 0.00, 20.93
11:19:48.109 , Vol+O2, 80687.00, 27.55, 0.00, 20.93
11:19:48.109 , Vol+O2, 80724.00, 27.94, 0.00, 20.93
11:19:48.126 , Vol+O2, 80761.00, 27.46, 0.00, 20.93
11:19:48.126 , Vol+O2, 80798.00, 25.76, 0.00, 20.96
11:19:48.127 , Vol+O2, 80835.00, 24.40, 0.00, 20.96
11:19:48.127 , Vol+O2, 80872.00, 23.71, 0.00, 20.96
11:19:48.135 , Vol+O2, 80909.00, 22.37, 0.00, 20.96
11:19:48.137 , Vol+O2, 80946.00, 23.16, 0.00, 20.96
11:19:48.137 , Vol+O2, 80983.00, 21.90, 0.00, 20.93
11:19:48.137 , Vol+O2, 81020.00, 21.03, 0.00, 20.93
11:19:48.140 , Vol+O2, 81057.00, 19.74, 0.00, 20.93
11:19:48.140 , Vol+O2, 81094.00, 1.92, 0.00, 20.93
11:19:48.143 , Vol+O2, 81131.00, 0.00, 0.00, 20.93
11:19:48.143 , Vol+O2, 81168.00, 0.00, 0.00, 20.93
11:19:53.127 , Vol+O2, 81209.00, 0.00, 0.00, 20.93
11:19:53.131 , Vol+O2, 81246.00, 0.00, 0.00, 20.93
11:19:53.139 , Vol+O2, 81283.00, 0.00, 0.00, 20.93
11:19:53.139 , Vol+O2, 81320.00, 0.00, 0.65, 20.93
11:19:53.140 , Vol+O2, 81357.00, 11.71, 0.00, 20.93
11:19:53.140 , Vol+O2, 81394.00, 16.05, 0.00, 20.93
11:19:53.143 , Vol+O2, 81432.00, 21.14, 0.00, 20.93
11:19:53.143 , Vol+O2, 81469.00, 28.53, 0.00, 20.93
11:19:53.145 , Vol+O2, 81506.00, 31.92, 0.00, 20.93
11:19:53.145 , Vol+O2, 81544.00, 35.26, 0.00, 20.93
11:19:53.145 , Vol+O2, 81580.00, 36.27, 0.00, 20.93
11:19:53.149 , Vol+O2, 81616.00, 35.53, 0.00, 20.93
11:19:53.149 , Vol+O2, 81653.00, 30.92, 0.00, 20.93
11:19:53.154 , Vol+O2, 81692.00, 29.74, 0.00, 20.93
11:19:53.154 , Vol+O2, 81730.00, 29.03, 0.00, 20.96
11:19:53.154 , Vol+O2, 81767.00, 30.04, 0.00, 20.96
11:19:53.157 , Vol+O2, 81807.00, 30.04, 0.00, 20.96
11:19:53.157 , Vol+O2, 81844.00, 28.27, 0.00, 20.96
11:19:53.158 , Vol+O2, 81881.00, 27.75, 0.00, 20.96
11:19:53.163 , Vol+O2, 81918.00, 27.08, 0.00, 20.96
11:19:53.163 , Vol+O2, 81955.00, 27.27, 0.00, 20.96
11:19:53.163 , Vol+O2, 81992.00, 26.13, 0.00, 20.96
11:19:53.165 , Vol+O2, 82029.00, 25.61, 0.00, 20.96
11:19:53.165 , Vol+O2, 82066.00, 23.77, 0.00, 20.96
11:19:53.201 , Vol+O2, 82103.00, 21.87, 0.00, 20.96
11:19:53.201 , Vol+O2, 82140.00, 11.96, 0.00, 20.96
11:19:53.203 , Vol+O2, 82176.00, 0.00, 0.00, 20.96
11:19:53.205 , Vol+O2, 82213.00, 0.30, 0.00, 20.96
11:19:53.205 , Vol+O2, 82250.00, 0.00, 0.00, 20.96
11:19:53.208 , Vol+O2, 82287.00, 0.00, 0.00, 20.96
11:19:53.208 , Vol+O2, 82324.00, 0.00, 0.00, 20.93
11:19:53.212 , Vol+O2, 82361.00, 0.00, 0.00, 20.93
11:19:53.212 , Vol+O2, 82398.00, 0.99, 0.00, 20.93
11:19:53.213 , Vol+O2, 82435.00, 12.30, 0.00, 20.93
11:19:53.213 , Vol+O2, 82472.00, 15.74, 0.00, 20.95
11:19:53.218 , Vol+O2, 82509.00, 20.95, 0.00, 20.95
11:19:53.218 , Vol+O2, 82546.00, 23.33, 0.00, 20.95
11:19:53.220 , Vol+O2, 82582.00, 28.73, 0.00, 20.95
11:19:53.220 , Vol+O2, 82619.00, 30.09, 0.00, 20.95
11:19:53.248 , Vol+O2, 82656.00, 34.00, 0.00, 20.95
11:19:53.248 , Vol+O2, 82693.00, 33.45, 0.00, 20.95
11:19:53.257 , Vol+O2, 82730.00, 33.56, 0.00, 20.95
11:19:53.257 , Vol+O2, 82767.00, 34.06, 0.00, 20.95
11:19:53.259 , Vol+O2, 82804.00, 30.25, 0.00, 20.93
11:19:53.259 , Vol+O2, 82841.00, 29.57, 0.00, 20.93
11:19:53.261 , Vol+O2, 82878.00, 29.63, 0.00, 20.93
11:19:53.261 , Vol+O2, 82915.00, 28.67, 0.00, 20.93
11:19:53.264 , Vol+O2, 82952.00, 27.65, 0.00, 20.96
11:19:53.264 , Vol+O2, 82989.00, 27.30, 0.00, 20.96
11:19:53.265 , Vol+O2, 83026.00, 26.98, 0.00, 20.96
11:19:53.265 , Vol+O2, 83063.00, 26.17, 0.00, 20.96
11:19:53.268 , Vol+O2, 83100.00, 26.04, 0.00, 20.93
11:19:53.268 , Vol+O2, 83137.00, 25.11, 0.00, 20.93
11:19:53.268 , Vol+O2, 83174.00, 24.34, 0.00, 20.93
11:19:53.270 , Vol+O2, 83211.00, 22.75, 0.00, 20.93
11:19:53.308 , Vol+O2, 83248.00, 22.89, 0.00, 20.93
11:19:53.308 , Vol+O2, 83285.00, 22.63, 0.00, 20.93
11:19:53.308 , Vol+O2, 83322.00, 22.21, 0.00, 20.93
11:19:53.310 , Vol+O2, 83359.00, 6.39, 0.00, 20.93
11:19:53.310 , Vol+O2, 83395.00, 0.00, 0.00, 20.93
11:19:53.310 , Vol+O2, 83432.00, 0.00, 0.00, 20.93
11:19:53.313 , Vol+O2, 83469.00, 0.00, 0.00, 20.93
11:19:53.313 , Vol+O2, 83506.00, 0.00, 0.00, 20.93
11:19:53.314 , Vol+O2, 83543.00, 0.00, 0.00, 20.93
11:19:53.314 , Vol+O2, 83580.00, 0.00, 0.00, 20.93
11:19:53.318 , Vol+O2, 83617.00, 34.98, 0.28, 20.93
11:19:53.318 , Vol+O2, 83654.00, 15.66, 0.00, 20.93
11:19:53.320 , Vol+O2, 83691.00, 24.40, 0.00, 20.96
11:19:53.320 , Vol+O2, 83728.00, 34.54, 0.00, 20.96
11:19:53.321 , Vol+O2, 83765.00, 35.05, 0.00, 20.96
11:19:53.321 , Vol+O2, 83801.00, 37.57, 0.00, 20.96
11:19:53.322 , Vol+O2, 83838.00, 36.38, 0.00, 20.96
11:19:53.357 , Vol+O2, 83875.00, 40.74, 0.00, 20.96
11:19:53.357 , Vol+O2, 83912.00, 38.02, 0.00, 20.96
11:19:53.359 , Vol+O2, 83949.00, 34.43, 0.00, 20.96
11:19:53.359 , Vol+O2, 83986.00, 32.70, 0.00, 20.96
11:19:53.363 , Vol+O2, 84023.00, 33.03, 0.00, 20.96
11:19:53.363 , Vol+O2, 84060.00, 32.28, 0.00, 20.96
11:19:53.365 , Vol+O2, 84097.00, 31.02, 0.00, 20.96
11:19:53.365 , Vol+O2, 84134.00, 30.77, 0.00, 20.96
11:19:53.366 , Vol+O2, 84171.00, 30.15, 0.00, 20.96
11:19:53.366 , Vol+O2, 84208.00, 28.53, 0.00, 20.96
11:19:53.368 , Vol+O2, 84245.00, 28.27, 0.00, 20.96
11:19:53.368 , Vol+O2, 84282.00, 26.73, 0.00, 20.96
11:19:53.372 , Vol+O2, 84319.00, 24.43, 0.00, 20.96
11:19:53.372 , Vol+O2, 84356.00, 22.12, 0.00, 20.96
11:19:53.375 , Vol+O2, 84393.00, 6.07, 0.00, 20.96
11:19:53.375 , Vol+O2, 84430.00, 0.00, 0.00, 20.96
11:19:53.403 , Vol+O2, 84467.00, 0.00, 0.00, 20.93
11:19:53.403 , Vol+O2, 84504.00, 0.00, 0.00, 20.93
11:19:53.473 , Vol+O2, 84541.00, 0.00, 0.00, 20.93
11:19:53.473 , Vol+O2, 84578.00, 0.00, 0.00, 20.93
11:19:53.475 , Vol+O2, 84614.00, 0.00, 0.00, 20.96
11:19:53.475 , Vol+O2, 84651.00, 12.88, 0.73, 20.96
11:19:53.478 , Vol+O2, 84688.00, 13.07, 0.00, 20.96
11:19:53.478 , Vol+O2, 84725.00, 20.48, 0.00, 20.96
11:19:53.480 , Vol+O2, 84762.00, 20.95, 0.00, 20.96
11:19:53.480 , Vol+O2, 84799.00, 25.39, 0.00, 20.96
11:19:53.481 , Vol+O2, 84836.00, 29.37, 0.00, 20.96
11:19:53.484 , Vol+O2, 84873.00, 31.75, 0.00, 20.96
11:19:53.484 , Vol+O2, 84910.00, 33.13, 0.00, 20.96
11:19:53.484 , Vol+O2, 84947.00, 34.98, 0.00, 20.96
11:19:53.484 , Vol+O2, 84984.00, 36.20, 0.00, 20.96
11:19:53.486 , Vol+O2, 85021.00, 37.34, 0.00, 20.96
11:19:53.486 , Vol+O2, 85058.00, 35.38, 0.00, 20.96
11:19:53.488 , Vol+O2, 85095.00, 35.09, 0.00, 20.96
11:19:53.488 , Vol+O2, 85132.00, 34.10, 0.00, 20.96
11:19:53.495 , Vol+O2, 85169.00, 34.88, 0.00, 20.96
11:19:53.495 , Vol+O2, 85206.00, 32.60, 0.00, 20.96
11:19:53.497 , Vol+O2, 85243.00, 32.17, 0.00, 20.96
11:19:53.497 , Vol+O2, 85280.00, 29.98, 0.00, 20.96
11:19:53.501 , Vol+O2, 85317.00, 27.69, 0.00, 20.96
11:19:53.501 , Vol+O2, 85354.00, 25.61, 0.00, 20.96
11:19:53.504 , Vol+O2, 85391.00, 26.04, 0.00, 20.93
11:19:53.504 , Vol+O2, 85428.00, 26.17, 0.00, 20.93
11:19:53.504 , Vol+O2, 85465.00, 26.35, 0.00, 20.93
11:19:53.504 , Vol+O2, 85502.00, 22.55, 0.00, 20.93
11:19:53.534 , Vol+O2, 85539.00, 22.07, 0.00, 20.93
11:19:53.599 , Vol+O2, 85576.00, 2.83, 0.00, 20.93
11:19:53.599 , Vol+O2, 85613.00, 0.00, 0.00, 20.93
11:19:53.600 , Vol+O2, 85650.00, 0.00, 0.00, 20.93
11:19:53.600 , Vol+O2, 85687.00, 0.00, 0.00, 20.96
11:19:53.600 , Vol+O2, 85724.00, 0.00, 0.00, 20.96
11:19:53.602 , Vol+O2, 85761.00, 2.96, 0.28, 20.96
11:19:53.604 , Vol+O2, 85798.00, 46.93, 0.00, 20.96
11:19:53.604 , Vol+O2, 85834.00, 25.98, 0.00, 20.77
11:19:53.606 , Vol+O2, 85871.00, 27.12, 0.00, 20.77
11:19:53.606 , Vol+O2, 85908.00, 33.62, 0.00, 20.77
11:19:53.609 , Vol+O2, 85945.00, 36.94, 0.00, 20.77
11:19:53.609 , Vol+O2, 85982.00, 39.42, 0.00, 20.93
11:19:53.615 , Vol+O2, 86019.00, 41.83, 0.00, 20.93
11:19:53.615 , Vol+O2, 86056.00, 36.54, 0.00, 20.93
11:19:53.618 , Vol+O2, 86093.00, 34.76, 0.00, 20.93
11:19:53.618 , Vol+O2, 86130.00, 37.68, 0.00, 20.96
11:19:53.620 , Vol+O2, 86167.00, 37.22, 0.00, 20.96
11:19:53.620 , Vol+O2, 86204.00, 39.85, 0.00, 20.96
11:19:53.624 , Vol+O2, 86241.00, 37.40, 0.00, 20.96
11:19:53.624 , Vol+O2, 86278.00, 35.42, 0.00, 20.96
11:19:53.626 , Vol+O2, 86315.00, 35.09, 0.00, 20.96
11:19:53.626 , Vol+O2, 86352.00, 32.66, 0.00, 20.96
11:19:53.663 , Vol+O2, 86389.00, 30.40, 0.00, 20.96
11:19:53.663 , Vol+O2, 86426.00, 28.57, 0.00, 20.96
11:19:53.665 , Vol+O2, 86463.00, 25.06, 0.00, 20.96
11:19:53.665 , Vol+O2, 86500.00, 23.27, 0.00, 20.96
11:19:53.702 , Vol+O2, 86537.00, 0.60, 0.00, 20.96
11:19:53.702 , Vol+O2, 86574.00, 0.26, 0.00, 20.96
11:19:53.704 , Vol+O2, 86611.00, 0.00, 0.00, 20.93
11:19:53.704 , Vol+O2, 86648.00, 0.00, 0.00, 20.93
11:19:53.707 , Vol+O2, 86685.00, 0.00, 0.00, 20.93
11:19:53.707 , Vol+O2, 86722.00, 0.00, 0.00, 20.93
11:19:53.709 , Vol+O2, 86759.00, 29.37, 0.00, 20.93
11:19:53.709 , Vol+O2, 86796.00, 35.31, 0.00, 20.93
11:19:53.709 , Vol+O2, 86833.00, 40.49, 0.00, 20.93
11:19:59.060 , Vol+O2, 86872.00, 44.29, 0.00, 20.93
11:19:59.062 , Vol+O2, 86912.00, 50.17, 0.00, 20.96
11:19:59.062 , Vol+O2, 86949.00, 51.56, 0.00, 20.96
11:19:59.062 , Vol+O2, 86989.00, 53.42, 0.00, 20.96
11:19:59.069 , Vol+O2, 87027.00, 51.42, 0.00, 20.96
11:19:59.069 , Vol+O2, 87064.00, 49.20, 0.00, 20.96
11:19:59.071 , Vol+O2, 87100.00, 45.75, 0.00, 20.96
11:19:59.072 , Vol+O2, 87137.00, 40.08, 0.00, 20.96
11:19:59.072 , Vol+O2, 87175.00, 36.65, 0.00, 20.96
11:19:59.072 , Vol+O2, 87212.00, 35.53, 0.00, 20.93
11:19:59.073 , Vol+O2, 87251.00, 33.67, 0.00, 20.93
11:19:59.073 , Vol+O2, 87287.00, 32.81, 0.00, 20.93
11:19:59.104 , Vol+O2, 87324.00, 31.65, 0.00, 20.93
11:19:59.104 , Vol+O2, 87362.00, 30.77, 0.00, 20.96
11:19:59.107 , Vol+O2, 87399.00, 28.57, 0.00, 20.96
11:19:59.107 , Vol+O2, 87436.00, 29.47, 0.00, 20.96
11:19:59.109 , Vol+O2, 87472.00, 29.67, 0.00, 20.96
11:19:59.109 , Vol+O2, 87508.00, 18.02, 0.00, 20.96
11:19:59.149 , Vol+O2, 87545.00, 0.90, 0.00, 20.96
11:19:59.149 , Vol+O2, 87582.00, 0.00, 0.00, 20.96
11:19:59.151 , Vol+O2, 87619.00, 0.00, 0.00, 20.96
11:19:59.151 , Vol+O2, 87656.00, 0.00, 0.00, 20.94
11:19:59.153 , Vol+O2, 87693.00, 0.00, 0.00, 20.94
11:19:59.153 , Vol+O2, 87730.00, 1.08, 0.00, 20.94
11:19:59.155 , Vol+O2, 87767.00, 42.20, 0.46, 20.94
11:19:59.155 , Vol+O2, 87804.00, 21.06, 0.00, 20.96
11:19:59.155 , Vol+O2, 87841.00, 19.82, 0.00, 20.96
11:19:59.158 , Vol+O2, 87878.00, 25.06, 0.00, 20.96
11:19:59.158 , Vol+O2, 87915.00, 30.09, 0.00, 20.96
11:19:59.164 , Vol+O2, 87952.00, 32.81, 0.00, 20.96
11:19:59.164 , Vol+O2, 87989.00, 29.88, 0.00, 20.96
11:19:59.165 , Vol+O2, 88026.00, 33.62, 0.00, 20.96
11:19:59.165 , Vol+O2, 88063.00, 32.70, 0.00, 20.96
11:19:59.167 , Vol+O2, 88100.00, 30.04, 0.00, 20.96
11:19:59.167 , Vol+O2, 88137.00, 31.29, 0.00, 20.96
11:19:59.168 , Vol+O2, 88174.00, 31.65, 0.00, 20.96
11:19:59.197 , Vol+O2, 88211.00, 30.70, 0.00, 20.96
11:19:59.197 , Vol+O2, 88248.00, 28.87, 0.00, 20.96
11:19:59.197 , Vol+O2, 88285.00, 28.18, 0.00, 20.96
11:19:59.214 , Vol+O2, 88322.00, 26.45, 0.00, 20.96
11:19:59.214 , Vol+O2, 88359.00, 25.06, 0.00, 20.96
11:19:59.217 , Vol+O2, 88396.00, 23.42, 0.00, 20.96
11:19:59.217 , Vol+O2, 88433.00, 22.58, 0.00, 20.95
11:19:59.245 , Vol+O2, 88470.00, 20.98, 0.00, 20.95
11:19:59.245 , Vol+O2, 88507.00, 20.40, 0.00, 20.95
11:19:59.247 , Vol+O2, 88544.00, 18.21, 0.00, 20.95
11:19:59.255 , Vol+O2, 88581.00, 17.03, 0.00, 20.96
11:19:59.255 , Vol+O2, 88618.00, 1.03, 0.37, 20.96
11:19:59.324 , Vol+O2, 88655.00, 0.00, 0.00, 20.96
11:19:59.324 , Vol+O2, 88692.00, 0.00, 0.00, 20.96
11:19:59.327 , Vol+O2, 88729.00, 0.00, 0.00, 20.96
11:19:59.327 , Vol+O2, 88766.00, 0.00, 0.00, 20.96
11:19:59.344 , Vol+O2, 88803.00, 0.00, 0.00, 20.96
11:19:59.344 , Vol+O2, 88840.00, 0.00, 0.00, 20.96
11:19:59.346 , Vol+O2, 88876.00, 19.99, 0.65, 20.96
11:19:59.376 , Vol+O2, 88913.00, 15.69, 0.00, 20.96
11:19:59.376 , Vol+O2, 88950.00, 17.81, 0.00, 20.96
11:19:59.378 , Vol+O2, 88987.00, 20.64, 0.00, 20.96
11:19:59.378 , Vol+O2, 89024.00, 25.98, 0.00, 20.93
11:19:59.380 , Vol+O2, 89061.00, 31.96, 0.00, 20.93
11:19:59.380 , Vol+O2, 89098.00, 35.65, 0.00, 20.93
11:19:59.383 , Vol+O2, 89135.00, 35.87, 0.00, 20.93
11:19:59.383 , Vol+O2, 89172.00, 34.65, 0.00, 20.96
11:19:59.385 , Vol+O2, 89209.00, 35.31, 0.00, 20.96
11:19:59.385 , Vol+O2, 89246.00, 36.09, 0.00, 20.96
11:19:59.387 , Vol+O2, 89283.00, 34.00, 0.00, 20.96
11:19:59.387 , Vol+O2, 89320.00, 32.92, 0.00, 20.96
11:19:59.389 , Vol+O2, 89357.00, 32.28, 0.00, 20.96
11:19:59.389 , Vol+O2, 89394.00, 31.23, 0.00, 20.96
11:19:59.395 , Vol+O2, 89431.00, 30.50, 0.00, 20.96
11:19:59.395 , Vol+O2, 89468.00, 31.23, 0.00, 20.96
11:19:59.397 , Vol+O2, 89505.00, 31.02, 0.00, 20.96
11:19:59.397 , Vol+O2, 89542.00, 31.43, 0.00, 20.96
11:19:59.400 , Vol+O2, 89579.00, 29.67, 0.00, 20.96
11:19:59.400 , Vol+O2, 89616.00, 27.21, 0.00, 20.96
11:19:59.403 , Vol+O2, 89653.00, 26.63, 0.00, 20.96
11:19:59.403 , Vol+O2, 89690.00, 25.88, 0.00, 20.96
11:19:59.409 , Vol+O2, 89727.00, 24.79, 0.00, 20.96
11:19:59.409 , Vol+O2, 89764.00, 8.14, 0.00, 20.96
11:19:59.411 , Vol+O2, 89801.00, 0.00, 0.00, 20.96
11:19:59.411 , Vol+O2, 89838.00, 0.00, 0.00, 20.96
11:19:59.452 , Vol+O2, 89875.00, 0.00, 0.00, 20.96
11:19:59.452 , Vol+O2, 89912.00, 0.00, 0.00, 20.96
11:19:59.453 , Vol+O2, 89949.00, 0.00, 0.00, 20.96
11:19:59.453 , Vol+O2, 89986.00, 0.00, 0.32, 20.96
11:19:59.455 , Vol+O2, 90023.00, 17.65, 0.00, 20.96
11:19:59.455 , Vol+O2, 90060.00, 31.54, 0.00, 20.96
11:19:59.458 , Vol+O2, 90097.00, 34.88, 0.00, 20.96
11:19:59.458 , Vol+O2, 90134.00, 37.90, 0.00, 20.96
11:19:59.461 , Vol+O2, 90171.00, 34.98, 0.00, 20.96
11:19:59.461 , Vol+O2, 90208.00, 37.79, 0.00, 20.96
11:19:59.463 , Vol+O2, 90244.00, 40.38, 0.00, 20.96
11:19:59.463 , Vol+O2, 90281.00, 39.08, 0.00, 20.96
11:19:59.469 , Vol+O2, 90318.00, 33.89, 0.00, 20.96
11:19:59.469 , Vol+O2, 90355.00, 31.33, 0.00, 20.96
11:19:59.472 , Vol+O2, 90392.00, 31.75, 0.00, 20.96
11:19:59.472 , Vol+O2, 90429.00, 29.78, 0.00, 20.96
11:19:59.474 , Vol+O2, 90466.00, 30.40, 0.00, 20.96
11:19:59.474 , Vol+O2, 90503.00, 26.54, 0.00, 20.96
11:19:59.474 , Vol+O2, 90540.00, 26.54, 0.00, 20.96
11:19:59.477 , Vol+O2, 90577.00, 24.97, 0.00, 20.96
11:19:59.477 , Vol+O2, 90614.00, 24.07, 0.00, 20.96
11:19:59.480 , Vol+O2, 90651.00, 21.14, 0.00, 20.96
11:19:59.522 , Vol+O2, 90688.00, 19.66, 0.00, 20.96
11:19:59.522 , Vol+O2, 90725.00, 18.46, 0.00, 20.96
11:19:59.524 , Vol+O2, 90762.00, 16.80, 0.00, 20.96
11:19:59.524 , Vol+O2, 90799.00, 9.91, 0.00, 20.96
11:19:59.527 , Vol+O2, 90836.00, 0.00, 0.00, 20.96
11:19:59.527 , Vol+O2, 90873.00, 0.00, 0.00, 20.96
11:19:59.529 , Vol+O2, 90910.00, 0.00, 0.00, 20.96
11:19:59.529 , Vol+O2, 90947.00, 0.00, 0.00, 20.96
11:19:59.529 , Vol+O2, 90984.00, 0.00, 0.00, 20.96
11:19:59.531 , Vol+O2, 91021.00, 2.05, 0.00, 20.96
11:19:59.531 , Vol+O2, 91058.00, 16.12, 0.00, 20.96
11:19:59.534 , Vol+O2, 91095.00, 19.99, 0.00, 20.96
11:19:59.534 , Vol+O2, 91132.00, 23.80, 0.00, 20.96
11:19:59.537 , Vol+O2, 91169.00, 26.54, 0.00, 20.96
11:19:59.540 , Vol+O2, 91206.00, 29.47, 0.00, 20.96
11:19:59.540 , Vol+O2, 91243.00, 34.21, 0.00, 20.96
11:19:59.543 , Vol+O2, 91280.00, 37.79, 0.00, 20.96
11:19:59.543 , Vol+O2, 91317.00, 37.68, 0.00, 20.96
11:19:59.543 , Vol+O2, 91354.00, 38.37, 0.00, 20.96
11:19:59.547 , Vol+O2, 91391.00, 39.08, 0.00, 20.96
11:19:59.548 , Vol+O2, 91428.00, 38.02, 0.00, 20.96
11:19:59.548 , Vol+O2, 91465.00, 36.88, 0.00, 20.96
11:19:59.553 , Vol+O2, 91502.00, 33.45, 0.00, 20.96
11:19:59.553 , Vol+O2, 91539.00, 33.89, 0.00, 20.96
11:19:59.607 , Vol+O2, 91576.00, 31.65, 0.00, 20.96
11:19:59.607 , Vol+O2, 91612.00, 31.65, 0.00, 20.96
11:19:59.609 , Vol+O2, 91649.00, 29.88, 0.00, 20.96
11:19:59.609 , Vol+O2, 91686.00, 30.09, 0.00, 20.96
11:19:59.613 , Vol+O2, 91723.00, 29.57, 0.00, 20.96
11:19:59.613 , Vol+O2, 91760.00, 28.67, 0.00, 20.94
11:19:59.615 , Vol+O2, 91797.00, 26.83, 0.00, 20.94
11:19:59.615 , Vol+O2, 91834.00, 25.70, 0.00, 20.94
11:19:59.616 , Vol+O2, 91871.00, 24.43, 0.00, 20.94
11:19:59.616 , Vol+O2, 91908.00, 9.91, 0.00, 20.96
11:19:59.619 , Vol+O2, 91945.00, 0.00, 0.00, 20.96
11:19:59.619 , Vol+O2, 91982.00, 0.00, 0.00, 20.96
11:19:59.621 , Vol+O2, 92019.00, 0.00, 0.00, 20.96
11:19:59.621 , Vol+O2, 92056.00, 0.00, 0.00, 20.96
11:19:59.628 , Vol+O2, 92093.00, 0.38, 0.00, 20.96
11:19:59.628 , Vol+O2, 92130.00, 0.00, 1.63, 20.96
11:19:59.629 , Vol+O2, 92167.00, 14.27, 0.00, 20.96
11:19:59.629 , Vol+O2, 92204.00, 21.64, 0.00, 20.96
11:19:59.634 , Vol+O2, 92241.00, 20.98, 0.00, 20.96
11:19:59.634 , Vol+O2, 92278.00, 25.70, 0.00, 20.96
11:19:59.637 , Vol+O2, 92315.00, 28.77, 0.00, 20.96
11:19:59.637 , Vol+O2, 92352.00, 29.17, 0.00, 20.96
11:20:04.645 , Vol+O2, 92389.00, 29.78, 0.00, 20.96
11:20:04.647 , Vol+O2, 92427.00, 28.57, 0.00, 20.96
11:20:04.649 , Vol+O2, 92464.00, 26.45, 0.00, 20.96
11:20:04.649 , Vol+O2, 92501.00, 28.87, 0.00, 20.96
11:20:04.649 , Vol+O2, 92538.00, 27.60, 0.00, 20.96
11:20:04.649 , Vol+O2, 92575.00, 25.61, 0.00, 20.96
11:20:04.652 , Vol+O2, 92612.00, 26.73, 0.00, 20.96
11:20:04.652 , Vol+O2, 92649.00, 27.02, 0.00, 20.96
11:20:04.654 , Vol+O2, 92686.00, 26.17, 0.00, 20.96
11:20:04.654 , Vol+O2, 92723.00, 26.08, 0.00, 20.96
11:20:04.654 , Vol+O2, 92760.00, 24.70, 0.00, 20.96
11:20:04.657 , Vol+O2, 92797.00, 24.70, 0.00, 20.96
11:20:04.657 , Vol+O2, 92834.00, 23.36, 0.00, 20.96
11:20:04.660 , Vol+O2, 92873.00, 21.31, 0.00, 20.96
11:20:04.660 , Vol+O2, 92910.00, 19.58, 0.00, 20.96
11:20:04.713 , Vol+O2, 92948.00, 17.81, 0.00, 20.96
11:20:04.713 , Vol+O2, 92985.00, 10.27, 0.00, 20.96
11:20:04.714 , Vol+O2, 93022.00, 0.00, 0.00, 20.96
11:20:04.714 , Vol+O2, 93059.00, 0.26, 0.00, 20.96
11:20:04.715 , Vol+O2, 93096.00, 0.22, 0.00, 20.96
11:20:04.715 , Vol+O2, 93134.00, 0.00, 0.00, 20.96
11:20:04.716 , Vol+O2, 93170.00, 0.00, 0.00, 20.96
11:20:04.716 , Vol+O2, 93208.00, 4.70, 0.00, 20.96
11:20:04.718 , Vol+O2, 93245.00, 19.02, 0.00, 20.96
11:20:04.725 , Vol+O2, 93281.00, 26.45, 0.00, 20.96
11:20:04.725 , Vol+O2, 93317.00, 28.57, 0.00, 20.96
11:20:04.729 , Vol+O2, 93354.00, 32.92, 0.00, 20.96
11:20:04.729 , Vol+O2, 93390.00, 36.54, 0.00, 20.96
11:20:04.731 , Vol+O2, 93427.00, 38.14, 0.00, 20.96
11:20:04.731 , Vol+O2, 93464.00, 38.72, 0.00, 20.96
11:20:04.734 , Vol+O2, 93501.00, 36.31, 0.00, 20.96
11:20:04.734 , Vol+O2, 93538.00, 37.79, 0.00, 20.96
11:20:04.737 , Vol+O2, 93575.00, 37.68, 0.00, 20.96
11:20:04.737 , Vol+O2, 93612.00, 36.54, 0.00, 20.96
11:20:04.741 , Vol+O2, 93649.00, 34.54, 0.00, 20.96
11:20:04.741 , Vol+O2, 93686.00, 33.13, 0.00, 20.96
11:20:04.744 , Vol+O2, 93723.00, 30.50, 0.00, 20.96
11:20:04.744 , Vol+O2, 93760.00, 31.43, 0.00, 20.96
11:20:04.748 , Vol+O2, 93797.00, 29.37, 0.00, 20.96
11:20:04.748 , Vol+O2, 93834.00, 29.17, 0.00, 20.96
11:20:04.751 , Vol+O2, 93871.00, 27.98, 0.00, 20.96
11:20:04.751 , Vol+O2, 93908.00, 27.69, 0.00, 20.96
11:20:04.788 , Vol+O2, 93945.00, 26.35, 0.00, 20.96
11:20:04.788 , Vol+O2, 93982.00, 25.42, 0.00, 20.96
11:20:04.791 , Vol+O2, 94019.00, 24.07, 0.00, 20.96
11:20:04.791 , Vol+O2, 94056.00, 17.03, 0.00, 20.96
11:20:04.797 , Vol+O2, 94093.00, 0.43, 0.00, 20.96
11:20:04.797 , Vol+O2, 94130.00, 0.00, 0.00, 20.96
11:20:04.799 , Vol+O2, 94167.00, 0.00, 0.00, 20.96
11:20:04.799 , Vol+O2, 94204.00, 0.00, 0.00, 20.96
11:20:04.803 , Vol+O2, 94241.00, 0.00, 0.00, 20.96
11:20:04.803 , Vol+O2, 94278.00, 1.28, 0.00, 20.96
11:20:04.805 , Vol+O2, 94315.00, 33.45, 0.24, 20.96
11:20:04.805 , Vol+O2, 94352.00, 20.64, 0.00, 20.96
11:20:04.806 , Vol+O2, 94389.00, 22.50, 0.00, 20.96
11:20:04.806 , Vol+O2, 94426.00, 28.08, 0.00, 20.96
11:20:04.809 , Vol+O2, 94463.00, 30.19, 0.00, 20.96
11:20:04.809 , Vol+O2, 94499.00, 33.35, 0.00, 20.96
11:20:04.811 , Vol+O2, 94536.00, 35.53, 0.00, 20.96
11:20:04.811 , Vol+O2, 94573.00, 32.70, 0.00, 20.96
11:20:04.811 , Vol+O2, 94610.00, 32.49, 0.00, 20.96
11:20:04.811 , Vol+O2, 94647.00, 28.08, 0.00, 20.96
11:20:04.818 , Vol+O2, 94684.00, 25.33, 0.00, 20.96
11:20:04.818 , Vol+O2, 94721.00, 23.98, 0.00, 20.96
11:20:04.820 , Vol+O2, 94758.00, 24.87, 0.00, 20.96
11:20:04.820 , Vol+O2, 94795.00, 25.42, 0.00, 20.96
11:20:04.820 , Vol+O2, 94832.00, 23.80, 0.00, 20.96
11:20:04.822 , Vol+O2, 94869.00, 22.50, 0.00, 20.96
11:20:04.842 , Vol+O2, 94905.00, 21.23, 0.00, 20.96
11:20:04.842 , Vol+O2, 94942.00, 20.56, 0.00, 20.96
11:20:04.844 , Vol+O2, 94979.00, 19.10, 0.00, 20.95
11:20:04.844 , Vol+O2, 95016.00, 18.94, 0.00, 20.95
11:20:04.845 , Vol+O2, 95053.00, 17.34, 0.00, 20.95
11:20:04.845 , Vol+O2, 95090.00, 15.47, 0.00, 20.95
11:20:04.847 , Vol+O2, 95127.00, 14.35, 0.00, 20.96
11:20:04.849 , Vol+O2, 95164.00, 1.70, 0.00, 20.96
11:20:04.849 , Vol+O2, 95201.00, 0.00, 0.00, 20.96
11:20:04.852 , Vol+O2, 95238.00, 0.00, 0.00, 20.96
11:20:04.852 , Vol+O2, 95275.00, 0.00, 0.00, 20.96
11:20:04.852 , Vol+O2, 95312.00, 0.00, 0.00, 20.96
11:20:04.852 , Vol+O2, 95349.00, 0.00, 0.00, 20.96
11:20:04.855 , Vol+O2, 95386.00, 4.80, 0.00, 20.96
11:20:04.855 , Vol+O2, 95423.00, 21.14, 0.00, 20.96
11:20:04.858 , Vol+O2, 95460.00, 24.70, 0.00, 20.96
11:20:04.858 , Vol+O2, 95497.00, 26.26, 0.00, 20.96
11:20:04.858 , Vol+O2, 95534.00, 30.50, 0.00, 20.96
11:20:04.864 , Vol+O2, 95571.00, 33.35, 0.00, 20.96
11:20:04.864 , Vol+O2, 95608.00, 37.45, 0.00, 20.96
11:20:04.866 , Vol+O2, 95645.00, 36.88, 0.00, 20.96
11:20:04.866 , Vol+O2, 95682.00, 36.99, 0.00, 20.96
11:20:04.869 , Vol+O2, 95718.00, 35.53, 0.00, 20.96
11:20:04.869 , Vol+O2, 95755.00, 35.87, 0.00, 20.96
11:20:04.872 , Vol+O2, 95792.00, 30.29, 0.00, 20.96
11:20:04.872 , Vol+O2, 95829.00, 31.12, 0.00, 20.96
11:20:04.878 , Vol+O2, 95866.00, 29.57, 0.00, 20.96
11:20:04.878 , Vol+O2, 95903.00, 30.70, 0.00, 20.96
11:20:04.879 , Vol+O2, 95940.00, 30.60, 0.00, 20.96
11:20:04.879 , Vol+O2, 95977.00, 28.37, 0.00, 20.96
11:20:04.886 , Vol+O2, 96014.00, 27.79, 0.00, 20.96
11:20:04.886 , Vol+O2, 96051.00, 28.57, 0.00, 20.96
11:20:04.886 , Vol+O2, 96088.00, 26.35, 0.00, 20.96
11:20:04.888 , Vol+O2, 96125.00, 26.73, 0.00, 20.96
11:20:04.888 , Vol+O2, 96162.00, 27.98, 0.00, 20.96
11:20:04.890 , Vol+O2, 96199.00, 27.79, 0.00, 20.96
11:20:04.890 , Vol+O2, 96236.00, 27.40, 0.00, 20.96
11:20:04.892 , Vol+O2, 96273.00, 4.07, 0.00, 20.96
11:20:04.892 , Vol+O2, 96310.00, 0.00, 0.00, 20.96
11:20:04.895 , Vol+O2, 96347.00, 0.00, 0.00, 20.96
11:20:04.895 , Vol+O2, 96384.00, 0.00, 0.00, 20.96
11:20:04.899 , Vol+O2, 96421.00, 0.00, 0.00, 20.96
11:20:04.899 , Vol+O2, 96458.00, 0.00, 0.00, 20.96
11:20:04.927 , Vol+O2, 96495.00, 0.00, 0.00, 20.96
11:20:04.927 , Vol+O2, 96532.00, 7.00, 0.00, 20.96
11:20:04.929 , Vol+O2, 96569.00, 11.79, 0.00, 20.96
11:20:04.929 , Vol+O2, 96606.00, 20.32, 0.00, 20.96
11:20:04.967 , Vol+O2, 96643.00, 26.83, 0.00, 20.96
11:20:04.967 , Vol+O2, 96680.00, 26.73, 0.00, 20.96
11:20:04.970 , Vol+O2, 96717.00, 29.07, 0.00, 20.96
11:20:04.970 , Vol+O2, 96754.00, 35.42, 0.00, 20.96
11:20:04.971 , Vol+O2, 96791.00, 37.45, 0.00, 20.99
11:20:04.971 , Vol+O2, 96828.00, 37.45, 0.00, 20.99
11:20:04.972 , Vol+O2, 96865.00, 34.88, 0.00, 20.99
11:20:04.972 , Vol+O2, 96902.00, 31.54, 0.00, 20.99
11:20:04.974 , Vol+O2, 96938.00, 29.67, 0.00, 20.96
11:20:04.974 , Vol+O2, 96975.00, 29.98, 0.00, 20.96
11:20:04.975 , Vol+O2, 97012.00, 28.67, 0.00, 20.96
11:20:04.978 , Vol+O2, 97049.00, 27.69, 0.00, 20.96
11:20:04.978 , Vol+O2, 97086.00, 26.83, 0.00, 20.96
11:20:04.979 , Vol+O2, 97123.00, 27.60, 0.00, 20.96
11:20:04.979 , Vol+O2, 97160.00, 25.33, 0.00, 20.96
11:20:04.981 , Vol+O2, 97197.00, 24.43, 0.00, 20.96
11:20:04.981 , Vol+O2, 97234.00, 23.45, 0.00, 20.96
11:20:04.984 , Vol+O2, 97271.00, 22.58, 0.00, 20.96
11:20:04.984 , Vol+O2, 97308.00, 21.39, 0.00, 20.96
11:20:04.989 , Vol+O2, 97345.00, 6.57, 0.00, 20.96
11:20:04.989 , Vol+O2, 97382.00, 0.00, 0.00, 21.02
11:20:05.043 , Vol+O2, 97419.00, 0.00, 0.00, 21.02
11:20:05.043 , Vol+O2, 97456.00, 0.00, 0.00, 21.02
11:20:05.044 , Vol+O2, 97492.00, 0.00, 0.00, 21.02
11:20:05.044 , Vol+O2, 97529.00, 0.00, 0.00, 21.02
11:20:05.066 , Vol+O2, 97566.00, 0.00, 0.00, 20.96
11:20:05.066 , Vol+O2, 97603.00, 0.00, 0.00, 20.96
11:20:05.091 , Vol+O2, 97640.00, 0.00, 0.00, 20.96
11:20:05.091 , Vol+O2, 97677.00, 0.00, 0.00, 20.96
11:20:05.107 , Vol+O2, 97714.00, 0.00, 0.00, 20.95
11:20:05.108 , Vol+O2, 97751.00, 0.00, 0.00, 20.95
11:20:05.108 , Vol+O2, 97788.00, 0.00, 0.00, 20.95
11:20:05.112 , Vol+O2, 97825.00, 0.00, 0.00, 20.95
11:20:05.112 , Vol+O2, 97862.00, 0.00, 0.00, 20.96
11:20:05.115 , Vol+O2, 97899.00, 0.00, 0.00, 20.96
11:20:05.115 , Vol+O2, 97936.00, 0.00, 0.00, 20.96
11:20:05.115 , Vol+O2, 97973.00, 0.00, 0.00, 20.96
11:20:05.115 , Vol+O2, 98010.00, 0.00, 0.00, 20.96
11:20:05.116 , Vol+O2, 98047.00, 0.00, 0.00, 20.96
11:20:05.116 , Vol+O2, 98084.00, 0.00, 0.00, 20.96
11:20:05.118 , Vol+O2, 98121.00, 0.00, 0.00, 20.96
11:20:05.118 , Vol+O2, 98158.00, 0.00, 0.00, 20.96
11:20:05.127 , Vol+O2, 98195.00, 0.00, 0.00, 20.96
11:20:05.127 , Vol+O2, 98232.00, 0.00, 0.00, 20.96
11:20:05.130 , Vol+O2, 98269.00, 0.00, 0.00, 20.96
11:20:05.130 , Vol+O2, 98305.00, 0.00, 0.00, 20.96
11:20:05.132 , Vol+O2, 98342.00, 0.00, 0.00, 20.96
11:20:10.446 , Vol+O2, 98380.00, 0.00, 0.00, 20.96
11:20:10.449 , Vol+O2, 98416.00, 0.00, 0.00, 20.96
11:20:10.452 , Vol+O2, 98454.00, 0.00, 0.00, 20.95
11:20:10.452 , Vol+O2, 98491.00, 0.00, 0.00, 20.95
11:20:10.454 , Vol+O2, 98528.00, 0.00, 0.00, 20.95
11:20:10.454 , Vol+O2, 98567.00, 0.00, 0.00, 20.95
11:20:10.454 , Vol+O2, 98605.00, 0.00, 0.00, 20.96
11:20:10.454 , Vol+O2, 98644.00, 0.00, 0.00, 20.96
11:20:10.456 , Vol+O2, 98682.00, 0.00, 0.00, 20.96
11:20:10.456 , Vol+O2, 98720.00, 0.00, 0.00, 20.96
11:20:10.457 , Vol+O2, 98757.00, 0.00, 0.00, 20.96
11:20:10.457 , Vol+O2, 98794.00, 0.00, 0.00, 20.96
11:20:10.457 , Vol+O2, 98831.00, 0.00, 0.00, 20.96
11:20:10.454 , Vol+O2, 98868.00, 0.00, 0.00, 20.96
11:20:10.459 , Vol+O2, 98905.00, 0.00, 0.00, 20.96
11:20:10.462 , Vol+O2, 98942.00, 0.00, 0.00, 20.96
11:20:10.462 , Vol+O2, 98979.00, 0.00, 0.00, 20.96
11:20:10.466 , Vol+O2, 99016.00, 0.00, 0.00, 20.96
11:20:10.490 , Vol+O2, 99053.00, 0.00, 0.00, 20.96
11:20:10.490 , Vol+O2, 99090.00, 0.00, 0.00, 20.96
11:20:10.492 , Vol+O2, 99127.00, 0.00, 0.00, 20.96
11:20:10.492 , Vol+O2, 99164.00, 0.00, 0.00, 20.96
11:20:10.492 , Vol+O2, 99201.00, 0.00, 0.00, 20.96
11:20:10.492 , Vol+O2, 99238.00, 0.00, 0.00, 20.99
11:20:10.495 , Vol+O2, 99275.00, 0.00, 0.00, 20.99
11:20:10.495 , Vol+O2, 99312.00, 0.00, 0.00, 20.99
11:20:10.497 , Vol+O2, 99349.00, 0.00, 0.00, 20.99
11:20:10.497 , Vol+O2, 99386.00, 0.00, 0.00, 20.96
11:20:10.536 , Vol+O2, 99423.00, 0.00, 0.00, 20.96
11:20:10.536 , Vol+O2, 99460.00, 0.00, 0.00, 20.96
11:20:10.538 , Vol+O2, 99497.00, 0.00, 0.00, 20.96
11:20:10.538 , Vol+O2, 99534.00, 0.00, 0.00, 20.96
11:20:10.540 , Vol+O2, 99571.00, 0.00, 0.00, 20.96
11:20:10.540 , Vol+O2, 99608.00, 0.00, 0.00, 20.96
11:20:10.542 , Vol+O2, 99645.00, 0.00, 0.00, 20.96
11:20:10.542 , Vol+O2, 99682.00, 0.00, 0.00, 20.96
11:20:10.547 , Vol+O2, 99719.00, 0.00, 0.00, 20.96
11:20:10.547 , Vol+O2, 99756.00, 0.00, 0.00, 20.96
11:20:10.549 , Vol+O2, 99793.00, 0.00, 0.00, 20.96
11:20:10.549 , Vol+O2, 99829.00, 0.00, 0.00, 20.96
11:20:10.551 , Vol+O2, 99866.00, 0.00, 0.00, 20.96
11:20:10.551 , Vol+O2, 99903.00, 0.00, 0.00, 20.96
11:20:10.558 , Vol+O2, 99940.00, 0.00, 0.00, 20.96
11:20:10.558 , Vol+O2, 99977.00, 0.00, 0.00, 20.96
11:20:10.566 , Vol+O2, 100014.00, 0.00, 0.00, 20.96
11:20:10.566 , Vol+O2, 100051.00, 0.00, 0.00, 20.96
11:20:10.568 , Vol+O2, 100088.00, 0.00, 0.00, 20.96
11:20:10.568 , Vol+O2, 100125.00, 0.00, 0.00, 20.99
11:20:10.570 , Vol+O2, 100162.00, 0.00, 0.00, 20.99
11:20:10.570 , Vol+O2, 100199.00, 0.00, 0.00, 20.99
11:20:10.571 , Vol+O2, 100235.00, 0.00, 0.00, 20.99
11:20:10.571 , Vol+O2, 100272.00, 0.00, 0.00, 20.99
11:20:10.581 , Vol+O2, 100309.00, 0.00, 0.00, 20.96
11:20:10.581 , Vol+O2, 100346.00, 0.00, 0.00, 20.96
11:20:10.584 , Vol+O2, 100383.00, 0.00, 0.00, 20.96
11:20:10.584 , Vol+O2, 100420.00, 0.00, 0.00, 20.96
11:20:10.585 , Vol+O2, 100457.00, 0.00, 0.00, 20.96
11:20:10.587 , Vol+O2, 100494.00, 0.00, 0.00, 20.96
11:20:10.587 , Vol+O2, 100531.00, 0.00, 0.00, 20.96
11:20:10.588 , Vol+O2, 100568.00, 0.00, 0.00, 20.96
11:20:10.588 , Vol+O2, 100605.00, 0.00, 0.00, 20.96
11:20:10.590 , Vol+O2, 100642.00, 0.00, 0.00, 20.96
11:20:10.590 , Vol+O2, 100679.00, 0.00, 0.00, 20.96
11:20:10.598 , Vol+O2, 100716.00, 0.00, 0.00, 20.96
11:20:10.598 , Vol+O2, 100753.00, 0.00, 0.00, 20.96
11:20:10.598 , Vol+O2, 100790.00, 0.00, 0.00, 20.96
11:20:10.601 , Vol+O2, 100827.00, 0.00, 0.00, 20.96
11:20:10.601 , Vol+O2, 100864.00, 0.00, 0.00, 20.96
11:20:10.603 , Vol+O2, 100901.00, 0.00, 0.00, 20.96
11:20:10.603 , Vol+O2, 100938.00, 0.00, 0.00, 20.96
11:20:10.605 , Vol+O2, 100975.00, 0.00, 0.00, 20.96
11:20:10.605 , Vol+O2, 101012.00, 0.00, 0.00, 20.96
11:20:10.610 , Vol+O2, 101048.00, 0.00, 0.00, 20.96
11:20:10.610 , Vol+O2, 101085.00, 0.00, 0.00, 20.96
11:20:10.614 , Vol+O2, 101122.00, 0.00, 0.00, 20.96
11:20:10.614 , Vol+O2, 101159.00, 0.00, 0.00, 20.96
11:20:10.617 , Vol+O2, 101196.00, 0.00, 0.00, 20.96
11:20:10.617 , Vol+O2, 101233.00, 0.00, 0.00, 20.96
11:20:10.657 , Vol+O2, 101270.00, 0.00, 0.00, 20.96
11:20:10.657 , Vol+O2, 101307.00, 0.00, 0.00, 20.96
11:20:10.660 , Vol+O2, 101344.00, 0.00, 0.00, 21.02
11:20:10.660 , Vol+O2, 101381.00, 0.00, 0.00, 21.02
11:20:10.676 , Vol+O2, 101418.00, 0.00, 0.00, 21.02
11:20:10.676 , Vol+O2, 101455.00, 0.00, 0.00, 21.02
11:20:10.692 , Vol+O2, 101492.00, 0.00, 0.00, 21.02
11:20:10.692 , Vol+O2, 101529.00, 0.00, 0.00, 20.96
11:20:10.739 , Vol+O2, 101566.00, 0.00, 0.00, 20.96
11:20:10.739 , Vol+O2, 101603.00, 0.00, 0.00, 20.96
11:20:10.740 , Vol+O2, 101640.00, 0.00, 0.00, 20.96
11:20:10.740 , Vol+O2, 101677.00, 0.00, 0.00, 20.96
11:20:10.745 , Vol+O2, 101714.00, 0.00, 0.00, 20.96
11:20:10.745 , Vol+O2, 101751.00, 0.00, 0.00, 20.96
11:20:10.745 , Vol+O2, 101788.00, 0.00, 0.00, 20.96
11:20:10.747 , Vol+O2, 101825.00, 0.00, 0.00, 20.96
11:20:10.745 , Vol+O2, 101862.00, 0.00, 0.00, 20.96
11:20:10.747 , Vol+O2, 101899.00, 0.00, 0.00, 20.96
11:20:10.747 , Vol+O2, 101936.00, 0.00, 0.00, 20.96
11:20:10.747 , Vol+O2, 101973.00, 0.00, 0.00, 20.96
11:20:10.756 , Vol+O2, 102010.00, 0.00, 0.00, 20.96
11:20:10.756 , Vol+O2, 102047.00, 0.00, 0.00, 20.96
11:20:10.760 , Vol+O2, 102084.00, 0.00, 0.00, 20.96
11:20:10.760 , Vol+O2, 102121.00, 0.00, 0.00, 20.96
11:20:10.762 , Vol+O2, 102158.00, 0.00, 0.00, 20.96
11:20:10.762 , Vol+O2, 102195.00, 0.00, 0.00, 20.96
11:20:10.765 , Vol+O2, 102232.00, 0.00, 0.00, 20.96
11:20:10.765 , Vol+O2, 102268.00, 0.00, 0.00, 20.96
11:20:10.767 , Vol+O2, 102305.00, 0.00, 0.00, 20.96
11:20:10.767 , Vol+O2, 102342.00, 0.00, 0.00, 20.96
11:20:10.773 , Vol+O2, 102379.00, 0.00, 0.00, 20.96
11:20:10.773 , Vol+O2, 102416.00, 0.00, 0.00, 20.96
11:20:10.777 , Vol+O2, 102453.00, 0.00, 0.00, 20.96
11:20:10.777 , Vol+O2, 102490.00, 0.00, 0.00, 20.96
11:20:10.816 , Vol+O2, 102527.00, 0.00, 0.00, 20.96
11:20:10.816 , Vol+O2, 102564.00, 0.00, 0.00, 20.96
11:20:10.818 , Vol+O2, 102601.00, 0.00, 0.00, 20.96
11:20:10.818 , Vol+O2, 102638.00, 0.00, 0.00, 20.96
11:20:10.819 , Vol+O2, 102675.00, 0.00, 0.00, 20.96
11:20:10.819 , Vol+O2, 102712.00, 0.00, 0.00, 20.99
11:20:10.821 , Vol+O2, 102749.00, 0.00, 0.00, 20.99
11:20:10.821 , Vol+O2, 102786.00, 0.00, 0.00, 20.99
11:20:10.823 , Vol+O2, 102822.00, 0.00, 0.00, 20.99
11:20:10.823 , Vol+O2, 102859.00, 0.00, 0.00, 20.99
11:20:10.828 , Vol+O2, 102896.00, 0.00, 0.00, 20.99
11:20:10.828 , Vol+O2, 102933.00, 0.00, 0.00, 20.99
11:20:10.853 , Vol+O2, 102970.00, 0.00, 0.00, 20.99
11:20:10.856 , Vol+O2, 103007.00, 0.00, 0.00, 20.99
11:20:10.856 , Vol+O2, 103044.00, 0.00, 0.00, 20.96
11:20:10.857 , Vol+O2, 103081.00, 0.00, 0.00, 20.96
11:20:10.857 , Vol+O2, 103118.00, 0.00, 0.00, 20.96
11:20:10.858 , Vol+O2, 103155.00, 0.00, 0.00, 20.96
11:20:10.858 , Vol+O2, 103192.00, 0.00, 0.00, 20.96
11:20:10.874 , Vol+O2, 103229.00, 0.00, 0.00, 20.96
11:20:10.874 , Vol+O2, 103266.00, 0.00, 0.00, 20.96
11:20:10.878 , Vol+O2, 103303.00, 0.00, 0.00, 20.96
11:20:10.878 , Vol+O2, 103340.00, 0.00, 0.00, 20.96
11:20:10.904 , Vol+O2, 103377.00, 0.00, 0.00, 20.96
11:20:10.905 , Vol+O2, 103414.00, 0.00, 0.00, 20.96
11:20:10.905 , Vol+O2, 103451.00, 0.00, 0.00, 20.96
11:20:10.905 , Vol+O2, 103488.00, 0.00, 0.00, 20.96
11:20:10.905 , Vol+O2, 103525.00, 0.00, 0.00, 20.96
11:20:10.908 , Vol+O2, 103562.00, 0.00, 0.00, 20.96
11:20:10.908 , Vol+O2, 103599.00, 0.00, 0.00, 20.96
11:20:10.909 , Vol+O2, 103635.00, 0.00, 0.00, 20.96
11:20:10.909 , Vol+O2, 103672.00, 0.00, 0.00, 20.96
11:20:10.916 , Vol+O2, 103709.00, 0.00, 0.00, 20.96
11:20:10.916 , Vol+O2, 103746.00, 0.00, 0.00, 20.96
11:20:10.919 , Vol+O2, 103783.00, 0.00, 0.00, 20.96
11:20:10.919 , Vol+O2, 103820.00, 0.00, 0.00, 20.96
