14:27:29.474 , Vol+O2, 1093071.00, 0.00, 7.86, 15.56
14:27:29.474 , Vol+O2, 1093108.00, 0.00, 2.01, 15.56
14:27:29.474 , Vol+O2, 1093145.00, 0.00, 0.00, 15.59
14:27:29.474 , Vol+O2, 1093182.00, 2.22, 0.00, 15.59
14:27:29.476 , Vol+O2, 1093218.00, 10.15, 0.00, 15.59
14:27:29.476 , Vol+O2, 1093255.00, 16.42, 0.00, 15.59
14:27:29.481 , Vol+O2, 1093292.00, 25.80, 0.00, 15.65
14:27:29.481 , Vol+O2, 1093329.00, 31.23, 0.00, 15.65
14:27:29.485 , Vol+O2, 1093366.00, 34.43, 0.00, 15.65
14:27:29.485 , Vol+O2, 1093403.00, 47.20, 0.00, 15.65
14:27:29.488 , Vol+O2, 1093440.00, 54.72, 0.00, 15.65
14:27:29.488 , Vol+O2, 1093477.00, 42.33, 0.00, 15.62
14:27:29.492 , Vol+O2, 1093514.00, 42.45, 0.00, 15.62
14:27:29.492 , Vol+O2, 1093551.00, 49.48, 0.00, 15.62
14:27:29.495 , Vol+O2, 1093588.00, 52.27, 0.00, 15.62
14:27:29.495 , Vol+O2, 1093625.00, 40.74, 0.00, 15.63
14:27:29.498 , Vol+O2, 1093662.00, 29.78, 0.00, 15.63
14:27:29.498 , Vol+O2, 1093699.00, 32.81, 0.00, 15.63
14:27:29.538 , Vol+O2, 1093736.00, 37.68, 0.00, 15.63
14:27:29.538 , Vol+O2, 1093773.00, 38.02, 0.00, 15.62
14:27:29.541 , Vol+O2, 1093810.00, 31.96, 0.00, 15.62
14:27:29.541 , Vol+O2, 1093847.00, 27.21, 0.00, 15.62
14:27:29.543 , Vol+O2, 1093884.00, 30.81, 0.00, 15.62
14:27:29.543 , Vol+O2, 1093921.00, 29.17, 0.00, 15.56
14:27:29.545 , Vol+O2, 1093958.00, 24.43, 0.00, 15.56
14:27:29.545 , Vol+O2, 1093995.00, 18.86, 0.00, 15.56
14:27:29.547 , Vol+O2, 1094032.00, 18.30, 0.00, 15.56
14:27:29.547 , Vol+O2, 1094069.00, 22.41, 0.00, 15.53
14:27:29.550 , Vol+O2, 1094106.00, 16.50, 0.00, 15.53
14:27:29.550 , Vol+O2, 1094143.00, 4.84, 0.00, 15.53
14:27:29.552 , Vol+O2, 1094180.00, 3.25, 0.00, 15.53
14:27:29.552 , Vol+O2, 1094216.00, 1.03, 0.00, 15.50
14:27:29.555 , Vol+O2, 1094253.00, 0.00, 4.42, 15.50
14:27:29.555 , Vol+O2, 1094290.00, 0.51, 13.38, 15.50
14:27:29.617 , Vol+O2, 1094327.00, 0.00, 23.23, 15.50
14:27:29.617 , Vol+O2, 1094364.00, 0.00, 29.12, 15.50
14:27:29.618 , Vol+O2, 1094401.00, 0.00, 34.35, 15.50
14:27:29.618 , Vol+O2, 1094438.00, 0.00, 31.17, 15.50
14:27:29.620 , Vol+O2, 1094475.00, 0.00, 40.39, 15.50
14:27:29.621 , Vol+O2, 1094512.00, 0.00, 46.43, 15.53
14:27:29.621 , Vol+O2, 1094549.00, 0.00, 44.94, 15.53
14:27:29.624 , Vol+O2, 1094586.00, 0.00, 47.82, 15.53
14:27:29.624 , Vol+O2, 1094623.00, 0.00, 57.22, 15.53
14:27:29.632 , Vol+O2, 1094660.00, 0.30, 45.26, 15.53
14:27:29.632 , Vol+O2, 1094697.00, 0.00, 39.52, 15.53
14:27:29.633 , Vol+O2, 1094734.00, 0.00, 43.87, 15.53
14:27:29.633 , Vol+O2, 1094771.00, 0.00, 46.15, 15.53
14:27:29.635 , Vol+O2, 1094808.00, 0.33, 45.07, 15.53
14:27:29.635 , Vol+O2, 1094845.00, 0.00, 31.61, 15.56
14:27:29.639 , Vol+O2, 1094882.00, 0.00, 34.65, 15.56
14:27:29.639 , Vol+O2, 1094919.00, 0.00, 38.06, 15.56
14:27:29.642 , Vol+O2, 1094956.00, 0.00, 41.53, 15.56
14:27:29.642 , Vol+O2, 1094993.00, 0.00, 37.46, 15.62
14:27:29.647 , Vol+O2, 1095030.00, 0.00, 24.44, 15.62
14:27:29.647 , Vol+O2, 1095067.00, 0.00, 23.69, 15.62
14:27:29.648 , Vol+O2, 1095104.00, 0.00, 20.20, 15.62
14:27:29.648 , Vol+O2, 1095141.00, 0.00, 17.48, 15.68
14:27:29.653 , Vol+O2, 1095178.00, 0.00, 13.66, 15.68
14:27:29.653 , Vol+O2, 1095215.00, 0.00, 8.00, 15.68
14:27:29.656 , Vol+O2, 1095252.00, 0.00, 0.00, 15.68
14:27:29.656 , Vol+O2, 1095289.00, 3.94, 0.00, 15.68
14:27:29.657 , Vol+O2, 1095326.00, 11.67, 0.00, 15.68
14:27:29.663 , Vol+O2, 1095363.00, 25.52, 0.00, 15.68
14:27:29.663 , Vol+O2, 1095400.00, 33.56, 0.00, 15.68
14:27:29.663 , Vol+O2, 1095436.00, 39.19, 0.00, 15.52
14:27:29.666 , Vol+O2, 1095473.00, 43.45, 0.00, 15.52
14:27:29.666 , Vol+O2, 1095510.00, 51.42, 0.00, 15.52
14:27:29.669 , Vol+O2, 1095547.00, 51.70, 0.00, 15.52
14:27:29.669 , Vol+O2, 1095584.00, 46.41, 0.00, 15.71
14:27:29.672 , Vol+O2, 1095621.00, 37.90, 0.00, 15.71
14:27:29.672 , Vol+O2, 1095658.00, 38.84, 0.00, 15.71
14:27:29.675 , Vol+O2, 1095695.00, 41.22, 0.00, 15.71
14:27:29.675 , Vol+O2, 1095732.00, 40.74, 0.00, 15.68
14:27:29.680 , Vol+O2, 1095769.00, 33.13, 0.00, 15.68
14:27:29.680 , Vol+O2, 1095806.00, 33.03, 0.00, 15.68
14:27:29.683 , Vol+O2, 1095843.00, 31.43, 0.00, 15.68
14:27:29.683 , Vol+O2, 1095880.00, 28.18, 0.00, 15.68
14:27:29.685 , Vol+O2, 1095917.00, 27.30, 0.00, 15.68
14:27:29.685 , Vol+O2, 1095954.00, 27.02, 0.00, 15.68
14:27:29.690 , Vol+O2, 1095991.00, 20.56, 0.00, 15.68
14:27:29.690 , Vol+O2, 1096028.00, 21.31, 0.00, 15.68
14:27:29.694 , Vol+O2, 1096065.00, 23.90, 0.00, 15.65
14:27:29.694 , Vol+O2, 1096102.00, 10.82, 0.00, 15.65
14:27:29.696 , Vol+O2, 1096139.00, 9.16, 0.00, 15.65
14:27:29.696 , Vol+O2, 1096176.00, 14.48, 0.00, 15.65
14:27:29.733 , Vol+O2, 1096213.00, 8.14, 0.00, 15.62
14:27:29.733 , Vol+O2, 1096250.00, 0.00, 0.20, 15.62
14:27:29.736 , Vol+O2, 1096287.00, 0.00, 0.00, 15.62
14:27:29.736 , Vol+O2, 1096324.00, 0.64, 0.00, 15.62
14:27:29.738 , Vol+O2, 1096361.00, 0.00, 0.00, 15.63
14:27:29.738 , Vol+O2, 1096398.00, 0.00, 13.93, 15.63
14:27:29.740 , Vol+O2, 1096435.00, 0.00, 32.54, 15.63
14:27:29.740 , Vol+O2, 1096472.00, 0.00, 38.30, 15.63
14:27:29.743 , Vol+O2, 1096509.00, 0.00, 43.47, 15.56
14:27:29.743 , Vol+O2, 1096546.00, 0.00, 49.31, 15.56
14:27:29.744 , Vol+O2, 1096583.00, 0.00, 45.34, 15.56
14:27:29.746 , Vol+O2, 1096620.00, 0.00, 51.01, 15.56
14:27:29.746 , Vol+O2, 1096657.00, 0.00, 45.94, 15.56
14:27:29.748 , Vol+O2, 1096694.00, 0.00, 42.42, 15.56
14:27:29.748 , Vol+O2, 1096731.00, 0.00, 47.40, 15.56
14:27:29.752 , Vol+O2, 1096768.00, 0.00, 52.51, 15.56
14:27:29.752 , Vol+O2, 1096804.00, 0.00, 41.15, 15.62
14:27:29.752 , Vol+O2, 1096841.00, 0.00, 31.95, 15.62
14:27:29.758 , Vol+O2, 1096878.00, 0.00, 33.62, 15.62
14:27:29.758 , Vol+O2, 1096915.00, 0.00, 39.81, 15.62
14:27:29.760 , Vol+O2, 1096952.00, 0.00, 33.78, 15.62
14:27:29.760 , Vol+O2, 1096989.00, 0.00, 23.04, 15.62
14:27:29.762 , Vol+O2, 1097026.00, 0.00, 18.33, 15.62
14:27:29.767 , Vol+O2, 1097063.00, 0.00, 19.70, 15.62
14:27:29.767 , Vol+O2, 1097100.00, 0.00, 25.00, 15.65
14:27:29.767 , Vol+O2, 1097137.00, 0.00, 20.03, 15.65
14:27:29.767 , Vol+O2, 1097174.00, 0.00, 17.48, 15.65
14:27:29.770 , Vol+O2, 1097211.00, 0.00, 13.25, 15.65
14:27:29.770 , Vol+O2, 1097248.00, 0.00, 11.67, 15.71
14:27:29.807 , Vol+O2, 1097285.00, 0.00, 10.65, 15.71
14:27:29.807 , Vol+O2, 1097322.00, 0.00, 1.13, 15.71
14:27:29.809 , Vol+O2, 1097359.00, 5.66, 0.00, 15.71
14:27:29.813 , Vol+O2, 1097396.00, 10.33, 0.00, 15.71
14:27:29.813 , Vol+O2, 1097433.00, 18.37, 0.00, 15.71
14:27:29.813 , Vol+O2, 1097470.00, 32.60, 0.00, 15.71
14:27:29.813 , Vol+O2, 1097507.00, 42.20, 0.00, 15.71
14:27:29.815 , Vol+O2, 1097544.00, 39.90, 0.00, 15.71
14:27:29.815 , Vol+O2, 1097581.00, 39.42, 0.00, 15.68
14:27:29.818 , Vol+O2, 1097618.00, 41.95, 0.00, 15.68
14:27:29.818 , Vol+O2, 1097655.00, 48.26, 0.00, 15.68
14:27:29.821 , Vol+O2, 1097692.00, 44.34, 0.00, 15.68
14:27:29.821 , Vol+O2, 1097729.00, 37.79, 0.00, 15.68
14:27:29.826 , Vol+O2, 1097766.00, 38.25, 0.00, 15.68
14:27:29.826 , Vol+O2, 1097803.00, 38.02, 0.00, 15.68
14:27:29.826 , Vol+O2, 1097840.00, 35.53, 0.00, 15.68
14:27:29.829 , Vol+O2, 1097877.00, 32.38, 0.00, 15.68
14:27:29.831 , Vol+O2, 1097914.00, 27.12, 0.00, 15.68
14:27:29.831 , Vol+O2, 1097951.00, 19.10, 0.00, 15.68
14:27:29.832 , Vol+O2, 1097988.00, 23.01, 0.00, 15.68
14:27:34.902 , Vol+O2, 1098025.00, 26.45, 0.00, 15.65
14:27:34.904 , Vol+O2, 1098061.00, 23.10, 0.00, 15.65
14:27:34.904 , Vol+O2, 1098097.00, 28.47, 0.00, 15.65
14:27:34.909 , Vol+O2, 1098135.00, 32.49, 0.00, 15.65
14:27:34.912 , Vol+O2, 1098172.00, 27.21, 0.00, 15.62
14:27:34.912 , Vol+O2, 1098209.00, 13.20, 0.00, 15.62
14:27:34.913 , Vol+O2, 1098246.00, 8.53, 0.00, 15.62
14:27:34.913 , Vol+O2, 1098285.00, 15.91, 0.00, 15.62
14:27:34.913 , Vol+O2, 1098323.00, 11.06, 0.00, 15.62
14:27:34.913 , Vol+O2, 1098361.00, 0.00, 0.20, 15.62
14:27:34.914 , Vol+O2, 1098400.00, 0.64, 3.68, 15.62
14:27:34.914 , Vol+O2, 1098438.00, 0.00, 6.48, 15.62
14:27:34.915 , Vol+O2, 1098475.00, 0.00, 19.86, 15.56
14:27:34.918 , Vol+O2, 1098512.00, 0.00, 29.65, 15.56
14:27:34.918 , Vol+O2, 1098549.00, 0.00, 36.91, 15.56
14:27:34.925 , Vol+O2, 1098586.00, 0.00, 48.67, 15.56
14:27:34.925 , Vol+O2, 1098623.00, 0.00, 55.15, 15.56
14:27:34.925 , Vol+O2, 1098660.00, 0.00, 52.51, 15.56
14:27:34.928 , Vol+O2, 1098697.00, 0.00, 55.31, 15.56
14:27:34.928 , Vol+O2, 1098734.00, 0.00, 54.99, 15.56
14:27:34.931 , Vol+O2, 1098771.00, 0.00, 44.80, 15.57
14:27:34.931 , Vol+O2, 1098808.00, 0.00, 32.95, 15.57
14:27:34.934 , Vol+O2, 1098845.00, 0.00, 33.17, 15.57
14:27:34.934 , Vol+O2, 1098883.00, 0.00, 41.02, 15.57
14:27:34.938 , Vol+O2, 1098920.00, 0.00, 37.58, 15.57
14:27:34.938 , Vol+O2, 1098957.00, 0.00, 33.85, 15.65
14:27:34.942 , Vol+O2, 1098994.00, 0.00, 29.98, 15.65
14:27:34.942 , Vol+O2, 1099031.00, 0.00, 33.40, 15.65
14:27:34.945 , Vol+O2, 1099068.00, 0.00, 32.72, 15.65
14:27:34.945 , Vol+O2, 1099105.00, 0.00, 28.50, 15.65
14:27:34.945 , Vol+O2, 1099142.00, 0.00, 29.98, 15.65
14:27:34.982 , Vol+O2, 1099179.00, 0.00, 23.77, 15.65
14:27:34.984 , Vol+O2, 1099216.00, 0.00, 21.68, 15.65
14:27:34.984 , Vol+O2, 1099253.00, 0.00, 17.56, 15.68
14:27:34.986 , Vol+O2, 1099290.00, 0.00, 15.22, 15.68
14:27:34.986 , Vol+O2, 1099327.00, 0.00, 10.90, 15.68
14:27:34.989 , Vol+O2, 1099364.00, 0.00, 7.64, 15.6800000000
14:27:34.989 , Vol+O2, 1099401.00, 0.00, 0.66, 15.68
14:27:34.991 , Vol+O2, 1099438.00, 11.06, 0.00, 15.68
14:27:34.991 , Vol+O2, 1099475.00, 19.58, 0.00, 15.68
14:27:34.997 , Vol+O2, 1099512.00, 27.12, 0.00, 15.68
14:27:34.997 , Vol+O2, 1099549.00, 29.27, 0.00, 15.71
14:27:35.000 , Vol+O2, 1099586.00, 34.88, 0.00, 15.71
14:27:35.000 , Vol+O2, 1099623.00, 44.85, 0.00, 15.71
14:27:35.002 , Vol+O2, 1099659.00, 47.72, 0.00, 15.71
14:27:35.002 , Vol+O2, 1099695.00, 40.25, 0.00, 15.71
14:27:35.006 , Vol+O2, 1099732.00, 38.37, 0.00, 15.71
14:27:35.006 , Vol+O2, 1099769.00, 42.45, 0.00, 15.71
14:27:35.009 , Vol+O2, 1099806.00, 45.89, 0.00, 15.71
14:27:35.009 , Vol+O2, 1099843.00, 46.93, 0.00, 15.68
14:27:35.037 , Vol+O2, 1099880.00, 47.99, 0.00, 15.68
14:27:35.041 , Vol+O2, 1099917.00, 36.42, 0.00, 15.68
14:27:35.041 , Vol+O2, 1099954.00, 35.98, 0.00, 15.68
14:27:35.044 , Vol+O2, 1099991.00, 37.22, 0.00, 15.68
14:27:35.044 , Vol+O2, 1100028.00, 35.53, 0.00, 15.68
14:27:35.044 , Vol+O2, 1100065.00, 36.42, 0.00, 15.68
14:27:35.046 , Vol+O2, 1100102.00, 42.95, 0.00, 15.68
14:27:35.048 , Vol+O2, 1100139.00, 44.85, 0.00, 15.64
14:27:35.048 , Vol+O2, 1100176.00, 38.72, 0.00, 15.64
14:27:35.052 , Vol+O2, 1100213.00, 26.26, 0.00, 15.64
14:27:35.052 , Vol+O2, 1100249.00, 24.16, 0.00, 15.64
14:27:35.053 , Vol+O2, 1100286.00, 27.98, 0.00, 15.64
14:27:35.053 , Vol+O2, 1100323.00, 24.16, 0.00, 15.62
14:27:35.057 , Vol+O2, 1100360.00, 13.87, 0.00, 15.62
14:27:35.057 , Vol+O2, 1100397.00, 6.41, 0.00, 15.62
14:27:35.061 , Vol+O2, 1100434.00, 2.40, 0.00, 15.62
14:27:35.061 , Vol+O2, 1100471.00, 0.43, 2.57, 15.56
14:27:35.063 , Vol+O2, 1100508.00, 0.00, 5.45, 15.56
14:27:35.063 , Vol+O2, 1100545.00, 0.99, 7.82, 15.56
14:27:35.066 , Vol+O2, 1100582.00, 0.00, 20.03, 15.56
14:27:35.066 , Vol+O2, 1100619.00, 0.00, 43.61, 15.56
14:27:35.071 , Vol+O2, 1100656.00, 0.00, 57.71, 15.56
14:27:35.071 , Vol+O2, 1100693.00, 0.00, 63.88, 15.56
14:27:35.074 , Vol+O2, 1100730.00, 0.00, 63.53, 15.56
14:27:35.074 , Vol+O2, 1100767.00, 0.00, 47.46, 15.53
14:27:35.081 , Vol+O2, 1100804.00, 0.00, 42.30, 15.53
14:27:35.081 , Vol+O2, 1100841.00, 0.00, 52.21, 15.53
14:27:35.083 , Vol+O2, 1100877.00, 0.22, 59.83, 15.53
14:27:35.083 , Vol+O2, 1100913.00, 0.33, 46.15, 15.56
14:27:35.084 , Vol+O2, 1100950.00, 0.00, 35.85, 15.56
14:27:35.087 , Vol+O2, 1100987.00, 0.00, 44.14, 15.56
14:27:35.087 , Vol+O2, 1101024.00, 0.00, 44.86, 15.56
14:27:35.087 , Vol+O2, 1101061.00, 0.00, 41.20, 15.62
14:27:35.087 , Vol+O2, 1101098.00, 0.00, 36.87, 15.62
14:27:35.094 , Vol+O2, 1101135.00, 0.00, 42.16, 15.62
14:27:35.096 , Vol+O2, 1101172.00, 0.00, 41.65, 15.62
14:27:35.096 , Vol+O2, 1101209.00, 0.00, 39.28, 15.65
14:27:35.099 , Vol+O2, 1101246.00, 0.00, 38.59, 15.65
14:27:35.099 , Vol+O2, 1101283.00, 0.00, 31.33, 15.65
14:27:35.103 , Vol+O2, 1101320.00, 0.00, 27.71, 15.65
14:27:35.103 , Vol+O2, 1101357.00, 0.00, 28.75, 15.71
14:27:35.105 , Vol+O2, 1101394.00, 0.00, 18.41, 15.71
14:27:35.105 , Vol+O2, 1101431.00, 0.00, 7.58, 15.71
14:27:35.108 , Vol+O2, 1101468.00, 0.00, 1.77, 15.71
14:27:35.108 , Vol+O2, 1101505.00, 0.00, 3.92, 15.71
14:27:35.110 , Vol+O2, 1101542.00, 0.00, 1.31, 15.74
14:27:35.110 , Vol+O2, 1101579.00, 3.68, 0.47, 15.74
14:27:35.115 , Vol+O2, 1101616.00, 13.01, 0.00, 15.74
14:27:35.115 , Vol+O2, 1101653.00, 18.94, 0.00, 15.74
14:27:35.120 , Vol+O2, 1101690.00, 24.79, 0.00, 15.74
14:27:35.120 , Vol+O2, 1101727.00, 34.88, 0.00, 15.74
14:27:35.171 , Vol+O2, 1101764.00, 42.08, 0.00, 15.74
14:27:35.171 , Vol+O2, 1101801.00, 43.83, 0.00, 15.74
14:27:35.171 , Vol+O2, 1101838.00, 39.30, 0.00, 15.74
14:27:35.173 , Vol+O2, 1101875.00, 32.07, 0.00, 15.74
14:27:35.175 , Vol+O2, 1101912.00, 33.67, 0.00, 15.74
14:27:35.175 , Vol+O2, 1101949.00, 43.70, 0.00, 15.74
14:27:35.177 , Vol+O2, 1101986.00, 38.96, 0.00, 15.71
14:27:35.177 , Vol+O2, 1102023.00, 33.35, 0.00, 15.71
14:27:35.181 , Vol+O2, 1102060.00, 39.90, 0.00, 15.71
14:27:35.181 , Vol+O2, 1102097.00, 41.83, 0.00, 15.71
14:27:35.185 , Vol+O2, 1102134.00, 36.09, 0.00, 15.71
14:27:35.185 , Vol+O2, 1102171.00, 26.73, 0.00, 15.71
14:27:35.209 , Vol+O2, 1102208.00, 24.25, 0.00, 15.71
14:27:35.209 , Vol+O2, 1102245.00, 29.78, 0.00, 15.71
14:27:35.264 , Vol+O2, 1102281.00, 31.85, 0.00, 15.68
14:27:35.266 , Vol+O2, 1102318.00, 27.30, 0.00, 15.68
14:27:35.266 , Vol+O2, 1102355.00, 25.52, 0.00, 15.68
14:27:35.269 , Vol+O2, 1102392.00, 19.99, 0.00, 15.68
14:27:35.269 , Vol+O2, 1102429.00, 12.36, 0.00, 15.68
14:27:35.272 , Vol+O2, 1102466.00, 10.93, 0.00, 15.68
14:27:35.272 , Vol+O2, 1102503.00, 13.87, 0.00, 15.68
14:27:35.272 , Vol+O2, 1102540.00, 12.43, 0.00, 15.68
14:27:35.274 , Vol+O2, 1102577.00, 11.00, 0.00, 15.62
14:27:35.274 , Vol+O2, 1102614.00, 8.88, 0.00, 15.62
14:27:35.275 , Vol+O2, 1102651.00, 0.00, 1.08, 15.62
14:27:35.277 , Vol+O2, 1102688.00, 0.22, 0.00, 15.62
14:27:35.277 , Vol+O2, 1102725.00, 1.80, 0.00, 15.62
14:27:35.281 , Vol+O2, 1102762.00, 0.00, 1.77, 15.62
14:27:35.281 , Vol+O2, 1102799.00, 0.26, 17.18, 15.62
14:27:35.284 , Vol+O2, 1102836.00, 0.00, 49.40, 15.62
14:27:35.284 , Vol+O2, 1102873.00, 0.00, 54.99, 15.62
14:27:35.286 , Vol+O2, 1102910.00, 0.00, 48.96, 15.59
14:27:35.286 , Vol+O2, 1102947.00, 0.26, 55.79, 15.59
14:27:35.288 , Vol+O2, 1102984.00, 0.47, 57.39, 15.59
14:27:35.339 , Vol+O2, 1103021.00, 0.00, 55.47, 15.59
14:27:35.339 , Vol+O2, 1103058.00, 0.00, 48.10, 15.57
14:27:35.345 , Vol+O2, 1103095.00, 0.00, 43.08, 15.57
14:27:35.345 , Vol+O2, 1103132.00, 0.00, 42.74, 15.57
14:27:35.362 , Vol+O2, 1103169.00, 0.00, 49.11, 15.57
14:27:35.362 , Vol+O2, 1103206.00, 0.00, 46.02, 15.62
14:27:35.399 , Vol+O2, 1103243.00, 0.00, 41.15, 15.62
14:27:35.399 , Vol+O2, 1103280.00, 0.00, 48.25, 15.62
14:27:35.401 , Vol+O2, 1103317.00, 0.00, 49.83, 15.62
14:27:35.401 , Vol+O2, 1103354.00, 0.00, 33.85, 15.62
14:27:35.404 , Vol+O2, 1103391.00, 0.00, 28.85, 15.62
14:27:35.404 , Vol+O2, 1103428.00, 0.00, 29.70, 15.62
14:27:40.840 , Vol+O2, 1103466.00, 0.00, 31.55, 15.62
14:27:40.848 , Vol+O2, 1103502.00, 0.00, 28.75, 15.68
14:27:41.336 , Vol+O2, 1103539.00, 0.00, 17.90, 15.68
14:27:41.336 , Vol+O2, 1103577.00, 0.00, 10.73, 15.68
14:27:41.343 , Vol+O2, 1103614.00, 0.00, 9.20, 15.68
14:27:41.343 , Vol+O2, 1103652.00, 0.00, 7.47, 15.71
14:27:41.343 , Vol+O2, 1103689.00, 0.00, 2.06, 15.71
14:27:41.343 , Vol+O2, 1103725.00, 0.00, 0.00, 15.71
14:27:41.344 , Vol+O2, 1103765.00, 9.05, 0.00, 15.71
14:27:41.344 , Vol+O2, 1103802.00, 20.73, 0.00, 15.71
14:27:41.351 , Vol+O2, 1103839.00, 25.42, 0.00, 15.71
14:27:41.351 , Vol+O2, 1103877.00, 33.35, 0.00, 15.71
14:27:41.353 , Vol+O2, 1103913.00, 44.09, 0.00, 15.71
14:27:41.353 , Vol+O2, 1103950.00, 41.34, 0.00, 15.71
14:27:41.355 , Vol+O2, 1103987.00, 44.09, 0.00, 15.71
14:27:41.355 , Vol+O2, 1104024.00, 49.20, 0.00, 15.71
14:27:41.356 , Vol+O2, 1104061.00, 48.26, 0.00, 15.71
14:27:41.358 , Vol+O2, 1104098.00, 44.98, 0.00, 15.71
14:27:41.358 , Vol+O2, 1104135.00, 34.98, 0.00, 15.71
14:27:41.358 , Vol+O2, 1104172.00, 35.53, 0.00, 15.71
14:27:41.358 , Vol+O2, 1104209.00, 37.22, 0.00, 15.71
14:27:41.363 , Vol+O2, 1104246.00, 38.60, 0.00, 15.71
14:27:41.363 , Vol+O2, 1104283.00, 36.99, 0.00, 15.68
14:27:41.364 , Vol+O2, 1104320.00, 36.42, 0.00, 15.68
14:27:41.364 , Vol+O2, 1104357.00, 35.20, 0.00, 15.68
14:27:41.368 , Vol+O2, 1104394.00, 30.92, 0.00, 15.68
14:27:41.368 , Vol+O2, 1104431.00, 28.57, 0.00, 15.65
14:27:41.371 , Vol+O2, 1104468.00, 25.61, 0.00, 15.65
14:27:41.371 , Vol+O2, 1104505.00, 23.90, 0.00, 15.65
14:27:41.398 , Vol+O2, 1104542.00, 22.92, 0.00, 15.65
14:27:41.400 , Vol+O2, 1104579.00, 16.05, 0.00, 15.62
14:27:41.400 , Vol+O2, 1104616.00, 9.91, 0.00, 15.62
14:27:41.403 , Vol+O2, 1104653.00, 12.43, 0.00, 15.62
14:27:41.403 , Vol+O2, 1104690.00, 11.98, 0.00, 15.62
14:27:41.403 , Vol+O2, 1104727.00, 1.46, 0.00, 15.63
14:27:41.405 , Vol+O2, 1104764.00, 0.64, 6.19, 15.63
14:27:41.405 , Vol+O2, 1104801.00, 0.00, 4.42, 15.63
14:27:41.406 , Vol+O2, 1104838.00, 0.00, 3.40, 15.63
14:27:41.408 , Vol+O2, 1104875.00, 3.04, 12.57, 15.56
14:27:41.408 , Vol+O2, 1104912.00, 5.14, 20.38, 15.56
14:27:41.411 , Vol+O2, 1104949.00, 0.00, 22.58, 15.56
14:27:41.411 , Vol+O2, 1104986.00, 0.00, 27.92, 15.56
14:27:41.441 , Vol+O2, 1105022.00, 0.00, 33.67, 15.56
14:27:41.441 , Vol+O2, 1105059.00, 0.00, 21.36, 15.56
14:27:41.444 , Vol+O2, 1105096.00, 0.00, 38.18, 15.56
14:27:41.444 , Vol+O2, 1105133.00, 7.81, 38.55, 15.56
14:27:41.445 , Vol+O2, 1105170.00, 0.00, 31.17, 15.59
14:27:41.446 , Vol+O2, 1105207.00, 2.83, 34.30, 15.59
14:27:41.446 , Vol+O2, 1105244.00, 0.00, 27.92, 15.59
14:27:41.448 , Vol+O2, 1105281.00, 0.00, 29.76, 15.59
14:27:41.448 , Vol+O2, 1105318.00, 0.00, 16.91, 15.65
14:27:41.451 , Vol+O2, 1105355.00, 0.00, 22.98, 15.65
14:27:41.451 , Vol+O2, 1105392.00, 0.00, 19.30, 15.65
14:27:41.458 , Vol+O2, 1105429.00, 0.90, 29.44, 15.65
14:27:41.458 , Vol+O2, 1105466.00, 0.00, 12.27, 15.71
14:27:41.460 , Vol+O2, 1105503.00, 0.00, 2.28, 15.71
14:27:41.460 , Vol+O2, 1105540.00, 0.94, 9.51, 15.71
14:27:41.462 , Vol+O2, 1105577.00, 0.00, 23.13, 15.71
14:27:41.462 , Vol+O2, 1105614.00, 0.00, 26.97, 15.71
14:27:41.466 , Vol+O2, 1105651.00, 0.00, 22.16, 15.74
14:27:41.466 , Vol+O2, 1105688.00, 0.00, 19.98, 15.74
14:27:41.471 , Vol+O2, 1105725.00, 0.00, 20.03, 15.74
14:27:41.471 , Vol+O2, 1105762.00, 0.00, 20.12, 15.74
14:27:41.473 , Vol+O2, 1105799.00, 0.00, 18.87, 15.77
14:27:41.473 , Vol+O2, 1105836.00, 0.00, 14.02, 15.77000
14:27:41.477 , Vol+O2, 1105873.00, 0.00, 4.61, 15.77
14:27:41.477 , Vol+O2, 1105910.00, 7.10, 0.80, 15.77
14:27:41.482 , Vol+O2, 1105947.00, 31.65, 0.00, 15.77
14:27:41.482 , Vol+O2, 1105984.00, 58.78, 0.00, 15.77
14:27:41.484 , Vol+O2, 1106021.00, 70.21, 0.00, 15.77
14:27:41.484 , Vol+O2, 1106058.00, 57.86, 0.00, 15.77
14:27:41.486 , Vol+O2, 1106095.00, 39.66, 0.00, 15.77
14:27:41.486 , Vol+O2, 1106132.00, 42.83, 0.00, 15.77
14:27:41.491 , Vol+O2, 1106169.00, 56.66, 0.00, 15.77
14:27:41.491 , Vol+O2, 1106206.00, 55.31, 0.00, 15.77
14:27:41.492 , Vol+O2, 1106243.00, 45.89, 0.00, 15.74
14:27:41.492 , Vol+O2, 1106280.00, 44.47, 0.00, 15.74
14:27:41.521 , Vol+O2, 1106317.00, 44.72, 0.00, 15.74
14:27:41.521 , Vol+O2, 1106354.00, 41.34, 0.00, 15.74
14:27:41.521 , Vol+O2, 1106390.00, 43.33, 0.00, 15.74
14:27:41.522 , Vol+O2, 1106427.00, 34.88, 0.00, 15.74
14:27:41.524 , Vol+O2, 1106464.00, 30.60, 0.00, 15.74
14:27:41.524 , Vol+O2, 1106501.00, 37.79, 0.00, 15.74
14:27:41.527 , Vol+O2, 1106538.00, 30.60, 0.00, 15.71
14:27:41.527 , Vol+O2, 1106575.00, 21.90, 0.00, 15.71
14:27:41.529 , Vol+O2, 1106612.00, 21.56, 0.00, 15.71
14:27:41.529 , Vol+O2, 1106649.00, 21.48, 0.00, 15.71
14:27:41.531 , Vol+O2, 1106686.00, 7.37, 0.00, 15.68
14:27:41.531 , Vol+O2, 1106723.00, 0.56, 8.61, 15.68
14:27:41.561 , Vol+O2, 1106760.00, 0.00, 5.87, 15.68
14:27:41.561 , Vol+O2, 1106797.00, 0.00, 2.37, 15.68
14:27:41.563 , Vol+O2, 1106834.00, 0.00, 14.71, 15.68
14:27:41.563 , Vol+O2, 1106871.00, 0.00, 34.19, 15.68
14:27:41.566 , Vol+O2, 1106908.00, 0.00, 39.08, 15.68
14:27:41.566 , Vol+O2, 1106944.00, 0.00, 41.40, 15.68
14:27:41.567 , Vol+O2, 1106981.00, 0.00, 47.46, 15.68
14:27:41.567 , Vol+O2, 1107018.00, 0.00, 44.14, 15.65
14:27:41.570 , Vol+O2, 1107055.00, 0.00, 50.63, 15.65
14:27:41.570 , Vol+O2, 1107092.00, 0.00, 51.16, 15.65
14:27:41.572 , Vol+O2, 1107129.00, 0.00, 40.82, 15.65
14:27:41.572 , Vol+O2, 1107166.00, 0.00, 45.89, 15.65
14:27:41.576 , Vol+O2, 1107203.00, 0.00, 46.15, 15.65
14:27:41.576 , Vol+O2, 1107240.00, 0.00, 44.01, 15.65
14:27:41.578 , Vol+O2, 1107277.00, 0.00, 53.50, 15.65
14:27:41.578 , Vol+O2, 1107314.00, 0.00, 44.46, 15.52
14:27:41.582 , Vol+O2, 1107351.00, 0.00, 55.31, 15.52
14:27:41.582 , Vol+O2, 1107388.00, 0.00, 85.11, 15.52
14:27:41.585 , Vol+O2, 1107425.00, 0.99, 62.85, 15.52
14:27:41.585 , Vol+O2, 1107462.00, 0.60, 29.55, 15.74
14:27:41.588 , Vol+O2, 1107499.00, 0.00, 19.78, 15.74
14:27:41.588 , Vol+O2, 1107536.00, 0.00, 32.05, 15.74
14:27:41.593 , Vol+O2, 1107573.00, 0.00, 19.21, 15.74
14:27:41.593 , Vol+O2, 1107610.00, 0.00, 10.00, 15.77
14:27:41.596 , Vol+O2, 1107647.00, 0.00, 7.53, 15.77
14:27:41.596 , Vol+O2, 1107684.00, 0.00, 8.79, 15.77
14:27:41.600 , Vol+O2, 1107721.00, 0.00, 5.58, 15.77
14:27:41.600 , Vol+O2, 1107757.00, 0.00, 2.15, 15.77
14:27:41.602 , Vol+O2, 1107794.00, 12.10, 0.00, 15.77
14:27:41.602 , Vol+O2, 1107831.00, 23.71, 0.00, 15.77
14:27:41.606 , Vol+O2, 1107868.00, 30.81, 0.00, 15.77
14:27:41.606 , Vol+O2, 1107905.00, 54.58, 0.00, 15.77
14:27:41.609 , Vol+O2, 1107942.00, 86.80, 0.00, 15.77
14:27:41.609 , Vol+O2, 1107979.00, 3.86, 0.00, 15.77
14:27:41.635 , Vol+O2, 1108016.00, 6.36, 0.00, 15.77
14:27:41.651 , Vol+O2, 1108053.00, 21.98, 0.00, 15.77
14:27:41.651 , Vol+O2, 1108090.00, 43.83, 0.00, 15.77
14:27:41.653 , Vol+O2, 1108127.00, 27.30, 0.00, 15.77
14:27:41.653 , Vol+O2, 1108164.00, 57.86, 0.00, 15.77
14:27:41.655 , Vol+O2, 1108201.00, 80.47, 0.00, 15.77
14:27:41.655 , Vol+O2, 1108238.00, 88.85, 0.00, 15.74
14:27:41.657 , Vol+O2, 1108275.00, 88.24, 0.00, 15.74
14:27:41.657 , Vol+O2, 1108312.00, 87.83, 0.00, 15.74
14:27:41.660 , Vol+O2, 1108349.00, 79.51, 0.00, 15.74
14:27:41.660 , Vol+O2, 1108386.00, 75.76, 0.00, 15.68
14:27:41.663 , Vol+O2, 1108423.00, 67.47, 0.00, 15.68
14:27:41.663 , Vol+O2, 1108460.00, 59.40, 0.00, 15.68
14:27:41.691 , Vol+O2, 1108497.00, 56.81, 0.00, 15.68
14:27:41.698 , Vol+O2, 1108534.00, 47.46, 0.00, 15.68
14:27:41.698 , Vol+O2, 1108571.00, 34.76, 0.00, 15.68
14:27:41.701 , Vol+O2, 1108608.00, 30.40, 0.00, 15.68
14:27:41.701 , Vol+O2, 1108645.00, 26.17, 0.00, 15.68
14:27:41.702 , Vol+O2, 1108682.00, 17.03, 0.00, 15.62
14:27:41.702 , Vol+O2, 1108719.00, 5.53, 0.00, 15.62
14:27:41.705 , Vol+O2, 1108756.00, 0.00, 0.00, 15.62
14:27:41.705 , Vol+O2, 1108793.00, 0.00, 0.00, 15.62
14:27:41.707 , Vol+O2, 1108830.00, 0.00, 0.62, 15.62
14:27:41.707 , Vol+O2, 1108867.00, 0.00, 8.17, 15.62
14:27:41.710 , Vol+O2, 1108904.00, 0.00, 22.49, 15.62
14:27:46.783 , Vol+O2, 1108944.00, 0.00, 37.86, 15.62
14:27:46.783 , Vol+O2, 1108982.00, 0.00, 45.61, 15.56
14:27:46.783 , Vol+O2, 1109019.00, 0.00, 60.08, 15.56
14:27:46.783 , Vol+O2, 1109056.00, 0.00, 73.93, 15.56
14:27:46.789 , Vol+O2, 1109093.00, 0.00, 71.06, 15.56
14:27:46.789 , Vol+O2, 1109129.00, 0.00, 68.47, 15.56
14:27:46.789 , Vol+O2, 1109166.00, 0.00, 59.09, 15.56
14:27:46.789 , Vol+O2, 1109203.00, 0.47, 70.40, 15.56
14:27:46.792 , Vol+O2, 1109240.00, 0.00, 71.62, 15.56
14:27:46.873 , Vol+O2, 1109277.00, 0.00, 54.68, 15.62
14:27:46.873 , Vol+O2, 1109314.00, 0.00, 36.39, 15.62
14:27:46.875 , Vol+O2, 1109351.00, 0.00, 30.88, 15.62
14:27:46.875 , Vol+O2, 1109388.00, 0.00, 48.31, 15.62
14:27:46.877 , Vol+O2, 1109425.00, 0.00, 49.31, 15.67
14:27:46.877 , Vol+O2, 1109462.00, 0.26, 34.92, 15.67
14:27:46.951 , Vol+O2, 1109499.00, 0.00, 26.71, 15.67
14:27:46.951 , Vol+O2, 1109536.00, 0.00, 28.81, 15.67
14:27:47.000 , Vol+O2, 1109573.00, 0.00, 29.44, 15.67
14:27:47.000 , Vol+O2, 1109610.00, 0.00, 24.00, 15.74
14:27:47.001 , Vol+O2, 1109647.00, 0.00, 21.71, 15.74
14:27:47.001 , Vol+O2, 1109684.00, 0.00, 21.77, 15.74
14:27:47.004 , Vol+O2, 1109721.00, 0.00, 22.34, 15.74
14:27:47.006 , Vol+O2, 1109758.00, 0.00, 21.25, 15.77
14:27:47.006 , Vol+O2, 1109795.00, 0.00, 11.88, 15.77
14:27:47.008 , Vol+O2, 1109832.00, 0.00, 0.00, 15.77
14:27:47.008 , Vol+O2, 1109869.00, 3.25, 0.00, 15.77
14:27:47.010 , Vol+O2, 1109906.00, 19.50, 0.00, 15.77
14:27:47.010 , Vol+O2, 1109943.00, 37.57, 0.00, 15.77
14:27:47.013 , Vol+O2, 1109980.00, 52.55, 0.00, 15.77
14:27:47.013 , Vol+O2, 1110019.00, 52.55, 0.00, 15.77
14:27:47.071 , Vol+O2, 1110058.00, 49.07, 0.00, 15.80
14:27:47.071 , Vol+O2, 1110098.00, 49.20, 0.00, 15.80
14:27:47.072 , Vol+O2, 1110136.00, 55.76, 0.00, 15.80
14:27:47.072 , Vol+O2, 1110174.00, 53.27, 0.00, 15.80
14:27:47.075 , Vol+O2, 1110211.00, 47.46, 0.00, 15.83
14:27:47.075 , Vol+O2, 1110247.00, 49.20, 0.00, 15.83
14:27:47.077 , Vol+O2, 1110284.00, 51.85, 0.00, 15.83
14:27:47.077 , Vol+O2, 1110321.00, 52.70, 0.00, 15.83
14:27:47.078 , Vol+O2, 1110358.00, 52.85, 0.00, 15.80
14:27:47.078 , Vol+O2, 1110395.00, 55.76, 0.00, 15.80
14:27:47.132 , Vol+O2, 1110432.00, 55.76, 0.00, 15.80
14:27:47.138 , Vol+O2, 1110469.00, 49.35, 0.00, 15.80
14:27:47.138 , Vol+O2, 1110506.00, 48.26, 0.00, 15.80
14:27:47.139 , Vol+O2, 1110543.00, 43.83, 0.00, 15.80
14:27:47.139 , Vol+O2, 1110580.00, 33.24, 0.00, 15.80
14:27:47.142 , Vol+O2, 1110617.00, 23.10, 0.00, 15.80
14:27:47.142 , Vol+O2, 1110653.00, 3.30, 0.20, 15.79
14:27:47.144 , Vol+O2, 1110690.00, 1.54, 2.95, 15.79
14:27:47.144 , Vol+O2, 1110727.00, 0.00, 0.00, 15.79
14:27:47.195 , Vol+O2, 1110764.00, 0.00, 4.43, 15.79
14:27:47.195 , Vol+O2, 1110801.00, 0.00, 19.80, 15.77
14:27:47.197 , Vol+O2, 1110838.00, 0.00, 34.35, 15.77
14:27:47.197 , Vol+O2, 1110875.00, 0.00, 40.14, 15.77
14:27:47.198 , Vol+O2, 1110912.00, 0.00, 37.98, 15.77
14:27:47.198 , Vol+O2, 1110949.00, 0.00, 39.69, 15.77
14:27:47.200 , Vol+O2, 1110986.00, 0.00, 41.45, 15.77
14:27:47.202 , Vol+O2, 1111023.00, 0.00, 58.60, 15.77
14:27:47.202 , Vol+O2, 1111060.00, 0.00, 56.18, 15.77
14:27:47.204 , Vol+O2, 1111097.00, 0.00, 58.60, 15.77
14:27:47.204 , Vol+O2, 1111134.00, 0.00, 60.17, 15.80
14:27:47.206 , Vol+O2, 1111171.00, 0.00, 43.27, 15.80
14:27:47.206 , Vol+O2, 1111208.00, 0.00, 34.53, 15.80
14:27:47.210 , Vol+O2, 1111245.00, 0.00, 33.67, 15.80
14:27:47.210 , Vol+O2, 1111282.00, 0.00, 46.02, 15.83
14:27:47.260 , Vol+O2, 1111319.00, 0.00, 48.25, 15.83
14:27:47.260 , Vol+O2, 1111356.00, 0.00, 41.58, 15.83
14:27:47.263 , Vol+O2, 1111393.00, 0.00, 28.54, 15.83
14:27:47.263 , Vol+O2, 1111430.00, 0.00, 31.55, 15.89
14:27:47.264 , Vol+O2, 1111467.00, 0.00, 31.00, 15.89
14:27:47.264 , Vol+O2, 1111504.00, 0.00, 24.66, 15.89
14:27:47.266 , Vol+O2, 1111541.00, 0.00, 17.02, 15.89
14:27:47.266 , Vol+O2, 1111578.00, 0.00, 17.34, 15.92
14:27:47.273 , Vol+O2, 1111615.00, 0.00, 12.84, 15.92
14:27:47.273 , Vol+O2, 1111652.00, 0.00, 8.86, 15.92000
14:27:47.275 , Vol+O2, 1111689.00, 0.99, 0.00, 15.92
14:27:47.275 , Vol+O2, 1111726.00, 24.43, 0.00, 15.92
14:27:47.330 , Vol+O2, 1111763.00, 28.87, 0.00, 15.92
14:27:47.330 , Vol+O2, 1111800.00, 30.81, 0.00, 15.92
14:27:47.330 , Vol+O2, 1111837.00, 44.09, 0.00, 15.92
14:27:47.330 , Vol+O2, 1111873.00, 55.31, 0.00, 15.95
14:27:47.332 , Vol+O2, 1111910.00, 51.42, 0.00, 15.95
14:27:47.332 , Vol+O2, 1111947.00, 35.65, 0.00, 15.95
14:27:47.334 , Vol+O2, 1111984.00, 33.35, 0.00, 15.95
14:27:47.334 , Vol+O2, 1112021.00, 42.58, 0.00, 15.95
14:27:47.335 , Vol+O2, 1112058.00, 49.07, 0.00, 15.95
14:27:47.335 , Vol+O2, 1112095.00, 46.28, 0.00, 15.95
14:27:47.337 , Vol+O2, 1112132.00, 38.72, 0.00, 15.95
14:27:47.340 , Vol+O2, 1112169.00, 38.60, 0.00, 15.95
14:27:47.340 , Vol+O2, 1112206.00, 40.02, 0.00, 15.95
14:27:47.368 , Vol+O2, 1112243.00, 36.65, 0.00, 15.95
14:27:47.368 , Vol+O2, 1112280.00, 29.67, 0.00, 15.95
14:27:47.369 , Vol+O2, 1112317.00, 26.92, 0.00, 15.92
14:27:47.369 , Vol+O2, 1112354.00, 34.43, 0.00, 15.92
14:27:47.372 , Vol+O2, 1112391.00, 28.18, 0.00, 15.92
14:27:47.372 , Vol+O2, 1112428.00, 15.91, 0.00, 15.92
14:27:47.374 , Vol+O2, 1112465.00, 12.24, 0.00, 15.92
14:27:47.374 , Vol+O2, 1112502.00, 15.54, 0.00, 15.92
14:27:47.378 , Vol+O2, 1112539.00, 10.15, 0.00, 15.92
14:27:47.378 , Vol+O2, 1112576.00, 0.00, 0.00, 15.92
14:27:47.379 , Vol+O2, 1112613.00, 0.94, 1.13, 15.92
14:27:47.379 , Vol+O2, 1112650.00, 0.00, 0.00, 15.89
14:27:47.410 , Vol+O2, 1112687.00, 0.00, 5.08, 15.89
14:27:47.410 , Vol+O2, 1112724.00, 0.00, 12.71, 15.89
14:27:47.412 , Vol+O2, 1112761.00, 0.00, 23.77, 15.89
14:27:47.412 , Vol+O2, 1112798.00, 0.00, 30.02, 15.89
14:27:47.415 , Vol+O2, 1112835.00, 0.00, 31.99, 15.89
14:27:47.415 , Vol+O2, 1112872.00, 0.00, 35.39, 15.89
14:27:47.416 , Vol+O2, 1112909.00, 0.00, 38.96, 15.89
14:27:47.416 , Vol+O2, 1112946.00, 0.00, 41.96, 15.89
14:27:47.418 , Vol+O2, 1112983.00, 0.00, 40.07, 15.89
14:27:47.418 , Vol+O2, 1113020.00, 0.00, 38.42, 15.89
14:27:47.420 , Vol+O2, 1113057.00, 0.00, 42.09, 15.89
14:27:47.420 , Vol+O2, 1113094.00, 0.00, 36.79, 15.92
14:27:47.450 , Vol+O2, 1113131.00, 0.00, 34.35, 15.92
14:27:47.450 , Vol+O2, 1113168.00, 0.00, 31.33, 15.92
14:27:47.452 , Vol+O2, 1113205.00, 0.00, 33.21, 15.92
14:27:47.452 , Vol+O2, 1113241.00, 0.00, 35.27, 15.95
14:27:47.454 , Vol+O2, 1113278.00, 0.00, 34.42, 15.95
14:27:47.457 , Vol+O2, 1113315.00, 0.00, 24.95, 15.95
14:27:47.457 , Vol+O2, 1113352.00, 0.00, 23.72, 15.95
14:27:47.460 , Vol+O2, 1113389.00, 0.00, 25.04, 15.98
14:27:47.460 , Vol+O2, 1113426.00, 0.00, 20.75, 15.98
14:27:47.462 , Vol+O2, 1113463.00, 0.00, 15.52, 15.98
14:27:47.462 , Vol+O2, 1113500.00, 0.00, 11.94, 15.98
14:27:47.465 , Vol+O2, 1113537.00, 0.00, 11.11, 16.04
14:27:47.465 , Vol+O2, 1113574.00, 0.00, 10.49, 16.04
14:27:47.468 , Vol+O2, 1113611.00, 0.00, 9.22, 16.04
14:27:47.468 , Vol+O2, 1113648.00, 0.00, 4.32, 16.04
14:27:47.471 , Vol+O2, 1113685.00, 0.00, 0.94, 16.07
14:27:47.471 , Vol+O2, 1113722.00, 0.00, 0.47, 16.07
14:27:47.474 , Vol+O2, 1113759.00, 1.92, 0.00, 16.07
14:27:47.474 , Vol+O2, 1113796.00, 4.58, 0.00, 16.07
14:27:47.478 , Vol+O2, 1113833.00, 0.00, 0.80, 16.07
14:27:47.478 , Vol+O2, 1113870.00, 0.30, 0.00, 16.04
14:27:47.483 , Vol+O2, 1113907.00, 0.00, 0.00, 16.04
14:27:47.483 , Vol+O2, 1113944.00, 0.00, 0.00, 16.04
14:27:47.485 , Vol+O2, 1113981.00, 0.00, 0.00, 16.04
14:27:47.485 , Vol+O2, 1114018.00, 0.00, 0.00, 16.04
14:27:47.489 , Vol+O2, 1114055.00, 0.00, 0.00, 16.04
14:27:47.489 , Vol+O2, 1114092.00, 0.00, 0.00, 16.04
14:27:47.492 , Vol+O2, 1114129.00, 0.00, 0.00, 16.04
14:27:47.492 , Vol+O2, 1114166.00, 0.00, 0.00, 16.01
14:27:47.496 , Vol+O2, 1114203.00, 0.00, 0.00, 16.01
14:27:47.496 , Vol+O2, 1114240.00, 0.00, 0.00, 16.01
14:27:47.499 , Vol+O2, 1114277.00, 0.00, 0.00, 16.01
14:27:47.499 , Vol+O2, 1114314.00, 0.00, 0.00, 15.98
14:27:47.504 , Vol+O2, 1114351.00, 0.00, 0.00, 15.98
14:27:47.504 , Vol+O2, 1114388.00, 0.22, 0.00, 15.98
14:27:47.506 , Vol+O2, 1114425.00, 0.69, 0.00, 15.98
14:27:47.506 , Vol+O2, 1114462.00, 3.00, 0.00, 15.92
14:27:47.509 , Vol+O2, 1114499.00, 0.00, 0.33, 15.92
14:27:47.509 , Vol+O2, 1114536.00, 5.70, 0.00, 15.92
14:27:47.509 , Vol+O2, 1114573.00, 15.40, 0.00, 15.92
14:27:47.512 , Vol+O2, 1114609.00, 42.20, 0.00, 15.92
14:27:47.512 , Vol+O2, 1114646.00, 61.74, 0.00, 15.92
14:27:47.515 , Vol+O2, 1114683.00, 67.13, 0.00, 15.92
14:27:47.515 , Vol+O2, 1114720.00, 68.83, 0.00, 15.92
14:27:47.519 , Vol+O2, 1114757.00, 63.51, 0.00, 15.89
14:27:47.519 , Vol+O2, 1114794.00, 61.58, 0.00, 15.89
14:27:47.524 , Vol+O2, 1114831.00, 56.66, 0.00, 15.89
14:27:47.524 , Vol+O2, 1114868.00, 54.58, 0.00, 15.89
14:27:47.527 , Vol+O2, 1114905.00, 44.21, 0.00, 15.86
14:27:47.527 , Vol+O2, 1114942.00, 39.54, 0.00, 15.86
14:27:47.531 , Vol+O2, 1114979.00, 44.34, 0.00, 15.86
14:27:47.531 , Vol+O2, 1115016.00, 48.26, 0.00, 15.86
14:27:47.532 , Vol+O2, 1115053.00, 40.38, 0.00, 15.83
14:27:47.532 , Vol+O2, 1115090.00, 41.22, 0.00, 15.83
14:27:47.537 , Vol+O2, 1115127.00, 45.49, 0.00, 15.83
14:27:47.537 , Vol+O2, 1115164.00, 47.20, 0.00, 15.83
14:27:47.539 , Vol+O2, 1115201.00, 35.53, 0.00, 15.83
14:27:47.539 , Vol+O2, 1115238.00, 28.57, 0.00, 15.77
14:27:47.543 , Vol+O2, 1115275.00, 23.45, 0.00, 15.77
14:27:47.568 , Vol+O2, 1115312.00, 19.34, 0.00, 15.77
14:27:52.563 , Vol+O2, 1115348.00, 6.78, 0.00, 15.77
14:27:52.563 , Vol+O2, 1115385.00, 0.00, 0.33, 15.77
14:27:52.563 , Vol+O2, 1115422.00, 0.00, 4.38, 15.77
14:27:52.563 , Vol+O2, 1115459.00, 0.85, 6.39, 15.77
14:27:52.565 , Vol+O2, 1115496.00, 0.00, 10.61, 15.77
14:27:52.565 , Vol+O2, 1115533.00, 0.00, 19.72, 15.74
14:27:52.568 , Vol+O2, 1115570.00, 0.00, 13.66, 15.74
14:27:52.568 , Vol+O2, 1115607.00, 0.00, 16.46, 15.74
14:27:52.575 , Vol+O2, 1115644.00, 0.94, 24.25, 15.74
14:27:52.575 , Vol+O2, 1115681.00, 0.00, 49.31, 15.71
14:27:52.599 , Vol+O2, 1115718.00, 0.00, 40.69, 15.71
14:27:52.602 , Vol+O2, 1115754.00, 0.00, 40.52, 15.71
14:27:52.602 , Vol+O2, 1115790.00, 0.30, 33.89, 15.71
14:27:52.604 , Vol+O2, 1115826.00, 0.00, 42.09, 15.74
14:27:52.604 , Vol+O2, 1115864.00, 0.64, 56.02, 15.74
14:27:52.606 , Vol+O2, 1115901.00, 0.00, 54.75, 15.74
14:27:52.606 , Vol+O2, 1115938.00, 0.22, 47.04, 15.74
14:27:52.610 , Vol+O2, 1115975.00, 0.00, 50.78, 15.77
14:27:52.610 , Vol+O2, 1116012.00, 0.00, 57.79, 15.77
14:27:52.640 , Vol+O2, 1116049.00, 0.47, 62.26, 15.77
14:27:52.640 , Vol+O2, 1116086.00, 0.00, 50.27, 15.77
14:27:52.642 , Vol+O2, 1116124.00, 0.00, 48.17, 15.86
14:27:52.642 , Vol+O2, 1116162.00, 0.00, 43.53, 15.86
14:27:52.644 , Vol+O2, 1116198.00, 0.00, 42.35, 15.86
14:27:52.644 , Vol+O2, 1116235.00, 0.22, 32.77, 15.86
14:27:52.647 , Vol+O2, 1116272.00, 0.00, 24.72, 15.89
14:27:52.647 , Vol+O2, 1116309.00, 0.00, 28.02, 15.89
14:27:52.650 , Vol+O2, 1116346.00, 0.00, 29.27, 15.89
14:27:52.650 , Vol+O2, 1116383.00, 0.00, 17.27, 15.89
14:27:52.652 , Vol+O2, 1116420.00, 0.00, 10.00, 15.89
14:27:52.652 , Vol+O2, 1116457.00, 0.00, 7.60, 15.93
14:27:52.683 , Vol+O2, 1116494.00, 0.00, 6.02, 15.93
14:27:52.683 , Vol+O2, 1116531.00, 1.46, 0.00, 15.93
14:27:52.684 , Vol+O2, 1116568.00, 22.33, 0.00, 15.93
14:27:52.684 , Vol+O2, 1116605.00, 34.54, 0.00, 15.89
14:27:52.686 , Vol+O2, 1116642.00, 51.42, 0.00, 15.89
14:27:52.686 , Vol+O2, 1116679.00, 59.24, 0.00, 15.89
14:27:52.688 , Vol+O2, 1116716.00, 69.35, 0.00, 15.89
14:27:52.688 , Vol+O2, 1116753.00, 70.55, 0.00, 15.86
14:27:52.689 , Vol+O2, 1116790.00, 68.49, 0.00, 15.86
14:27:52.693 , Vol+O2, 1116827.00, 60.48, 0.00, 15.86
14:27:52.693 , Vol+O2, 1116864.00, 60.79, 0.00, 15.86
14:27:52.726 , Vol+O2, 1116901.00, 63.02, 0.00, 15.83
14:27:52.726 , Vol+O2, 1116938.00, 60.33, 0.00, 15.83
14:27:52.729 , Vol+O2, 1116975.00, 47.86, 0.00, 15.83
14:27:52.729 , Vol+O2, 1117012.00, 54.58, 0.00, 15.83
14:27:52.730 , Vol+O2, 1117049.00, 56.66, 0.00, 15.80
14:27:52.730 , Vol+O2, 1117086.00, 53.13, 0.00, 15.80
14:27:52.732 , Vol+O2, 1117123.00, 43.58, 0.00, 15.80
14:27:52.732 , Vol+O2, 1117160.00, 41.47, 0.00, 15.80
14:27:52.734 , Vol+O2, 1117196.00, 39.78, 0.00, 15.74
14:27:52.734 , Vol+O2, 1117233.00, 42.45, 0.00, 15.74
14:27:52.737 , Vol+O2, 1117270.00, 33.24, 0.00, 15.74
14:27:52.737 , Vol+O2, 1117307.00, 21.73, 0.00, 15.74
14:27:52.768 , Vol+O2, 1117344.00, 14.00, 0.00, 15.68
14:27:52.768 , Vol+O2, 1117381.00, 4.97, 0.00, 15.68
14:27:52.771 , Vol+O2, 1117418.00, 0.00, 1.60, 15.68
14:27:52.771 , Vol+O2, 1117455.00, 0.26, 12.86, 15.68
14:27:52.771 , Vol+O2, 1117492.00, 0.43, 3.54, 15.62
14:27:52.773 , Vol+O2, 1117529.00, 0.00, 1.92, 15.62
14:27:52.773 , Vol+O2, 1117566.00, 0.00, 1.68, 15.62
14:27:52.776 , Vol+O2, 1117603.00, 0.43, 1.13, 15.62
14:27:52.776 , Vol+O2, 1117640.00, 0.00, 2.43, 15.62
14:27:52.778 , Vol+O2, 1117677.00, 0.00, 6.39, 15.62
14:27:52.778 , Vol+O2, 1117714.00, 1.50, 16.94, 15.62
14:27:52.785 , Vol+O2, 1117750.00, 0.00, 32.77, 15.62
14:27:52.785 , Vol+O2, 1117787.00, 0.00, 38.23, 15.62
14:27:52.787 , Vol+O2, 1117824.00, 1.24, 28.96, 15.62
14:27:52.787 , Vol+O2, 1117861.00, 0.00, 35.15, 15.62
14:27:52.789 , Vol+O2, 1117898.00, 0.00, 34.81, 15.62
14:27:52.789 , Vol+O2, 1117935.00, 0.00, 35.73, 15.62
14:27:52.793 , Vol+O2, 1117972.00, 0.33, 44.99, 15.65
14:27:52.793 , Vol+O2, 1118009.00, 0.00, 41.20, 15.65
14:27:52.795 , Vol+O2, 1118046.00, 0.00, 54.43, 15.65
14:27:52.795 , Vol+O2, 1118083.00, 0.00, 49.75, 15.65
14:27:52.801 , Vol+O2, 1118120.00, 0.00, 56.50, 15.71
14:27:52.801 , Vol+O2, 1118157.00, 0.00, 51.53, 15.71
14:27:52.805 , Vol+O2, 1118194.00, 0.00, 60.58, 15.71
14:27:52.805 , Vol+O2, 1118231.00, 0.00, 63.96, 15.71
14:27:52.807 , Vol+O2, 1118268.00, 0.00, 68.75, 15.77
14:27:52.807 , Vol+O2, 1118305.00, 0.30, 40.07, 15.77
14:27:52.811 , Vol+O2, 1118342.00, 0.00, 40.69, 15.77
14:27:52.811 , Vol+O2, 1118379.00, 0.00, 42.74, 15.77
14:27:52.813 , Vol+O2, 1118416.00, 0.00, 36.32, 15.83
14:27:52.813 , Vol+O2, 1118453.00, 0.00, 11.94, 15.83
14:27:52.817 , Vol+O2, 1118490.00, 0.00, 0.00, 15.83
14:27:52.817 , Vol+O2, 1118527.00, 10.69, 0.00, 15.83
14:27:52.821 , Vol+O2, 1118563.00, 21.90, 0.00, 15.86
14:27:52.821 , Vol+O2, 1118600.00, 28.57, 0.00, 15.86
14:27:52.824 , Vol+O2, 1118637.00, 35.42, 0.00, 15.86
14:27:52.824 , Vol+O2, 1118674.00, 43.70, 0.00, 15.86
14:27:52.827 , Vol+O2, 1118711.00, 38.37, 0.00, 15.86
14:27:52.827 , Vol+O2, 1118748.00, 34.98, 0.00, 15.86
14:27:52.836 , Vol+O2, 1118785.00, 47.06, 0.00, 15.86
14:27:52.836 , Vol+O2, 1118822.00, 51.56, 0.00, 15.86
14:27:52.838 , Vol+O2, 1118859.00, 51.00, 0.00, 15.89
14:27:52.838 , Vol+O2, 1118896.00, 51.28, 0.00, 15.89
14:27:52.840 , Vol+O2, 1118933.00, 49.48, 0.00, 15.89
14:27:52.840 , Vol+O2, 1118969.00, 46.80, 0.00, 15.89
14:27:52.842 , Vol+O2, 1119006.00, 38.02, 0.00, 15.89
14:27:52.842 , Vol+O2, 1119043.00, 33.24, 0.00, 15.86
14:27:52.846 , Vol+O2, 1119080.00, 35.75, 0.00, 15.86
14:27:52.846 , Vol+O2, 1119117.00, 46.02, 0.00, 15.86
14:27:52.849 , Vol+O2, 1119154.00, 40.38, 0.00, 15.86
14:27:52.849 , Vol+O2, 1119191.00, 36.77, 0.00, 15.83
14:27:52.852 , Vol+O2, 1119228.00, 34.43, 0.00, 15.83
14:27:52.852 , Vol+O2, 1119265.00, 27.40, 0.00, 15.83
14:27:52.854 , Vol+O2, 1119302.00, 15.32, 0.00, 15.83
14:27:52.854 , Vol+O2, 1119339.00, 2.52, 0.00, 15.80
14:27:52.858 , Vol+O2, 1119376.00, 0.00, 2.99, 15.80
14:27:52.858 , Vol+O2, 1119413.00, 0.00, 6.25, 15.80
14:27:52.867 , Vol+O2, 1119450.00, 0.00, 13.06, 15.80
14:27:52.867 , Vol+O2, 1119487.00, 0.00, 28.85, 15.77
14:27:52.868 , Vol+O2, 1119524.00, 0.00, 30.23, 15.77
14:27:52.868 , Vol+O2, 1119561.00, 0.00, 36.91, 15.77
14:27:52.871 , Vol+O2, 1119598.00, 0.00, 61.42, 15.77
14:27:52.871 , Vol+O2, 1119635.00, 0.00, 77.59, 15.74
14:27:52.873 , Vol+O2, 1119672.00, 0.00, 81.25, 15.74
14:27:52.873 , Vol+O2, 1119709.00, 0.00, 78.39, 15.74
14:27:52.875 , Vol+O2, 1119746.00, 0.00, 63.79, 15.74
14:27:52.875 , Vol+O2, 1119782.00, 0.00, 56.34, 15.77
14:27:52.879 , Vol+O2, 1119819.00, 0.00, 54.90, 15.77
14:27:52.879 , Vol+O2, 1119856.00, 0.00, 62.43, 15.77
14:27:52.879 , Vol+O2, 1119893.00, 0.00, 57.39, 15.77
14:27:52.882 , Vol+O2, 1119930.00, 0.00, 50.04, 15.80
14:27:52.882 , Vol+O2, 1119967.00, 0.00, 48.31, 15.80
14:27:52.886 , Vol+O2, 1120004.00, 0.26, 42.35, 15.80
14:27:52.886 , Vol+O2, 1120041.00, 0.00, 31.87, 15.80
14:27:52.911 , Vol+O2, 1120078.00, 0.00, 12.27, 15.82
14:27:52.911 , Vol+O2, 1120115.00, 0.00, 9.88, 15.82
14:27:52.913 , Vol+O2, 1120152.00, 0.00, 3.26, 15.82
14:27:52.914 , Vol+O2, 1120189.00, 2.65, 0.66, 15.82
14:27:52.914 , Vol+O2, 1120226.00, 13.53, 0.00, 15.82
14:27:52.917 , Vol+O2, 1120263.00, 28.87, 0.00, 15.89
14:27:52.917 , Vol+O2, 1120300.00, 38.02, 0.00, 15.89
14:27:52.919 , Vol+O2, 1120337.00, 45.75, 0.00, 15.89
14:27:52.919 , Vol+O2, 1120374.00, 59.24, 0.00, 15.89
14:27:52.950 , Vol+O2, 1120411.00, 71.96, 0.00, 15.86
14:27:52.950 , Vol+O2, 1120448.00, 69.52, 0.00, 15.86
14:27:52.952 , Vol+O2, 1120485.00, 71.43, 0.00, 15.86
14:27:52.952 , Vol+O2, 1120522.00, 68.66, 0.00, 15.86
14:27:52.955 , Vol+O2, 1120559.00, 61.42, 0.00, 15.86
14:27:52.955 , Vol+O2, 1120596.00, 47.72, 0.00, 15.86
14:27:52.956 , Vol+O2, 1120633.00, 41.34, 0.00, 15.86
14:27:52.956 , Vol+O2, 1120670.00, 34.32, 0.00, 15.86
14:27:52.960 , Vol+O2, 1120707.00, 40.38, 0.00, 15.86
14:27:52.960 , Vol+O2, 1120744.00, 38.96, 0.00, 15.86
14:27:52.962 , Vol+O2, 1120781.00, 45.11, 0.00, 15.86
14:27:52.962 , Vol+O2, 1120818.00, 40.74, 0.00, 15.86
14:27:52.992 , Vol+O2, 1120855.00, 16.65, 0.00, 15.86
14:27:52.992 , Vol+O2, 1120892.00, 0.00, 0.33, 15.86
14:27:52.995 , Vol+O2, 1120929.00, 0.00, 0.00, 15.86
14:27:52.995 , Vol+O2, 1120966.00, 6.30, 0.00, 15.86
14:27:52.997 , Vol+O2, 1121002.00, 2.48, 0.00, 15.83
14:27:52.997 , Vol+O2, 1121039.00, 2.22, 11.24, 15.83
14:27:52.997 , Vol+O2, 1121076.00, 0.00, 18.87, 15.83
14:27:52.997 , Vol+O2, 1121113.00, 0.00, 27.31, 15.83
14:27:53.000 , Vol+O2, 1121150.00, 0.00, 43.40, 15.83
14:27:58.218 , Vol+O2, 1121189.00, 0.00, 67.11, 15.83
14:27:58.219 , Vol+O2, 1121226.00, 0.00, 62.94, 15.83
14:27:58.219 , Vol+O2, 1121264.00, 0.00, 50.78, 15.83
14:27:58.219 , Vol+O2, 1121302.00, 0.00, 54.43, 15.83
14:27:58.219 , Vol+O2, 1121342.00, 0.00, 69.11, 15.83
14:27:58.219 , Vol+O2, 1121382.00, 0.00, 67.65, 15.83
14:27:58.219 , Vol+O2, 1121421.00, 0.60, 60.58, 15.83
14:27:58.219 , Vol+O2, 1121459.00, 0.00, 75.41, 15.86
14:27:58.219 , Vol+O2, 1121497.00, 0.99, 65.17, 15.86
14:27:58.219 , Vol+O2, 1121534.00, 0.00, 56.43, 15.86
14:27:58.219 , Vol+O2, 1121573.00, 0.00, 33.10, 15.86
14:27:58.219 , Vol+O2, 1121610.00, 0.00, 29.48, 15.89
14:27:58.219 , Vol+O2, 1121646.00, 0.00, 29.48, 15.89
14:27:58.219 , Vol+O2, 1121683.00, 0.00, 26.87, 15.89
14:27:58.219 , Vol+O2, 1121720.00, 0.00, 24.56, 15.89
14:27:58.256 , Vol+O2, 1121757.00, 0.00, 25.91, 15.92
14:27:58.259 , Vol+O2, 1121794.00, 0.00, 21.80, 15.92
14:27:58.259 , Vol+O2, 1121831.00, 0.00, 7.31, 15.92
14:27:58.261 , Vol+O2, 1121868.00, 8.08, 0.99, 15.92
14:27:58.261 , Vol+O2, 1121905.00, 17.41, 0.00, 15.92
14:27:58.263 , Vol+O2, 1121942.00, 22.84, 0.00, 15.92
14:27:58.263 , Vol+O2, 1121979.00, 36.31, 0.00, 15.92
14:27:58.265 , Vol+O2, 1122016.00, 46.28, 0.00, 15.92
14:27:58.265 , Vol+O2, 1122053.00, 49.35, 0.00, 15.92
14:27:58.271 , Vol+O2, 1122090.00, 47.86, 0.00, 15.95
14:27:58.271 , Vol+O2, 1122127.00, 56.06, 0.00, 15.95
14:27:58.273 , Vol+O2, 1122164.00, 62.38, 0.00, 15.95
14:27:58.273 , Vol+O2, 1122201.00, 65.79, 0.00, 15.95
14:27:58.277 , Vol+O2, 1122238.00, 58.94, 0.00, 15.92
14:27:58.277 , Vol+O2, 1122275.00, 53.85, 0.00, 15.92
14:27:58.282 , Vol+O2, 1122312.00, 43.45, 0.00, 15.92
14:27:58.282 , Vol+O2, 1122349.00, 41.83, 0.00, 15.92
14:27:58.284 , Vol+O2, 1122386.00, 34.76, 0.00, 15.89
14:27:58.284 , Vol+O2, 1122423.00, 36.20, 0.00, 15.89
14:27:58.287 , Vol+O2, 1122460.00, 41.10, 0.00, 15.89
14:27:58.287 , Vol+O2, 1122497.00, 33.56, 0.00, 15.89
14:27:58.291 , Vol+O2, 1122534.00, 24.25, 0.00, 15.89
14:27:58.291 , Vol+O2, 1122571.00, 23.19, 0.00, 15.89
14:27:58.291 , Vol+O2, 1122608.00, 17.18, 0.00, 15.89
14:27:58.294 , Vol+O2, 1122645.00, 5.31, 0.00, 15.89
14:27:58.321 , Vol+O2, 1122682.00, 1.80, 0.00, 15.86
14:27:58.321 , Vol+O2, 1122719.00, 9.10, 0.00, 15.86
14:27:58.321 , Vol+O2, 1122756.00, 5.39, 0.00, 15.86
14:27:58.323 , Vol+O2, 1122793.00, 0.00, 1.27, 15.86
14:27:58.324 , Vol+O2, 1122829.00, 1.75, 10.24, 15.83
14:27:58.324 , Vol+O2, 1122866.00, 0.00, 15.24, 15.83
14:27:58.327 , Vol+O2, 1122903.00, 0.00, 27.81, 15.83
14:27:58.327 , Vol+O2, 1122940.00, 0.00, 41.71, 15.83
14:27:58.330 , Vol+O2, 1122977.00, 0.00, 54.43, 15.80
14:27:58.330 , Vol+O2, 1123014.00, 0.00, 63.45, 15.80
14:27:58.360 , Vol+O2, 1123051.00, 0.00, 66.93, 15.80
14:27:58.360 , Vol+O2, 1123088.00, 0.00, 67.75, 15.80
14:27:58.362 , Vol+O2, 1123125.00, 0.90, 69.29, 15.80
14:27:58.362 , Vol+O2, 1123162.00, 0.43, 61.42, 15.80
14:27:58.365 , Vol+O2, 1123199.00, 0.47, 59.42, 15.80
14:27:58.366 , Vol+O2, 1123236.00, 0.00, 78.19, 15.80
14:27:58.366 , Vol+O2, 1123273.00, 0.00, 74.42, 15.86
14:27:58.368 , Vol+O2, 1123310.00, 0.00, 65.52, 15.86
14:27:58.368 , Vol+O2, 1123347.00, 0.00, 44.33, 15.86
14:27:58.371 , Vol+O2, 1123383.00, 0.22, 40.57, 15.86
14:27:58.371 , Vol+O2, 1123420.00, 0.00, 29.59, 15.86
14:27:58.377 , Vol+O2, 1123457.00, 0.00, 24.28, 15.89
14:27:58.377 , Vol+O2, 1123494.00, 0.00, 21.36, 15.89
14:27:58.383 , Vol+O2, 1123531.00, 0.00, 16.23, 15.89
14:27:58.383 , Vol+O2, 1123568.00, 0.00, 10.37, 15.89
14:27:58.385 , Vol+O2, 1123605.00, 0.00, 0.71, 15.92
14:27:58.385 , Vol+O2, 1123642.00, 14.00, 0.00, 15.92
14:27:58.386 , Vol+O2, 1123679.00, 29.78, 0.00, 15.92
14:27:58.386 , Vol+O2, 1123716.00, 43.45, 0.00, 15.92
14:27:58.388 , Vol+O2, 1123753.00, 43.08, 0.00, 15.92
14:27:58.388 , Vol+O2, 1123790.00, 47.20, 0.00, 15.92
14:27:58.391 , Vol+O2, 1123827.00, 50.87, 0.00, 15.92
14:27:58.391 , Vol+O2, 1123864.00, 45.11, 0.00, 15.92
14:27:58.391 , Vol+O2, 1123901.00, 38.72, 0.00, 15.92
14:27:58.396 , Vol+O2, 1123938.00, 48.66, 0.00, 15.92
14:27:58.425 , Vol+O2, 1123975.00, 61.74, 0.00, 15.92
14:27:58.425 , Vol+O2, 1124012.00, 57.41, 0.00, 15.92
14:27:58.425 , Vol+O2, 1124049.00, 51.70, 0.00, 15.92
14:27:58.438 , Vol+O2, 1124086.00, 42.45, 0.00, 15.92
14:27:58.442 , Vol+O2, 1124123.00, 32.38, 0.00, 15.92
14:27:58.442 , Vol+O2, 1124160.00, 30.40, 0.00, 15.92
14:27:58.442 , Vol+O2, 1124196.00, 29.98, 0.00, 15.89
14:27:58.444 , Vol+O2, 1124233.00, 30.60, 0.00, 15.89
14:27:58.444 , Vol+O2, 1124270.00, 37.90, 0.00, 15.89
14:27:58.446 , Vol+O2, 1124307.00, 30.09, 0.00, 15.89
14:27:58.448 , Vol+O2, 1124344.00, 18.46, 0.00, 15.89
14:27:58.448 , Vol+O2, 1124381.00, 16.35, 0.00, 15.89
14:27:58.451 , Vol+O2, 1124418.00, 17.18, 0.00, 15.89
14:27:58.451 , Vol+O2, 1124455.00, 7.37, 0.00, 15.89
14:27:58.451 , Vol+O2, 1124492.00, 0.69, 0.00, 15.89
14:27:58.453 , Vol+O2, 1124529.00, 4.11, 0.00, 15.89
14:27:58.453 , Vol+O2, 1124566.00, 1.84, 0.00, 15.89
14:27:58.456 , Vol+O2, 1124602.00, 0.00, 1.13, 15.89
14:27:58.456 , Vol+O2, 1124639.00, 0.00, 9.63, 15.89
14:27:58.458 , Vol+O2, 1124676.00, 0.00, 8.51, 15.87
14:27:58.458 , Vol+O2, 1124713.00, 0.00, 8.05, 15.87
14:27:58.463 , Vol+O2, 1124750.00, 0.00, 9.34, 15.87
14:27:58.463 , Vol+O2, 1124787.00, 0.64, 11.11, 15.87
14:27:58.466 , Vol+O2, 1124824.00, 0.00, 20.84, 15.83
14:27:58.466 , Vol+O2, 1124861.00, 0.00, 20.24, 15.83
14:27:58.470 , Vol+O2, 1124898.00, 1.80, 26.11, 15.83
14:27:58.470 , Vol+O2, 1124935.00, 1.66, 32.99, 15.83
14:27:58.475 , Vol+O2, 1124972.00, 0.77, 34.00, 15.86
14:27:58.475 , Vol+O2, 1125009.00, 0.22, 40.19, 15.86
14:27:58.478 , Vol+O2, 1125046.00, 0.00, 60.74, 15.86
14:27:58.478 , Vol+O2, 1125083.00, 0.00, 68.93, 15.86
14:27:58.482 , Vol+O2, 1125120.00, 0.00, 59.75, 15.89
14:27:58.482 , Vol+O2, 1125157.00, 0.30, 39.08, 15.89
14:27:58.485 , Vol+O2, 1125194.00, 0.00, 49.17, 15.89
14:27:58.485 , Vol+O2, 1125231.00, 0.00, 51.38, 15.89
14:27:58.485 , Vol+O2, 1125268.00, 0.00, 46.63, 15.95
14:27:58.487 , Vol+O2, 1125305.00, 0.00, 52.28, 15.95
14:27:58.490 , Vol+O2, 1125342.00, 0.00, 48.88, 15.95
14:27:58.490 , Vol+O2, 1125379.00, 0.00, 37.03, 15.95
14:27:58.494 , Vol+O2, 1125415.00, 0.00, 22.80, 16.01
14:27:58.494 , Vol+O2, 1125452.00, 0.00, 22.62, 16.01
14:27:58.498 , Vol+O2, 1125489.00, 0.00, 22.16, 16.01
14:27:58.498 , Vol+O2, 1125526.00, 0.00, 17.34, 16.01
14:27:58.499 , Vol+O2, 1125563.00, 0.00, 6.35, 16.04
14:27:58.499 , Vol+O2, 1125600.00, 0.43, 0.00, 16.04
14:27:58.531 , Vol+O2, 1125637.00, 9.39, 0.00, 16.04
14:27:58.531 , Vol+O2, 1125674.00, 12.43, 0.00, 16.04
14:27:58.534 , Vol+O2, 1125711.00, 26.08, 0.00, 16.04
14:27:58.534 , Vol+O2, 1125748.00, 38.14, 0.00, 16.04
14:27:58.536 , Vol+O2, 1125785.00, 46.28, 0.00, 16.04
14:27:58.536 , Vol+O2, 1125822.00, 44.72, 0.00, 16.04
14:27:58.538 , Vol+O2, 1125859.00, 49.35, 0.00, 16.04
14:27:58.538 , Vol+O2, 1125896.00, 51.14, 0.00, 16.01
14:27:58.538 , Vol+O2, 1125933.00, 45.89, 0.00, 16.01
14:27:58.539 , Vol+O2, 1125970.00, 41.22, 0.00, 16.01
14:27:58.539 , Vol+O2, 1126007.00, 40.14, 0.00, 16.01
14:27:58.542 , Vol+O2, 1126044.00, 42.33, 0.00, 16.01
14:27:58.542 , Vol+O2, 1126081.00, 38.14, 0.00, 16.01
14:27:58.544 , Vol+O2, 1126118.00, 34.54, 0.00, 16.01
14:27:58.544 , Vol+O2, 1126155.00, 35.98, 0.00, 16.01
14:27:58.575 , Vol+O2, 1126192.00, 37.34, 0.00, 15.98
14:27:58.575 , Vol+O2, 1126229.00, 26.17, 0.00, 15.98
14:27:58.601 , Vol+O2, 1126266.00, 15.76, 0.00, 15.98
14:27:58.601 , Vol+O2, 1126303.00, 30.19, 0.00, 15.98
14:27:58.616 , Vol+O2, 1126340.00, 40.62, 0.00, 15.95
14:27:58.616 , Vol+O2, 1126377.00, 37.68, 0.00, 15.95
14:27:58.618 , Vol+O2, 1126414.00, 22.58, 0.00, 15.95
14:27:58.626 , Vol+O2, 1126451.00, 13.20, 0.00, 15.95
14:27:58.626 , Vol+O2, 1126488.00, 6.36, 0.00, 15.92
14:27:58.655 , Vol+O2, 1126525.00, 5.78, 0.00, 15.92
14:27:58.655 , Vol+O2, 1126562.00, 11.73, 0.00, 15.92
14:27:58.656 , Vol+O2, 1126599.00, 14.00, 0.00, 15.92
14:28:03.616 , Vol+O2, 1126635.00, 13.07, 0.00, 15.92
14:28:03.620 , Vol+O2, 1126672.00, 5.91, 0.00, 15.92
14:28:03.621 , Vol+O2, 1126709.00, 0.30, 0.00, 15.92
14:28:03.621 , Vol+O2, 1126746.00, 1.08, 0.00, 15.92
14:28:03.621 , Vol+O2, 1126783.00, 0.00, 4.19, 15.89
14:28:03.621 , Vol+O2, 1126820.00, 0.81, 18.70, 15.89
14:28:03.626 , Vol+O2, 1126857.00, 0.00, 46.90, 15.89
14:28:03.626 , Vol+O2, 1126894.00, 0.00, 50.78, 15.89
14:28:03.659 , Vol+O2, 1126932.00, 0.22, 37.39, 15.86
14:28:03.659 , Vol+O2, 1126968.00, 0.00, 47.88, 15.86
14:28:03.659 , Vol+O2, 1127005.00, 0.33, 57.79, 15.86
14:28:03.659 , Vol+O2, 1127043.00, 0.38, 57.62, 15.86
14:28:03.659 , Vol+O2, 1127081.00, 0.00, 68.56, 15.86
14:28:03.662 , Vol+O2, 1127121.00, 0.00, 75.20, 15.86
14:28:03.662 , Vol+O2, 1127157.00, 0.38, 79.81, 15.86
14:28:03.665 , Vol+O2, 1127194.00, 0.56, 59.42, 15.86
14:28:03.665 , Vol+O2, 1127230.00, 0.33, 46.49, 15.89
14:28:03.667 , Vol+O2, 1127267.00, 0.00, 53.97, 15.89
14:28:03.667 , Vol+O2, 1127304.00, 0.00, 56.66, 15.89
14:28:03.669 , Vol+O2, 1127341.00, 0.00, 43.13, 15.89
14:28:03.669 , Vol+O2, 1127378.00, 0.00, 46.90, 15.89
14:28:03.673 , Vol+O2, 1127415.00, 0.00, 51.67, 15.92
14:28:03.673 , Vol+O2, 1127452.00, 0.00, 55.38, 15.92
14:28:03.676 , Vol+O2, 1127489.00, 0.00, 28.96, 15.92
14:28:03.676 , Vol+O2, 1127526.00, 0.00, 17.42, 15.92
14:28:03.682 , Vol+O2, 1127563.00, 0.00, 15.31, 15.95
14:28:03.682 , Vol+O2, 1127600.00, 0.00, 16.23, 15.95
14:28:03.685 , Vol+O2, 1127637.00, 0.00, 11.36, 15.95
14:28:03.685 , Vol+O2, 1127674.00, 0.00, 7.21, 15.95
14:28:03.687 , Vol+O2, 1127711.00, 0.00, 0.00, 15.98
14:28:03.687 , Vol+O2, 1127748.00, 7.65, 0.00, 15.98
14:28:03.690 , Vol+O2, 1127785.00, 25.42, 0.00, 15.98
14:28:03.690 , Vol+O2, 1127822.00, 46.54, 0.00, 15.98
14:28:03.693 , Vol+O2, 1127859.00, 44.34, 0.00, 15.98
14:28:03.693 , Vol+O2, 1127896.00, 44.85, 0.00, 15.98
14:28:03.696 , Vol+O2, 1127933.00, 52.85, 0.00, 15.98
14:28:03.696 , Vol+O2, 1127970.00, 58.47, 0.00, 15.98
14:28:03.699 , Vol+O2, 1128007.00, 51.85, 0.00, 15.95
14:28:03.699 , Vol+O2, 1128044.00, 40.14, 0.00, 15.95
14:28:03.703 , Vol+O2, 1128081.00, 47.33, 0.00, 15.95
14:28:03.703 , Vol+O2, 1128118.00, 55.76, 0.00, 15.95
14:28:03.707 , Vol+O2, 1128154.00, 59.09, 0.00, 15.92
14:28:03.707 , Vol+O2, 1128191.00, 47.99, 0.00, 15.92
14:28:03.711 , Vol+O2, 1128228.00, 40.74, 0.00, 15.92
14:28:03.711 , Vol+O2, 1128265.00, 34.43, 0.00, 15.92
14:28:03.716 , Vol+O2, 1128302.00, 32.81, 0.00, 15.92
14:28:03.716 , Vol+O2, 1128339.00, 34.32, 0.00, 15.92
14:28:03.719 , Vol+O2, 1128376.00, 35.31, 0.00, 15.92
14:28:03.719 , Vol+O2, 1128413.00, 41.59, 0.00, 15.92
14:28:03.721 , Vol+O2, 1128450.00, 33.89, 0.00, 15.89
14:28:03.721 , Vol+O2, 1128487.00, 21.48, 0.00, 15.89
14:28:03.723 , Vol+O2, 1128524.00, 23.01, 0.00, 15.89
14:28:03.723 , Vol+O2, 1128561.00, 23.27, 0.00, 15.89
14:28:03.727 , Vol+O2, 1128598.00, 14.27, 0.00, 15.87
14:28:03.727 , Vol+O2, 1128635.00, 9.39, 0.00, 15.87
14:28:03.730 , Vol+O2, 1128672.00, 14.83, 0.00, 15.87
14:28:03.730 , Vol+O2, 1128708.00, 18.05, 0.00, 15.87
14:28:03.735 , Vol+O2, 1128745.00, 9.79, 0.00, 15.87
14:28:03.735 , Vol+O2, 1128782.00, 0.00, 2.15, 15.83
14:28:03.739 , Vol+O2, 1128819.00, 0.00, 4.75, 15.83
14:28:03.739 , Vol+O2, 1128856.00, 0.33, 5.37, 15.83
14:28:03.743 , Vol+O2, 1128893.00, 0.00, 22.80, 15.83
14:28:03.743 , Vol+O2, 1128930.00, 0.00, 42.61, 15.80
14:28:03.744 , Vol+O2, 1128967.00, 10.09, 56.66, 15.80
14:28:03.744 , Vol+O2, 1129004.00, 0.00, 42.35, 15.80
14:28:03.748 , Vol+O2, 1129041.00, 0.00, 56.66, 15.80
14:28:03.748 , Vol+O2, 1129078.00, 7.43, 43.53, 15.80
14:28:03.753 , Vol+O2, 1129115.00, 0.00, 36.32, 15.80
14:28:03.753 , Vol+O2, 1129152.00, 5.57, 46.21, 15.80
14:28:03.756 , Vol+O2, 1129189.00, 0.00, 38.10, 15.80
14:28:03.756 , Vol+O2, 1129226.00, 0.00, 75.01, 15.80
14:28:03.758 , Vol+O2, 1129263.00, 12.04, 54.28, 15.80
14:28:03.758 , Vol+O2, 1129300.00, 0.00, 30.88, 15.80
14:28:03.763 , Vol+O2, 1129337.00, 8.20, 28.85, 15.80
14:28:03.763 , Vol+O2, 1129374.00, 0.00, 25.62, 15.86
14:28:03.765 , Vol+O2, 1129411.00, 6.89, 37.86, 15.86
14:28:03.765 , Vol+O2, 1129448.00, 0.00, 28.96, 15.86
14:28:03.769 , Vol+O2, 1129485.00, 0.00, 38.35, 15.86
14:28:03.769 , Vol+O2, 1129521.00, 0.00, 21.98, 15.89
14:28:03.773 , Vol+O2, 1129558.00, 0.00, 32.54, 15.89
14:28:03.773 , Vol+O2, 1129595.00, 0.00, 19.05, 15.89
14:28:03.773 , Vol+O2, 1129632.00, 0.00, 24.28, 15.89
14:28:03.775 , Vol+O2, 1129669.00, 0.00, 15.24, 15.92
14:28:03.775 , Vol+O2, 1129706.00, 0.00, 12.86, 15.92
14:28:03.779 , Vol+O2, 1129743.00, 2.14, 10.31, 15.920001
14:28:03.779 , Vol+O2, 1129780.00, 5.91, 1.22, 15.92
14:28:03.787 , Vol+O2, 1129817.00, 22.50, 0.00, 15.95
14:28:03.787 , Vol+O2, 1129854.00, 32.60, 0.00, 15.95
14:28:03.789 , Vol+O2, 1129891.00, 37.90, 0.00, 15.95
14:28:03.789 , Vol+O2, 1129927.00, 55.91, 0.00, 15.95
14:28:03.792 , Vol+O2, 1129964.00, 79.70, 0.00, 15.95
14:28:03.792 , Vol+O2, 1130001.00, 77.62, 0.00, 15.95
14:28:03.794 , Vol+O2, 1130038.00, 69.35, 0.00, 15.95
14:28:03.794 , Vol+O2, 1130075.00, 63.51, 0.00, 15.95
14:28:03.797 , Vol+O2, 1130112.00, 61.42, 0.00, 15.95
14:28:03.800 , Vol+O2, 1130149.00, 58.78, 0.00, 15.95
14:28:03.800 , Vol+O2, 1130186.00, 53.85, 0.00, 15.95
14:28:03.800 , Vol+O2, 1130223.00, 44.98, 0.00, 15.95
14:28:03.803 , Vol+O2, 1130260.00, 44.85, 0.00, 15.95
14:28:03.803 , Vol+O2, 1130297.00, 49.35, 0.00, 15.92
14:28:03.811 , Vol+O2, 1130334.00, 41.95, 0.00, 15.92
14:28:03.811 , Vol+O2, 1130371.00, 37.68, 0.00, 15.92
14:28:03.843 , Vol+O2, 1130408.00, 38.96, 0.00, 15.92
14:28:03.843 , Vol+O2, 1130445.00, 38.84, 0.00, 15.92
14:28:03.870 , Vol+O2, 1130482.00, 22.33, 0.00, 15.92
14:28:03.870 , Vol+O2, 1130519.00, 6.00, 0.00, 15.92
14:28:03.870 , Vol+O2, 1130556.00, 5.31, 0.00, 15.92
14:28:03.870 , Vol+O2, 1130593.00, 14.00, 0.00, 15.89
14:28:03.878 , Vol+O2, 1130630.00, 0.60, 0.29, 15.89
14:28:03.880 , Vol+O2, 1130667.00, 0.00, 6.98, 15.89
14:28:03.880 , Vol+O2, 1130704.00, 1.54, 10.31, 15.89
14:28:03.897 , Vol+O2, 1130740.00, 0.00, 30.23, 15.86
14:28:03.897 , Vol+O2, 1130777.00, 0.00, 59.25, 15.86
14:28:03.899 , Vol+O2, 1130814.00, 0.00, 75.41, 15.86
14:28:03.899 , Vol+O2, 1130851.00, 0.26, 83.74, 15.86
14:28:03.901 , Vol+O2, 1130888.00, 0.00, 89.31, 15.86
14:28:03.901 , Vol+O2, 1130925.00, 0.00, 79.00, 15.86
14:28:03.903 , Vol+O2, 1130962.00, 0.00, 79.40, 15.86
14:28:03.903 , Vol+O2, 1130999.00, 0.00, 96.65, 15.86
14:28:03.906 , Vol+O2, 1131036.00, 0.00, 67.29, 15.89
14:28:03.906 , Vol+O2, 1131073.00, 0.00, 60.74, 15.89
14:28:03.908 , Vol+O2, 1131110.00, 0.00, 52.13, 15.89
14:28:03.908 , Vol+O2, 1131147.00, 0.00, 70.59, 15.89
14:28:03.908 , Vol+O2, 1131184.00, 0.60, 60.58, 15.89
14:28:03.910 , Vol+O2, 1131221.00, 0.00, 42.22, 15.92
14:28:03.910 , Vol+O2, 1131258.00, 0.22, 37.15, 15.92
14:28:03.913 , Vol+O2, 1131295.00, 0.00, 33.89, 15.92
14:28:03.913 , Vol+O2, 1131332.00, 0.00, 40.57, 15.92
14:28:03.917 , Vol+O2, 1131369.00, 0.00, 27.61, 15.92
14:28:03.917 , Vol+O2, 1131406.00, 0.00, 24.66, 15.92
14:28:03.920 , Vol+O2, 1131443.00, 0.00, 17.59, 15.92
14:28:03.920 , Vol+O2, 1131480.00, 0.00, 7.77, 15.9200001
14:28:03.925 , Vol+O2, 1131517.00, 0.43, 0.00, 15.98
14:28:03.925 , Vol+O2, 1131554.00, 18.78, 0.00, 15.98
14:28:03.927 , Vol+O2, 1131591.00, 43.08, 0.00, 15.98
14:28:03.927 , Vol+O2, 1131628.00, 43.70, 0.00, 15.98
14:28:03.930 , Vol+O2, 1131665.00, 54.58, 0.00, 15.98
14:28:03.930 , Vol+O2, 1131702.00, 81.05, 0.00, 15.98
14:28:03.976 , Vol+O2, 1131739.00, 76.87, 0.00, 15.98
14:28:03.976 , Vol+O2, 1131776.00, 60.33, 0.00, 15.98
14:28:04.006 , Vol+O2, 1131813.00, 50.72, 0.00, 15.95
14:28:04.006 , Vol+O2, 1131850.00, 57.11, 0.00, 15.95
14:28:04.032 , Vol+O2, 1131887.00, 66.79, 0.00, 15.95
14:28:04.032 , Vol+O2, 1131924.00, 62.86, 0.00, 15.95
14:28:04.033 , Vol+O2, 1131960.00, 50.72, 0.00, 15.95
14:28:04.036 , Vol+O2, 1131997.00, 42.45, 0.00, 15.95
14:28:04.036 , Vol+O2, 1132034.00, 42.33, 0.00, 15.95
14:28:04.038 , Vol+O2, 1132071.00, 47.46, 0.00, 15.95
14:28:04.038 , Vol+O2, 1132108.00, 53.56, 0.00, 15.92
14:28:04.039 , Vol+O2, 1132145.00, 55.31, 0.00, 15.92
14:28:04.039 , Vol+O2, 1132182.00, 60.64, 0.00, 15.92
14:28:09.042 , Vol+O2, 1132219.00, 54.44, 0.00, 15.92
14:28:09.042 , Vol+O2, 1132256.00, 30.60, 0.00, 15.92
14:28:09.042 , Vol+O2, 1132293.00, 19.99, 0.00, 15.92
14:28:09.042 , Vol+O2, 1132332.00, 19.66, 0.00, 15.92
14:28:09.042 , Vol+O2, 1132370.00, 6.09, 0.00, 15.92
14:28:09.042 , Vol+O2, 1132408.00, 0.85, 8.63, 15.89
14:28:09.042 , Vol+O2, 1132444.00, 0.00, 19.05, 15.89
14:28:09.042 , Vol+O2, 1132480.00, 0.00, 24.37, 15.89
14:28:09.042 , Vol+O2, 1132517.00, 0.00, 47.88, 15.89
14:28:09.042 , Vol+O2, 1132555.00, 0.00, 82.07, 15.89
14:28:09.072 , Vol+O2, 1132593.00, 0.00, 107.49, 15.89
14:28:09.072 , Vol+O2, 1132630.00, 0.00, 111.58, 15.89
14:28:09.076 , Vol+O2, 1132667.00, 0.00, 104.60, 15.89
14:28:09.076 , Vol+O2, 1132704.00, 0.69, 91.53, 15.89
14:28:09.090 , Vol+O2, 1132741.00, 0.00, 91.53, 15.86
14:28:09.090 , Vol+O2, 1132778.00, 0.26, 79.40, 15.86
14:28:09.091 , Vol+O2, 1132815.00, 0.33, 56.50, 15.86
14:28:09.093 , Vol+O2, 1132852.00, 0.69, 61.25, 15.86
14:28:09.093 , Vol+O2, 1132889.00, 0.00, 67.29, 15.89
14:28:09.114 , Vol+O2, 1132926.00, 0.56, 45.40, 15.89
14:28:09.114 , Vol+O2, 1132963.00, 0.00, 40.82, 15.89
14:28:09.116 , Vol+O2, 1133000.00, 0.00, 52.89, 15.89
14:28:09.116 , Vol+O2, 1133037.00, 0.00, 49.45, 15.92
14:28:09.119 , Vol+O2, 1133074.00, 0.00, 38.71, 15.92
14:28:09.119 , Vol+O2, 1133111.00, 0.00, 17.84, 15.92
14:28:09.119 , Vol+O2, 1133148.00, 0.00, 7.48, 15.92
14:28:09.121 , Vol+O2, 1133185.00, 0.00, 6.98, 15.95
14:28:09.121 , Vol+O2, 1133222.00, 0.00, 7.37, 15.95
14:28:09.123 , Vol+O2, 1133259.00, 0.00, 4.85, 15.95
14:28:09.123 , Vol+O2, 1133296.00, 0.00, 4.65, 15.95
14:28:09.126 , Vol+O2, 1133333.00, 0.00, 0.80, 15.98
14:28:09.126 , Vol+O2, 1133370.00, 4.20, 0.00, 15.98
14:28:09.158 , Vol+O2, 1133407.00, 18.46, 0.00, 15.98
14:28:09.158 , Vol+O2, 1133444.00, 31.96, 0.00, 15.98
14:28:09.161 , Vol+O2, 1133480.00, 33.45, 0.00, 16.01
14:28:09.161 , Vol+O2, 1133517.00, 42.33, 0.00, 16.01
14:28:09.164 , Vol+O2, 1133554.00, 60.02, 0.00, 16.01
14:28:09.164 , Vol+O2, 1133591.00, 64.64, 0.00, 16.01
14:28:09.165 , Vol+O2, 1133628.00, 60.02, 0.00, 15.98
14:28:09.165 , Vol+O2, 1133665.00, 53.13, 0.00, 15.98
14:28:09.170 , Vol+O2, 1133702.00, 56.66, 0.00, 15.98
14:28:09.170 , Vol+O2, 1133739.00, 67.47, 0.00, 15.98
14:28:09.177 , Vol+O2, 1133776.00, 71.96, 0.00, 15.98
14:28:09.177 , Vol+O2, 1133813.00, 60.79, 0.00, 15.98
14:28:09.211 , Vol+O2, 1133850.00, 55.46, 0.00, 15.98
14:28:09.211 , Vol+O2, 1133887.00, 53.27, 0.00, 15.98
14:28:09.212 , Vol+O2, 1133924.00, 44.59, 0.00, 15.98
14:28:09.212 , Vol+O2, 1133961.00, 47.99, 0.00, 15.98
14:28:09.213 , Vol+O2, 1133998.00, 47.86, 0.00, 15.98
14:28:09.213 , Vol+O2, 1134034.00, 51.42, 0.00, 15.98
14:28:09.215 , Vol+O2, 1134071.00, 46.02, 0.00, 15.98
14:28:09.223 , Vol+O2, 1134108.00, 23.98, 0.00, 15.95
14:28:09.223 , Vol+O2, 1134145.00, 24.07, 0.00, 15.95
14:28:09.224 , Vol+O2, 1134182.00, 21.14, 0.00, 15.95
14:28:09.224 , Vol+O2, 1134219.00, 7.97, 0.00, 15.95
14:28:09.227 , Vol+O2, 1134256.00, 0.00, 0.00, 15.92
14:28:09.227 , Vol+O2, 1134293.00, 2.57, 0.00, 15.92
14:28:09.231 , Vol+O2, 1134330.00, 4.49, 0.00, 15.92
14:28:09.231 , Vol+O2, 1134367.00, 0.00, 1.31, 15.92
14:28:09.234 , Vol+O2, 1134404.00, 2.27, 10.80, 15.92
14:28:09.234 , Vol+O2, 1134441.00, 0.69, 18.44, 15.92
14:28:09.237 , Vol+O2, 1134478.00, 0.00, 30.34, 15.92
14:28:09.237 , Vol+O2, 1134515.00, 0.00, 43.93, 15.92
14:28:09.240 , Vol+O2, 1134552.00, 0.00, 59.09, 15.89
14:28:09.240 , Vol+O2, 1134589.00, 0.00, 61.58, 15.89
14:28:09.245 , Vol+O2, 1134626.00, 0.00, 53.20, 15.89
14:28:09.245 , Vol+O2, 1134663.00, 0.47, 75.60, 15.89
14:28:09.248 , Vol+O2, 1134700.00, 0.00, 91.76, 15.92
14:28:09.248 , Vol+O2, 1134737.00, 0.81, 69.85, 15.92
14:28:09.277 , Vol+O2, 1134774.00, 0.00, 50.19, 15.92
14:28:09.277 , Vol+O2, 1134811.00, 0.47, 59.09, 15.92
14:28:09.279 , Vol+O2, 1134847.00, 0.00, 87.14, 15.92
14:28:09.279 , Vol+O2, 1134884.00, 0.00, 67.29, 15.92
14:28:09.283 , Vol+O2, 1134921.00, 0.00, 43.27, 15.92
14:28:09.285 , Vol+O2, 1134958.00, 0.30, 36.56, 15.92
14:28:09.285 , Vol+O2, 1134995.00, 0.00, 42.48, 15.98
14:28:09.287 , Vol+O2, 1135032.00, 0.00, 46.21, 15.98
14:28:09.287 , Vol+O2, 1135069.00, 0.00, 36.79, 15.98
14:28:09.291 , Vol+O2, 1135106.00, 0.00, 33.21, 15.98
14:28:09.291 , Vol+O2, 1135143.00, 0.00, 28.85, 16.04
14:28:09.294 , Vol+O2, 1135180.00, 0.00, 22.80, 16.04
14:28:09.294 , Vol+O2, 1135217.00, 0.00, 12.60, 16.04
14:28:09.300 , Vol+O2, 1135254.00, 0.00, 6.35, 16.04
14:28:09.300 , Vol+O2, 1135291.00, 0.00, 7.87, 16.04
14:28:09.302 , Vol+O2, 1135328.00, 0.43, 0.00, 16.04
14:28:09.302 , Vol+O2, 1135365.00, 21.31, 0.00, 16.04
14:28:09.305 , Vol+O2, 1135402.00, 31.85, 0.00, 16.04
14:28:09.305 , Vol+O2, 1135439.00, 29.27, 0.00, 16.04
14:28:09.307 , Vol+O2, 1135476.00, 37.45, 0.00, 16.04
14:28:09.307 , Vol+O2, 1135513.00, 61.27, 0.00, 16.04
14:28:09.310 , Vol+O2, 1135550.00, 70.38, 0.00, 16.04
14:28:09.310 , Vol+O2, 1135587.00, 65.46, 0.00, 16.04
14:28:09.314 , Vol+O2, 1135624.00, 58.17, 0.00, 16.04
14:28:09.323 , Vol+O2, 1135661.00, 51.42, 0.00, 16.04
14:28:09.323 , Vol+O2, 1135698.00, 52.27, 0.00, 16.04
14:28:09.326 , Vol+O2, 1135735.00, 50.17, 0.00, 16.04
14:28:09.326 , Vol+O2, 1135772.00, 40.62, 0.00, 16.04
14:28:09.327 , Vol+O2, 1135809.00, 42.08, 0.00, 16.04
14:28:09.327 , Vol+O2, 1135846.00, 45.49, 0.00, 16.04
14:28:09.329 , Vol+O2, 1135883.00, 35.53, 0.00, 16.04
14:28:09.329 , Vol+O2, 1135920.00, 33.89, 0.00, 16.01
14:28:09.332 , Vol+O2, 1135957.00, 41.34, 0.00, 16.01
14:28:09.332 , Vol+O2, 1135994.00, 41.72, 0.00, 16.01
14:28:09.336 , Vol+O2, 1136031.00, 31.54, 0.00, 16.01
14:28:09.336 , Vol+O2, 1136067.00, 29.98, 0.00, 16.01
14:28:09.338 , Vol+O2, 1136104.00, 33.45, 0.00, 16.01
14:28:09.338 , Vol+O2, 1136141.00, 30.40, 0.00, 16.01
14:28:09.341 , Vol+O2, 1136178.00, 17.49, 0.00, 16.01
14:28:09.341 , Vol+O2, 1136215.00, 4.32, 0.00, 15.98
14:28:09.343 , Vol+O2, 1136252.00, 0.00, 1.77, 15.98
14:28:09.343 , Vol+O2, 1136289.00, 0.00, 18.52, 15.98
14:28:09.373 , Vol+O2, 1136326.00, 0.00, 38.71, 15.98
14:28:09.373 , Vol+O2, 1136363.00, 0.00, 62.26, 15.95
14:28:09.375 , Vol+O2, 1136400.00, 0.00, 60.90, 15.95
14:28:09.375 , Vol+O2, 1136437.00, 0.00, 51.22, 15.95
14:28:09.378 , Vol+O2, 1136474.00, 0.00, 59.42, 15.95
14:28:09.378 , Vol+O2, 1136511.00, 0.00, 70.40, 15.95
14:28:09.380 , Vol+O2, 1136548.00, 0.00, 60.41, 15.95
14:28:09.380 , Vol+O2, 1136585.00, 0.00, 54.43, 15.95
14:28:09.382 , Vol+O2, 1136622.00, 0.00, 76.00, 15.95
14:28:09.382 , Vol+O2, 1136659.00, 0.00, 90.86, 15.95
14:28:09.384 , Vol+O2, 1136696.00, 0.00, 73.64, 15.98
14:28:09.384 , Vol+O2, 1136733.00, 0.00, 49.75, 15.98
14:28:09.388 , Vol+O2, 1136770.00, 0.00, 50.19, 15.98
14:28:09.388 , Vol+O2, 1136807.00, 0.00, 47.60, 15.98
14:28:09.418 , Vol+O2, 1136844.00, 0.00, 35.73, 16.01
14:28:09.418 , Vol+O2, 1136881.00, 0.00, 27.21, 16.01
14:28:09.420 , Vol+O2, 1136918.00, 0.00, 28.96, 16.01
14:28:09.423 , Vol+O2, 1136955.00, 0.00, 34.12, 16.01
14:28:09.423 , Vol+O2, 1136992.00, 0.00, 34.35, 16.03
14:28:09.424 , Vol+O2, 1137029.00, 0.00, 21.63, 16.03
14:28:09.424 , Vol+O2, 1137066.00, 0.00, 3.36, 16.03
14:28:09.426 , Vol+O2, 1137103.00, 0.22, 0.00, 16.03
14:28:09.426 , Vol+O2, 1137140.00, 9.98, 0.00, 16.07
14:28:09.430 , Vol+O2, 1137177.00, 30.40, 0.00, 16.07
14:28:09.430 , Vol+O2, 1137214.00, 51.85, 0.00, 16.07
14:28:09.459 , Vol+O2, 1137251.00, 55.02, 0.00, 16.07
14:28:09.459 , Vol+O2, 1137288.00, 49.62, 0.00, 16.07
14:28:09.462 , Vol+O2, 1137325.00, 55.61, 0.00, 16.07
14:28:09.462 , Vol+O2, 1137362.00, 70.21, 0.00, 16.07
14:28:09.464 , Vol+O2, 1137399.00, 73.21, 0.00, 16.07
14:28:09.464 , Vol+O2, 1137435.00, 65.13, 0.00, 16.07
14:28:09.465 , Vol+O2, 1137472.00, 54.58, 0.00, 16.07
14:28:09.465 , Vol+O2, 1137509.00, 53.13, 0.00, 16.07
14:28:09.467 , Vol+O2, 1137546.00, 59.24, 0.00, 16.07
14:28:09.467 , Vol+O2, 1137583.00, 55.02, 0.00, 16.07
14:28:14.516 , Vol+O2, 1137620.00, 46.28, 0.00, 16.07
14:28:14.516 , Vol+O2, 1137657.00, 47.33, 0.00, 16.07
14:28:14.516 , Vol+O2, 1137694.00, 47.99, 0.00, 16.07
14:28:14.516 , Vol+O2, 1137732.00, 37.11, 0.00, 16.07
14:28:14.516 , Vol+O2, 1137770.00, 27.21, 0.00, 16.07
14:28:14.516 , Vol+O2, 1137807.00, 29.98, 0.00, 16.07
14:28:14.516 , Vol+O2, 1137844.00, 25.06, 0.00, 16.07
14:28:14.516 , Vol+O2, 1137881.00, 9.22, 0.00, 16.04
14:28:14.516 , Vol+O2, 1137918.00, 1.08, 0.00, 16.04
14:28:14.516 , Vol+O2, 1137958.00, 6.04, 0.00, 16.04
14:28:14.516 , Vol+O2, 1137997.00, 1.24, 0.00, 16.04
14:28:14.524 , Vol+O2, 1138037.00, 0.64, 10.98, 16.01
14:28:15.049 , Vol+O2, 1138074.00, 0.00, 27.71, 16.01
14:28:15.049 , Vol+O2, 1138112.00, 0.00, 43.93, 16.01
14:28:15.054 , Vol+O2, 1138149.00, 0.00, 64.30, 16.01
14:28:15.054 , Vol+O2, 1138186.00, 0.00, 68.38, 16.01
14:28:15.054 , Vol+O2, 1138223.00, 0.00, 69.29, 16.01
14:28:15.054 , Vol+O2, 1138259.00, 0.00, 68.75, 16.01
14:28:15.054 , Vol+O2, 1138296.00, 0.00, 57.79, 16.01
14:28:15.054 , Vol+O2, 1138333.00, 0.00, 67.29, 16.04
14:28:15.054 , Vol+O2, 1138370.00, 0.00, 85.22, 16.04
14:28:15.054 , Vol+O2, 1138407.00, 0.00, 59.91, 16.04
14:28:15.054 , Vol+O2, 1138444.00, 0.00, 51.38, 16.04
14:28:15.054 , Vol+O2, 1138481.00, 0.00, 60.74, 16.04
14:28:15.054 , Vol+O2, 1138518.00, 0.00, 66.22, 16.07
14:28:15.088 , Vol+O2, 1138555.00, 0.00, 61.58, 16.07
14:28:15.088 , Vol+O2, 1138592.00, 0.00, 43.53, 16.07
14:28:15.088 , Vol+O2, 1138629.00, 0.00, 42.87, 16.07
14:28:15.090 , Vol+O2, 1138666.00, 0.00, 38.71, 16.07
14:28:15.090 , Vol+O2, 1138703.00, 0.00, 30.67, 16.07
14:28:15.090 , Vol+O2, 1138740.00, 0.00, 21.63, 16.07
14:28:15.092 , Vol+O2, 1138777.00, 0.00, 15.54, 16.07
14:28:15.092 , Vol+O2, 1138814.00, 0.00, 12.07, 16.08
14:28:15.094 , Vol+O2, 1138851.00, 0.00, 10.55, 16.08
14:28:15.094 , Vol+O2, 1138888.00, 0.56, 0.00, 16.08
14:28:15.096 , Vol+O2, 1138925.00, 19.02, 0.00, 16.08
14:28:15.096 , Vol+O2, 1138962.00, 25.06, 0.00, 16.09
14:28:15.129 , Vol+O2, 1138999.00, 37.68, 0.00, 16.09
14:28:15.129 , Vol+O2, 1139036.00, 58.63, 0.00, 16.09
14:28:15.130 , Vol+O2, 1139073.00, 59.40, 0.00, 16.09
14:28:15.130 , Vol+O2, 1139110.00, 50.03, 0.00, 16.10
14:28:15.132 , Vol+O2, 1139147.00, 46.28, 0.00, 16.10
14:28:15.132 , Vol+O2, 1139184.00, 46.80, 0.00, 16.10
14:28:15.134 , Vol+O2, 1139221.00, 47.99, 0.00, 16.10
14:28:15.134 , Vol+O2, 1139257.00, 48.66, 0.00, 16.13
14:28:15.136 , Vol+O2, 1139294.00, 40.49, 0.00, 16.13
14:28:15.136 , Vol+O2, 1139331.00, 39.08, 0.00, 16.13
14:28:15.139 , Vol+O2, 1139368.00, 38.49, 0.00, 16.13
14:28:15.139 , Vol+O2, 1139405.00, 32.81, 0.00, 16.10
14:28:15.170 , Vol+O2, 1139442.00, 29.07, 0.00, 16.10
14:28:15.170 , Vol+O2, 1139479.00, 33.67, 0.00, 16.10
14:28:15.172 , Vol+O2, 1139516.00, 45.11, 0.00, 16.10
14:28:15.172 , Vol+O2, 1139553.00, 38.49, 0.00, 16.10
14:28:15.174 , Vol+O2, 1139590.00, 29.27, 0.00, 16.10
14:28:15.174 , Vol+O2, 1139627.00, 25.61, 0.00, 16.10
14:28:15.176 , Vol+O2, 1139663.00, 25.33, 0.00, 16.10
14:28:15.176 , Vol+O2, 1139700.00, 15.40, 0.00, 16.10
14:28:15.179 , Vol+O2, 1139737.00, 8.65, 0.00, 16.04
14:28:15.179 , Vol+O2, 1139774.00, 11.12, 0.00, 16.04
14:28:15.184 , Vol+O2, 1139811.00, 9.85, 0.00, 16.04
14:28:15.184 , Vol+O2, 1139848.00, 0.00, 1.04, 16.04
14:28:15.214 , Vol+O2, 1139885.00, 0.00, 8.86, 16.01
14:28:15.214 , Vol+O2, 1139922.00, 0.00, 16.86, 16.01
14:28:15.215 , Vol+O2, 1139959.00, 0.00, 34.47, 16.01
14:28:15.215 , Vol+O2, 1139996.00, 0.00, 50.78, 16.01
14:28:15.217 , Vol+O2, 1140033.00, 0.26, 58.76, 15.98
14:28:15.217 , Vol+O2, 1140070.00, 0.00, 75.20, 15.98
14:28:15.219 , Vol+O2, 1140107.00, 0.00, 66.93, 15.98
14:28:15.221 , Vol+O2, 1140144.00, 0.00, 68.20, 15.98
14:28:15.221 , Vol+O2, 1140181.00, 0.38, 67.29, 15.97
14:28:15.224 , Vol+O2, 1140218.00, 0.69, 68.38, 15.97
14:28:15.224 , Vol+O2, 1140255.00, 0.00, 51.38, 15.97
14:28:15.255 , Vol+O2, 1140292.00, 0.00, 61.75, 15.97
14:28:15.255 , Vol+O2, 1140329.00, 0.00, 84.59, 16.04
14:28:15.257 , Vol+O2, 1140366.00, 0.38, 65.17, 16.04
14:28:15.257 , Vol+O2, 1140403.00, 0.00, 48.59, 16.04
14:28:15.260 , Vol+O2, 1140440.00, 0.00, 39.69, 16.04
14:28:15.260 , Vol+O2, 1140476.00, 0.00, 53.81, 16.07
14:28:15.261 , Vol+O2, 1140513.00, 0.00, 44.99, 16.07
14:28:15.261 , Vol+O2, 1140550.00, 0.00, 30.55, 16.07
14:28:15.264 , Vol+O2, 1140587.00, 0.00, 25.62, 16.07
14:28:15.264 , Vol+O2, 1140624.00, 0.00, 21.36, 16.10
14:28:15.266 , Vol+O2, 1140661.00, 0.00, 13.95, 16.10
14:28:15.266 , Vol+O2, 1140698.00, 0.00, 2.99, 16.10
14:28:15.271 , Vol+O2, 1140735.00, 9.74, 0.00, 16.10
14:28:15.271 , Vol+O2, 1140772.00, 12.68, 0.20, 16.13
14:28:15.273 , Vol+O2, 1140809.00, 15.32, 0.00, 16.13
14:28:15.273 , Vol+O2, 1140846.00, 24.70, 0.00, 16.13
14:28:15.276 , Vol+O2, 1140882.00, 34.43, 0.00, 16.13
14:28:15.276 , Vol+O2, 1140919.00, 34.43, 0.00, 16.13
14:28:15.280 , Vol+O2, 1140956.00, 30.81, 0.00, 16.14
14:28:15.280 , Vol+O2, 1140993.00, 28.57, 0.00, 16.14
14:28:15.283 , Vol+O2, 1141030.00, 30.09, 0.00, 16.14
14:28:15.283 , Vol+O2, 1141067.00, 30.92, 0.00, 16.14
14:28:15.288 , Vol+O2, 1141104.00, 32.38, 0.00, 16.10
14:28:15.288 , Vol+O2, 1141141.00, 33.35, 0.00, 16.10
14:28:15.291 , Vol+O2, 1141178.00, 31.33, 0.00, 16.10
14:28:15.291 , Vol+O2, 1141215.00, 29.17, 0.00, 16.10
14:28:15.295 , Vol+O2, 1141252.00, 26.35, 0.00, 16.07
14:28:15.295 , Vol+O2, 1141289.00, 26.83, 0.00, 16.07
14:28:15.298 , Vol+O2, 1141326.00, 25.80, 0.00, 16.07
14:28:15.298 , Vol+O2, 1141363.00, 25.80, 0.00, 16.07
14:28:15.301 , Vol+O2, 1141400.00, 23.62, 0.00, 16.04
14:28:15.301 , Vol+O2, 1141437.00, 23.10, 0.00, 16.04
14:28:15.305 , Vol+O2, 1141474.00, 26.63, 0.00, 16.04
14:28:15.305 , Vol+O2, 1141511.00, 24.87, 0.00, 16.04
14:28:15.309 , Vol+O2, 1141548.00, 20.07, 0.00, 16.04
14:28:15.309 , Vol+O2, 1141585.00, 16.87, 0.00, 16.04
14:28:15.312 , Vol+O2, 1141622.00, 19.42, 0.00, 16.04
14:28:15.312 , Vol+O2, 1141659.00, 20.15, 0.00, 16.04
14:28:15.315 , Vol+O2, 1141695.00, 18.94, 0.00, 16.01
14:28:15.315 , Vol+O2, 1141732.00, 11.24, 0.00, 16.01
14:28:15.318 , Vol+O2, 1141769.00, 8.42, 0.00, 16.01
14:28:15.318 , Vol+O2, 1141806.00, 2.48, 0.00, 16.01
14:28:15.323 , Vol+O2, 1141843.00, 0.00, 1.27, 15.98