10:23:42.084 , TTPPH, 18545, 28.62, 26.75, 97262.05, 97211.13, 54.72
10:23:45.528 , TTPPH, 21556, 28.62, 26.75, 97254.98, 97210.28, 54.72
10:23:48.118 , TTPPH, 24566, 28.62, 26.74, 97255.55, 97205.44, 54.70
10:23:51.131 , TTPPH, 27576, 28.63, 26.77, 97253.91, 97205.13, 54.73
10:23:54.119 , TTPPH, 30586, 28.62, 26.79, 97254.66, 97204.77, 54.73
10:23:57.408 , TTPPH, 33596, 28.63, 26.81, 97258.27, 97205.07, 54.75
10:24:07.194 , Vol+O2, 38728.00, 0.00, 0.00, 20.96
10:24:07.215 , Vol+O2, 38765.00, 0.00, 0.00, 20.96
10:24:07.215 , Vol+O2, 38802.00, 0.00, 0.00, 20.96
10:24:07.216 , Vol+O2, 38839.00, 0.00, 0.00, 20.96
10:24:07.216 , Vol+O2, 38876.00, 0.00, 0.00, 20.96
10:24:07.216 , Vol+O2, 38912.00, 0.00, 0.00, 20.96
10:24:07.218 , Vol+O2, 38949.00, 0.00, 0.00, 20.96
10:24:07.218 , Vol+O2, 38986.00, 0.00, 0.00, 20.93
10:24:07.245 , Vol+O2, 39023.00, 0.00, 0.00, 20.93
10:24:07.245 , Vol+O2, 39060.00, 0.00, 0.00, 20.93
10:24:07.248 , Vol+O2, 39097.00, 0.00, 0.00, 20.93
10:24:07.248 , Vol+O2, 39134.00, 0.00, 0.00, 20.93
10:24:07.248 , Vol+O2, 39171.00, 0.00, 0.00, 20.93
10:24:07.248 , Vol+O2, 39208.00, 0.00, 0.00, 20.93
10:24:07.252 , Vol+O2, 39245.00, 0.00, 0.00, 20.93
10:24:07.252 , Vol+O2, 39282.00, 0.00, 0.00, 20.96
10:24:07.254 , Vol+O2, 39319.00, 0.00, 0.00, 20.96
10:24:07.254 , Vol+O2, 39355.00, 0.00, 0.00, 20.96
10:24:07.256 , Vol+O2, 39392.00, 0.00, 0.00, 20.96
10:24:07.256 , Vol+O2, 39429.00, 0.00, 0.00, 20.93
10:24:07.260 , Vol+O2, 39465.00, 0.00, 0.00, 20.93
10:24:07.260 , Vol+O2, 39502.00, 0.00, 0.00, 20.93
10:24:07.298 , Vol+O2, 39539.00, 0.00, 0.00, 20.93
10:24:07.298 , Vol+O2, 39575.00, 0.00, 0.00, 20.96
10:24:07.300 , Vol+O2, 39612.00, 0.00, 0.00, 20.96
10:24:07.298 , Vol+O2, 39649.00, 0.00, 0.00, 20.96
10:24:07.301 , Vol+O2, 39686.00, 0.00, 0.00, 20.96
10:24:07.301 , Vol+O2, 39722.00, 0.00, 0.00, 20.93
10:24:07.302 , Vol+O2, 39759.00, 0.00, 0.00, 20.93
10:24:07.302 , Vol+O2, 39795.00, 0.00, 0.00, 20.93
10:24:07.305 , Vol+O2, 39833.00, 0.00, 0.00, 20.93
10:24:07.305 , Vol+O2, 39869.00, 0.00, 0.00, 20.95
10:24:07.312 , Vol+O2, 39906.00, 0.00, 0.00, 20.95
10:24:07.312 , Vol+O2, 39942.00, 0.00, 0.00, 20.95
10:24:07.314 , Vol+O2, 39978.00, 0.00, 0.00, 20.95
10:24:07.314 , Vol+O2, 40014.00, 0.00, 0.00, 20.95
10:24:07.316 , Vol+O2, 40051.00, 0.00, 0.00, 20.93
10:24:07.316 , Vol+O2, 40088.00, 0.00, 0.00, 20.93
10:24:07.320 , Vol+O2, 40125.00, 0.00, 0.00, 20.93
10:24:07.320 , Vol+O2, 40162.00, 0.00, 0.00, 20.93
10:24:07.324 , Vol+O2, 40199.00, 0.00, 0.00, 20.94
10:24:07.324 , Vol+O2, 40235.00, 0.00, 0.00, 20.94
10:24:07.328 , Vol+O2, 40272.00, 0.00, 0.00, 20.94
10:24:07.328 , Vol+O2, 40308.00, 0.00, 0.00, 20.94
10:24:07.330 , Vol+O2, 40345.00, 0.00, 0.00, 20.96
10:24:07.330 , Vol+O2, 40382.00, 0.00, 0.00, 20.96
10:24:07.335 , Vol+O2, 40419.00, 0.00, 0.00, 20.96
10:24:07.335 , Vol+O2, 40454.00, 0.00, 0.00, 20.96
10:24:07.337 , Vol+O2, 40491.00, 0.00, 0.00, 20.93
10:24:07.337 , Vol+O2, 40528.00, 0.00, 0.00, 20.93
10:24:07.354 , Vol+O2, 40564.00, 0.00, 0.00, 20.93
10:24:07.354 , Vol+O2, 40601.00, 0.00, 0.00, 20.93
10:24:07.356 , Vol+O2, 40637.00, 0.00, 0.00, 20.93
10:24:07.356 , Vol+O2, 40674.00, 0.00, 0.00, 20.93
10:24:07.356 , Vol+O2, 40710.00, 0.00, 0.00, 20.93
10:24:07.356 , Vol+O2, 40747.00, 0.00, 0.00, 20.93
10:24:07.383 , Vol+O2, 40784.00, 0.00, 0.00, 20.96
10:24:07.383 , Vol+O2, 40820.00, 0.00, 0.00, 20.96
10:24:07.386 , Vol+O2, 40857.00, 0.00, 0.00, 20.96
10:24:07.386 , Vol+O2, 40894.00, 0.00, 0.00, 20.96
10:24:07.387 , Vol+O2, 40930.00, 0.00, 0.00, 20.96
10:24:07.388 , Vol+O2, 40967.00, 0.00, 0.00, 20.96
10:24:07.388 , Vol+O2, 41004.00, 0.00, 0.00, 20.96
10:24:07.392 , Vol+O2, 41040.00, 0.00, 0.00, 20.96
10:24:07.392 , Vol+O2, 41077.00, 0.00, 0.00, 20.96
10:24:07.393 , Vol+O2, 41114.00, 0.00, 0.00, 20.96
10:24:07.393 , Vol+O2, 41150.00, 0.00, 0.00, 20.96
10:24:07.398 , Vol+O2, 41187.00, 0.00, 0.00, 20.96
10:24:07.398 , Vol+O2, 41224.00, 0.00, 0.00, 20.96
10:24:07.439 , Vol+O2, 41261.00, 0.00, 0.00, 20.96
10:24:07.439 , Vol+O2, 41297.00, 0.00, 0.00, 20.96
10:24:07.441 , Vol+O2, 41334.00, 0.00, 0.00, 20.96
10:24:07.441 , Vol+O2, 41371.00, 0.00, 0.00, 20.96
10:24:07.441 , Vol+O2, 41407.00, 0.00, 0.00, 20.96
10:24:07.441 , Vol+O2, 41444.00, 0.00, 0.00, 20.96
10:24:07.441 , Vol+O2, 41480.00, 0.00, 0.00, 20.96
10:24:07.444 , Vol+O2, 41517.00, 0.00, 0.00, 20.96
10:24:07.444 , Vol+O2, 41553.00, 0.00, 0.00, 20.96
10:24:07.447 , Vol+O2, 41590.00, 0.00, 0.00, 20.96
10:24:07.452 , Vol+O2, 41627.00, 0.00, 0.00, 20.96
10:24:07.452 , Vol+O2, 41664.00, 0.00, 0.00, 20.96
10:24:07.455 , Vol+O2, 41700.00, 0.00, 0.00, 20.96
10:24:07.455 , Vol+O2, 41737.00, 0.00, 0.00, 20.96
10:24:07.452 , Vol+O2, 41773.00, 0.00, 0.00, 20.96
10:24:07.457 , Vol+O2, 41811.00, 0.00, 0.00, 20.96
10:24:07.461 , Vol+O2, 41848.00, 0.00, 0.00, 20.96
10:24:07.461 , Vol+O2, 41884.00, 0.00, 0.00, 20.96
10:24:07.464 , Vol+O2, 41921.00, 0.00, 0.00, 20.96
10:24:07.464 , Vol+O2, 41957.00, 0.00, 0.00, 20.96
10:24:07.511 , Vol+O2, 41994.00, 0.00, 0.00, 20.96
10:24:07.511 , Vol+O2, 42030.00, 0.00, 0.00, 20.96
10:24:07.513 , Vol+O2, 42067.00, 0.00, 0.00, 20.96
10:24:07.513 , Vol+O2, 42104.00, 0.00, 0.00, 20.96
10:24:07.516 , Vol+O2, 42141.00, 0.00, 0.00, 20.96
10:24:07.516 , Vol+O2, 42177.00, 0.00, 0.00, 20.93
10:24:07.518 , Vol+O2, 42214.00, 0.00, 0.00, 20.93
10:24:07.518 , Vol+O2, 42250.00, 0.00, 0.00, 20.93
10:24:07.518 , Vol+O2, 42287.00, 0.00, 0.00, 20.93
10:24:07.520 , Vol+O2, 42324.00, 0.00, 0.00, 20.96
10:24:07.521 , Vol+O2, 42360.00, 0.00, 0.00, 20.96
10:24:07.521 , Vol+O2, 42397.00, 0.00, 0.00, 20.96
10:24:07.524 , Vol+O2, 42434.00, 0.00, 0.00, 20.96
10:24:07.524 , Vol+O2, 42470.00, 0.00, 0.00, 20.96
10:24:07.530 , Vol+O2, 42507.00, 0.00, 0.00, 20.96
10:24:07.530 , Vol+O2, 42544.00, 0.00, 0.00, 20.96
10:24:07.532 , Vol+O2, 42580.00, 0.00, 0.00, 20.96
10:24:07.532 , Vol+O2, 42617.00, 0.00, 0.00, 20.96
10:24:07.535 , Vol+O2, 42654.00, 0.00, 0.00, 20.96
10:24:07.535 , Vol+O2, 42690.00, 0.00, 0.00, 20.96
10:24:07.537 , Vol+O2, 42728.00, 0.00, 0.00, 20.96
10:24:07.537 , Vol+O2, 42764.00, 0.00, 0.00, 20.95
10:24:07.543 , Vol+O2, 42801.00, 0.47, 0.00, 20.95
10:24:07.543 , Vol+O2, 42838.00, 0.60, 0.00, 20.95
10:24:07.545 , Vol+O2, 42874.00, 0.30, 0.00, 20.95
10:24:07.545 , Vol+O2, 42911.00, 0.00, 0.00, 20.95
10:24:07.548 , Vol+O2, 42948.00, 0.60, 0.00, 20.96
10:24:07.548 , Vol+O2, 42984.00, 0.80, 0.00, 20.96
10:24:07.552 , Vol+O2, 43020.00, 0.42, 0.00, 20.96
10:24:07.552 , Vol+O2, 43057.00, 0.00, 0.00, 20.96
10:24:07.576 , Vol+O2, 43094.00, 0.00, 0.00, 20.96
10:24:07.576 , Vol+O2, 43131.00, 0.60, 0.00, 20.96
10:24:07.602 , Vol+O2, 43168.00, 1.40, 0.00, 20.96
10:24:07.602 , Vol+O2, 43204.00, 1.49, 0.00, 20.96
10:24:07.617 , Vol+O2, 43241.00, 4.13, 0.00, 20.96
10:24:07.619 , Vol+O2, 43278.00, 6.05, 0.00, 20.96
10:24:07.619 , Vol+O2, 43314.00, 6.57, 0.00, 20.96
10:24:07.621 , Vol+O2, 43350.00, 7.00, 0.00, 20.96
10:24:07.621 , Vol+O2, 43387.00, 6.62, 0.00, 20.96
10:24:07.621 , Vol+O2, 43423.00, 6.57, 0.00, 20.96
10:24:07.624 , Vol+O2, 43459.00, 6.31, 0.00, 20.96
10:24:07.624 , Vol+O2, 43496.00, 6.89, 0.00, 20.96
10:24:07.626 , Vol+O2, 43533.00, 6.36, 0.00, 20.96
10:24:07.626 , Vol+O2, 43569.00, 5.87, 0.00, 20.96
10:24:07.628 , Vol+O2, 43605.00, 5.74, 0.00, 20.96
10:24:12.754 , Vol+O2, 43645.00, 5.45, 0.00, 20.96
10:24:12.754 , Vol+O2, 43681.00, 5.62, 0.00, 20.96
10:24:12.754 , Vol+O2, 43718.00, 5.11, 0.00, 20.96
10:24:12.754 , Vol+O2, 43754.00, 4.72, 0.00, 20.96
10:24:12.760 , Vol+O2, 43792.00, 5.02, 0.00, 20.96
10:24:12.760 , Vol+O2, 43828.00, 5.15, 0.00, 20.96
10:24:12.761 , Vol+O2, 43864.00, 4.76, 0.00, 20.96
10:24:12.761 , Vol+O2, 43900.00, 4.13, 0.00, 20.96
10:24:12.762 , Vol+O2, 43938.00, 4.00, 0.00, 20.96
10:24:12.764 , Vol+O2, 43974.00, 4.21, 0.00, 20.96
10:24:12.764 , Vol+O2, 44012.00, 3.79, 0.00, 20.96
10:24:12.765 , Vol+O2, 44048.00, 3.53, 0.00, 20.96
10:24:12.765 , Vol+O2, 44084.00, 3.53, 0.00, 20.96
10:24:12.768 , Vol+O2, 44121.00, 3.37, 0.00, 20.96
10:24:12.768 , Vol+O2, 44158.00, 3.49, 0.00, 20.96
10:24:12.773 , Vol+O2, 44194.00, 3.75, 0.00, 20.96
10:24:12.773 , Vol+O2, 44231.00, 3.02, 0.00, 20.96
10:24:12.800 , Vol+O2, 44268.00, 2.12, 0.00, 20.96
10:24:12.800 , Vol+O2, 44304.00, 1.36, 0.00, 20.93
10:24:12.802 , Vol+O2, 44341.00, 0.55, 0.00, 20.93
10:24:12.802 , Vol+O2, 44377.00, 0.00, 0.00, 20.93
10:24:12.826 , Vol+O2, 44414.00, 0.00, 0.00, 20.93
10:24:12.826 , Vol+O2, 44450.00, 1.11, 0.00, 20.93
10:24:12.836 , Vol+O2, 44486.00, 0.00, 0.00, 20.93
10:24:12.836 , Vol+O2, 44523.00, 0.00, 0.00, 20.93
10:24:12.839 , Vol+O2, 44560.00, 0.00, 0.00, 20.93
10:24:12.839 , Vol+O2, 44597.00, 0.00, 0.00, 20.93
10:24:12.840 , Vol+O2, 44634.00, 0.00, 0.20, 20.93
10:24:12.840 , Vol+O2, 44670.00, 0.00, 3.35, 20.93
10:24:12.843 , Vol+O2, 44708.00, 0.00, 3.44, 20.93
10:24:12.843 , Vol+O2, 44745.00, 0.00, 4.83, 20.96
10:24:12.846 , Vol+O2, 44782.00, 0.00, 7.68, 20.96
10:24:12.846 , Vol+O2, 44819.00, 0.00, 6.78, 20.96
10:24:12.846 , Vol+O2, 44856.00, 0.00, 7.01, 20.96
10:24:12.849 , Vol+O2, 44893.00, 0.00, 6.35, 20.96
10:24:12.849 , Vol+O2, 44930.00, 0.00, 6.27, 20.96
10:24:12.850 , Vol+O2, 44967.00, 0.00, 6.23, 20.96
10:24:12.850 , Vol+O2, 45004.00, 0.00, 6.63, 20.96
10:24:12.858 , Vol+O2, 45041.00, 0.00, 6.35, 20.96
10:24:12.858 , Vol+O2, 45078.00, 0.00, 5.20, 20.93
10:24:12.858 , Vol+O2, 45115.00, 0.00, 5.06, 20.93
10:24:12.860 , Vol+O2, 45152.00, 0.00, 5.76, 20.93
10:24:12.860 , Vol+O2, 45189.00, 0.00, 4.73, 20.93
10:24:12.864 , Vol+O2, 45226.00, 0.00, 5.57, 20.90
10:24:12.864 , Vol+O2, 45263.00, 0.00, 5.15, 20.90
10:24:12.866 , Vol+O2, 45300.00, 0.00, 5.53, 20.90
10:24:12.866 , Vol+O2, 45337.00, 0.00, 4.78, 20.90
10:24:12.868 , Vol+O2, 45374.00, 0.00, 6.13, 20.84
10:24:12.868 , Vol+O2, 45411.00, 0.00, 5.66, 20.84
10:24:12.874 , Vol+O2, 45448.00, 0.00, 4.88, 20.84
10:24:12.874 , Vol+O2, 45485.00, 0.00, 5.25, 20.84
10:24:12.930 , Vol+O2, 45522.00, 0.00, 5.10, 20.74
10:24:12.930 , Vol+O2, 45559.00, 0.00, 5.57, 20.74
10:24:12.936 , Vol+O2, 45596.00, 0.00, 4.41, 20.74
10:24:12.936 , Vol+O2, 45633.00, 0.00, 5.29, 20.74
10:24:12.938 , Vol+O2, 45670.00, 0.00, 4.93, 20.66
10:24:12.938 , Vol+O2, 45707.00, 0.00, 4.73, 20.66
10:24:12.940 , Vol+O2, 45744.00, 0.00, 5.95, 20.66
10:24:12.940 , Vol+O2, 45781.00, 0.00, 4.63, 20.66
10:24:12.940 , Vol+O2, 45817.00, 0.00, 4.73, 20.51
10:24:12.941 , Vol+O2, 45854.00, 0.00, 4.78, 20.51
10:24:12.944 , Vol+O2, 45891.00, 0.00, 4.59, 20.51
10:24:12.944 , Vol+O2, 45928.00, 0.00, 4.36, 20.51
10:24:12.949 , Vol+O2, 45965.00, 0.00, 4.22, 20.39
10:24:12.949 , Vol+O2, 46002.00, 0.00, 4.12, 20.39
10:24:12.952 , Vol+O2, 46038.00, 0.00, 4.50, 20.39
10:24:12.952 , Vol+O2, 46076.00, 0.00, 4.00, 20.39
10:24:12.955 , Vol+O2, 46113.00, 0.00, 3.53, 20.26
10:24:12.955 , Vol+O2, 46150.00, 0.00, 4.08, 20.26
10:24:12.960 , Vol+O2, 46187.00, 0.00, 4.08, 20.26
10:24:12.960 , Vol+O2, 46224.00, 0.00, 4.32, 20.26
10:24:12.961 , Vol+O2, 46261.00, 0.00, 3.57, 20.26
10:24:12.961 , Vol+O2, 46298.00, 0.00, 3.15, 20.15
10:24:12.967 , Vol+O2, 46335.00, 0.00, 2.97, 20.15
10:24:12.967 , Vol+O2, 46372.00, 0.00, 3.20, 20.15
10:24:12.967 , Vol+O2, 46409.00, 0.00, 2.93, 20.15
10:24:12.972 , Vol+O2, 46446.00, 0.00, 2.97, 19.97
10:24:12.972 , Vol+O2, 46483.00, 0.00, 2.78, 19.97
10:24:12.972 , Vol+O2, 46520.00, 0.00, 2.64, 19.97
10:24:13.011 , Vol+O2, 46557.00, 0.00, 2.64, 19.97
10:24:13.011 , Vol+O2, 46594.00, 0.00, 2.00, 19.82
10:24:13.011 , Vol+O2, 46631.00, 0.00, 1.67, 19.82
10:24:13.015 , Vol+O2, 46668.00, 0.00, 1.21, 19.82
10:24:13.015 , Vol+O2, 46705.00, 0.00, 0.47, 19.82
10:24:13.015 , Vol+O2, 46742.00, 0.00, 0.00, 19.70
10:24:13.015 , Vol+O2, 46779.00, 0.30, 0.00, 19.70
10:24:13.017 , Vol+O2, 46816.00, 0.55, 0.00, 19.70
10:24:13.015 , Vol+O2, 46853.00, 0.80, 0.00, 19.70
10:24:13.019 , Vol+O2, 46890.00, 1.19, 0.00, 19.55
10:24:13.019 , Vol+O2, 46927.00, 1.45, 0.00, 19.55
10:24:13.019 , Vol+O2, 46964.00, 2.00, 0.00, 19.55
10:24:13.021 , Vol+O2, 47000.00, 2.63, 0.00, 19.55
10:24:13.021 , Vol+O2, 47036.00, 3.83, 0.00, 19.41
10:24:13.022 , Vol+O2, 47073.00, 4.72, 0.00, 19.41
10:24:13.022 , Vol+O2, 47110.00, 5.02, 0.00, 19.41
10:24:13.028 , Vol+O2, 47147.00, 4.55, 0.00, 19.41
10:24:13.028 , Vol+O2, 47184.00, 4.89, 0.00, 19.28
10:24:13.029 , Vol+O2, 47221.00, 5.19, 0.00, 19.28
10:24:13.029 , Vol+O2, 47258.00, 5.48, 0.00, 19.28
10:24:13.034 , Vol+O2, 47295.00, 5.48, 0.00, 19.28
10:24:13.034 , Vol+O2, 47332.00, 4.89, 0.00, 19.16
10:24:13.036 , Vol+O2, 47369.00, 4.76, 0.00, 19.16
10:24:13.036 , Vol+O2, 47406.00, 4.46, 0.00, 19.16
10:24:13.039 , Vol+O2, 47443.00, 4.42, 0.00, 19.16
10:24:13.039 , Vol+O2, 47480.00, 4.50, 0.00, 19.16
10:24:13.042 , Vol+O2, 47517.00, 4.68, 0.00, 19.07
10:24:13.042 , Vol+O2, 47554.00, 4.42, 0.00, 19.07
10:24:13.044 , Vol+O2, 47591.00, 4.46, 0.00, 19.07
10:24:13.044 , Vol+O2, 47628.00, 4.42, 0.00, 19.07
10:24:13.094 , Vol+O2, 47665.00, 3.87, 0.00, 18.95
10:24:13.094 , Vol+O2, 47702.00, 3.75, 0.00, 18.95
10:24:13.096 , Vol+O2, 47739.00, 4.04, 0.00, 18.95
10:24:13.096 , Vol+O2, 47776.00, 4.17, 0.00, 18.95
10:24:13.129 , Vol+O2, 47813.00, 4.08, 0.00, 18.83
10:24:13.129 , Vol+O2, 47850.00, 3.83, 0.00, 18.83
10:24:13.132 , Vol+O2, 47887.00, 3.61, 0.00, 18.83
10:24:13.132 , Vol+O2, 47924.00, 3.28, 0.00, 18.83
10:24:13.148 , Vol+O2, 47961.00, 2.85, 0.00, 18.71
10:24:13.148 , Vol+O2, 47998.00, 2.76, 0.00, 18.71
10:24:13.148 , Vol+O2, 48035.00, 2.63, 0.00, 18.71
10:24:13.148 , Vol+O2, 48072.00, 2.80, 0.00, 18.71
10:24:13.150 , Vol+O2, 48109.00, 2.80, 0.00, 18.59
10:24:13.150 , Vol+O2, 48146.00, 2.21, 0.00, 18.59
10:24:13.152 , Vol+O2, 48183.00, 1.74, 0.00, 18.59
10:24:13.152 , Vol+O2, 48220.00, 0.93, 0.00, 18.59
10:24:13.159 , Vol+O2, 48257.00, 0.47, 0.00, 18.50
10:24:13.160 , Vol+O2, 48293.00, 0.37, 0.00, 18.50
10:24:13.160 , Vol+O2, 48330.00, 0.30, 0.00, 18.50
10:24:13.191 , Vol+O2, 48366.00, 0.00, 0.00, 18.50
10:24:13.191 , Vol+O2, 48403.00, 0.00, 0.00, 18.41
10:24:13.192 , Vol+O2, 48440.00, 0.00, 0.00, 18.41
10:24:13.192 , Vol+O2, 48477.00, 0.00, 0.00, 18.41
10:24:13.194 , Vol+O2, 48514.00, 0.00, 0.00, 18.41
10:24:13.194 , Vol+O2, 48551.00, 0.00, 0.71, 18.32
10:24:13.195 , Vol+O2, 48588.00, 0.00, 1.04, 18.32
10:24:13.195 , Vol+O2, 48625.00, 0.00, 0.66, 18.32
10:24:13.200 , Vol+O2, 48663.00, 0.00, 3.30, 18.32
10:24:13.202 , Vol+O2, 48700.00, 0.00, 4.73, 18.29
10:24:13.202 , Vol+O2, 48737.00, 0.00, 4.59, 18.29
10:24:13.202 , Vol+O2, 48774.00, 0.00, 4.18, 18.29
10:24:13.202 , Vol+O2, 48811.00, 0.00, 4.12, 18.29
10:24:13.203 , Vol+O2, 48848.00, 0.00, 3.11, 18.29
10:24:13.203 , Vol+O2, 48885.00, 0.00, 3.39, 18.20
10:24:13.204 , Vol+O2, 48922.00, 0.00, 2.83, 18.20
10:24:13.204 , Vol+O2, 48959.00, 0.00, 3.44, 18.20
10:24:13.212 , Vol+O2, 48996.00, 0.00, 3.39, 18.20
10:24:13.240 , Vol+O2, 49033.00, 0.00, 2.97, 18.20
10:24:18.201 , Vol+O2, 49071.00, 0.00, 3.06, 18.20
10:24:18.201 , Vol+O2, 49107.00, 0.00, 3.02, 18.20
10:24:18.203 , Vol+O2, 49144.00, 0.00, 2.93, 18.20
10:24:18.203 , Vol+O2, 49181.00, 0.00, 3.06, 18.20
10:24:18.203 , Vol+O2, 49218.00, 0.00, 3.02, 18.20
10:24:18.203 , Vol+O2, 49257.00, 0.00, 2.93, 18.20
10:24:18.205 , Vol+O2, 49294.00, 0.00, 3.02, 18.20
10:24:18.205 , Vol+O2, 49330.00, 0.00, 3.39, 18.20
10:24:18.207 , Vol+O2, 49366.00, 0.00, 3.11, 18.20
10:24:18.207 , Vol+O2, 49404.00, 0.00, 2.88, 18.20
10:24:18.211 , Vol+O2, 49442.00, 0.00, 2.32, 18.20
10:24:18.211 , Vol+O2, 49481.00, 0.00, 2.97, 18.20
10:24:18.214 , Vol+O2, 49518.00, 0.00, 3.20, 18.20
10:24:18.214 , Vol+O2, 49555.00, 0.00, 2.93, 18.20
10:24:18.216 , Vol+O2, 49592.00, 0.00, 2.42, 18.20
10:24:18.216 , Vol+O2, 49631.00, 0.00, 2.55, 18.20
10:24:18.219 , Vol+O2, 49667.00, 0.00, 2.70, 18.20
10:24:18.219 , Vol+O2, 49703.00, 0.00, 2.14, 18.20
10:24:18.225 , Vol+O2, 49739.00, 0.00, 2.51, 18.20
10:24:18.225 , Vol+O2, 49775.00, 0.00, 2.14, 18.17
10:24:18.227 , Vol+O2, 49812.00, 0.00, 2.28, 18.17
10:24:18.227 , Vol+O2, 49848.00, 0.00, 2.14, 18.17
10:24:18.231 , Vol+O2, 49884.00, 0.00, 1.77, 18.17
10:24:18.231 , Vol+O2, 49920.00, 0.00, 1.86, 18.17
10:24:18.233 , Vol+O2, 49957.00, 0.00, 1.81, 18.17
10:24:18.233 , Vol+O2, 49994.00, 0.00, 1.81, 18.17
10:24:18.239 , Vol+O2, 50031.00, 0.00, 1.45, 18.17
10:24:18.239 , Vol+O2, 50068.00, 0.00, 1.45, 18.17
10:24:18.239 , Vol+O2, 50104.00, 0.00, 1.63, 18.11
10:24:18.270 , Vol+O2, 50140.00, 0.00, 1.91, 18.11
10:24:18.270 , Vol+O2, 50177.00, 0.00, 1.49, 18.11
10:24:18.272 , Vol+O2, 50214.00, 0.00, 1.35, 18.11
10:24:18.272 , Vol+O2, 50250.00, 0.00, 1.12, 18.05
10:24:18.272 , Vol+O2, 50287.00, 0.00, 0.84, 18.05
10:24:18.272 , Vol+O2, 50323.00, 0.00, 0.66, 18.05
10:24:18.274 , Vol+O2, 50359.00, 0.00, 0.47, 18.05
10:24:18.274 , Vol+O2, 50395.00, 0.00, 0.00, 18.02
10:24:18.276 , Vol+O2, 50432.00, 0.00, 0.00, 18.02
10:24:18.276 , Vol+O2, 50469.00, 0.00, 0.00, 18.02
10:24:18.277 , Vol+O2, 50504.00, 0.37, 0.00, 18.02
10:24:18.277 , Vol+O2, 50541.00, 0.37, 0.00, 17.96
10:24:18.279 , Vol+O2, 50578.00, 0.30, 0.00, 17.96
10:24:18.279 , Vol+O2, 50614.00, 0.26, 0.00, 17.96
10:24:18.284 , Vol+O2, 50650.00, 0.37, 0.00, 17.96
10:24:18.284 , Vol+O2, 50687.00, 0.55, 0.00, 17.90
10:24:18.318 , Vol+O2, 50723.00, 0.73, 0.00, 17.90
10:24:18.321 , Vol+O2, 50759.00, 0.93, 0.00, 17.90
10:24:18.321 , Vol+O2, 50795.00, 1.15, 0.00, 17.90
10:24:18.323 , Vol+O2, 50832.00, 1.57, 0.00, 17.87
10:24:18.323 , Vol+O2, 50869.00, 1.95, 0.00, 17.87
10:24:18.324 , Vol+O2, 50906.00, 2.72, 0.00, 17.87
10:24:18.324 , Vol+O2, 50943.00, 3.37, 0.00, 17.87
10:24:18.324 , Vol+O2, 50979.00, 3.70, 0.00, 17.87
10:24:18.324 , Vol+O2, 51015.00, 4.21, 0.00, 17.81
10:24:18.329 , Vol+O2, 51052.00, 4.33, 0.00, 17.81
10:24:18.329 , Vol+O2, 51089.00, 4.21, 0.00, 17.81
10:24:18.336 , Vol+O2, 51125.00, 4.37, 0.00, 17.81
10:24:18.338 , Vol+O2, 51162.00, 4.42, 0.00, 17.78
10:24:18.338 , Vol+O2, 51199.00, 4.80, 0.00, 17.78
10:24:18.340 , Vol+O2, 51235.00, 4.46, 0.00, 17.78
10:24:18.340 , Vol+O2, 51272.00, 4.46, 0.00, 17.78
10:24:18.342 , Vol+O2, 51309.00, 4.29, 0.00, 17.72
10:24:18.342 , Vol+O2, 51345.00, 3.66, 0.00, 17.72
10:24:18.345 , Vol+O2, 51382.00, 4.29, 0.00, 17.72
10:24:18.345 , Vol+O2, 51419.00, 4.29, 0.00, 17.72
10:24:18.403 , Vol+O2, 51455.00, 3.83, 0.00, 17.66
10:24:18.403 , Vol+O2, 51492.00, 3.37, 0.00, 17.66
10:24:18.405 , Vol+O2, 51529.00, 3.57, 0.00, 17.66
10:24:18.405 , Vol+O2, 51565.00, 3.66, 0.00, 17.66
10:24:18.406 , Vol+O2, 51601.00, 3.66, 0.00, 17.60
10:24:18.406 , Vol+O2, 51638.00, 3.28, 0.00, 17.60
10:24:18.407 , Vol+O2, 51674.00, 3.37, 0.00, 17.60
10:24:18.409 , Vol+O2, 51710.00, 3.23, 0.00, 17.60
10:24:18.409 , Vol+O2, 51747.00, 3.02, 0.00, 17.63
10:24:18.410 , Vol+O2, 51784.00, 2.90, 0.00, 17.63
10:24:18.410 , Vol+O2, 51820.00, 3.02, 0.00, 17.63
10:24:18.413 , Vol+O2, 51857.00, 2.98, 0.00, 17.63
10:24:18.413 , Vol+O2, 51894.00, 2.98, 0.00, 17.63
10:24:18.419 , Vol+O2, 51930.00, 2.46, 0.00, 17.57
10:24:18.419 , Vol+O2, 51967.00, 2.08, 0.00, 17.57
10:24:18.422 , Vol+O2, 52004.00, 1.36, 0.00, 17.57
10:24:18.422 , Vol+O2, 52040.00, 1.07, 0.00, 17.57
10:24:18.424 , Vol+O2, 52077.00, 0.47, 0.00, 17.51
10:24:18.424 , Vol+O2, 52114.00, 0.00, 0.00, 17.51
10:24:18.427 , Vol+O2, 52150.00, 0.00, 0.00, 17.51
10:24:18.427 , Vol+O2, 52187.00, 0.00, 0.00, 17.51
10:24:18.430 , Vol+O2, 52224.00, 0.00, 0.00, 17.45
10:24:18.430 , Vol+O2, 52260.00, 0.00, 0.52, 17.45
10:24:18.435 , Vol+O2, 52296.00, 0.55, 1.04, 17.45
10:24:18.435 , Vol+O2, 52333.00, 0.00, 2.10, 17.45
10:24:18.436 , Vol+O2, 52369.00, 1.23, 3.57, 17.42
10:24:18.436 , Vol+O2, 52405.00, 0.00, 3.30, 17.42
10:24:18.478 , Vol+O2, 52441.00, 0.00, 3.20, 17.42
10:24:18.478 , Vol+O2, 52478.00, 0.00, 2.93, 17.42
10:24:18.478 , Vol+O2, 52514.00, 0.00, 2.98, 17.39
10:24:18.478 , Vol+O2, 52550.00, 0.00, 2.97, 17.39
10:24:18.480 , Vol+O2, 52586.00, 0.00, 2.46, 17.39
10:24:18.482 , Vol+O2, 52623.00, 0.00, 2.19, 17.39
10:24:18.482 , Vol+O2, 52659.00, 0.00, 2.83, 17.42
10:24:18.484 , Vol+O2, 52695.00, 0.00, 2.55, 17.42
10:24:18.484 , Vol+O2, 52731.00, 0.00, 2.64, 17.42
10:24:18.486 , Vol+O2, 52767.00, 0.00, 2.60, 17.42
10:24:18.486 , Vol+O2, 52804.00, 0.00, 2.28, 17.42
10:24:18.491 , Vol+O2, 52840.00, 0.00, 2.28, 17.42
10:24:18.491 , Vol+O2, 52876.00, 0.00, 2.37, 17.42
10:24:18.494 , Vol+O2, 52913.00, 0.00, 2.52, 17.42
10:24:18.494 , Vol+O2, 52949.00, 0.00, 2.24, 17.42
10:24:18.498 , Vol+O2, 52985.00, 0.00, 2.06, 17.45
10:24:18.498 , Vol+O2, 53022.00, 0.00, 1.95, 17.45
10:24:18.500 , Vol+O2, 53059.00, 0.00, 1.77, 17.45
10:24:18.500 , Vol+O2, 53095.00, 0.00, 1.91, 17.45
10:24:18.504 , Vol+O2, 53132.00, 0.00, 2.24, 17.51
10:24:18.504 , Vol+O2, 53169.00, 0.00, 2.05, 17.51
10:24:18.507 , Vol+O2, 53205.00, 0.00, 1.77, 17.51
10:24:18.507 , Vol+O2, 53242.00, 0.00, 2.01, 17.51
10:24:18.509 , Vol+O2, 53278.00, 0.00, 1.63, 17.54
10:24:18.509 , Vol+O2, 53314.00, 0.00, 1.77, 17.54
10:24:18.554 , Vol+O2, 53350.00, 0.00, 1.77, 17.54
10:24:18.554 , Vol+O2, 53386.00, 0.00, 1.77, 17.54
10:24:18.557 , Vol+O2, 53423.00, 0.00, 1.86, 17.57
10:24:18.557 , Vol+O2, 53459.00, 0.00, 1.77, 17.57
10:24:18.558 , Vol+O2, 53496.00, 0.00, 1.67, 17.57
10:24:18.558 , Vol+O2, 53532.00, 0.00, 1.54, 17.57
10:24:18.560 , Vol+O2, 53569.00, 0.00, 1.30, 17.57
10:24:18.560 , Vol+O2, 53605.00, 0.00, 1.40, 17.57
10:24:18.562 , Vol+O2, 53642.00, 0.00, 1.50, 17.57
10:24:18.562 , Vol+O2, 53679.00, 0.00, 1.59, 17.57
10:24:18.567 , Vol+O2, 53715.00, 0.00, 1.73, 17.57
10:24:18.567 , Vol+O2, 53751.00, 0.00, 1.45, 17.57
10:24:18.592 , Vol+O2, 53788.00, 0.00, 1.77, 17.57
10:24:18.592 , Vol+O2, 53824.00, 0.00, 1.91, 17.57
10:24:18.595 , Vol+O2, 53860.00, 0.00, 1.73, 17.57
10:24:18.596 , Vol+O2, 53897.00, 0.00, 1.64, 17.57
10:24:18.596 , Vol+O2, 53934.00, 0.00, 1.49, 17.57
10:24:18.613 , Vol+O2, 53970.00, 0.00, 1.30, 17.57
10:24:18.613 , Vol+O2, 54007.00, 0.00, 1.03, 17.57
10:24:18.614 , Vol+O2, 54043.00, 0.00, 1.45, 17.57
10:24:18.614 , Vol+O2, 54079.00, 0.00, 1.17, 17.57
10:24:18.619 , Vol+O2, 54115.00, 0.00, 0.98, 17.57
10:24:18.619 , Vol+O2, 54152.00, 0.00, 0.94, 17.57
10:24:18.622 , Vol+O2, 54189.00, 0.00, 0.66, 17.54
10:24:18.622 , Vol+O2, 54225.00, 0.00, 0.52, 17.54
10:24:18.625 , Vol+O2, 54262.00, 0.00, 0.52, 17.54
10:24:18.625 , Vol+O2, 54299.00, 0.00, 0.24, 17.54
10:24:18.627 , Vol+O2, 54336.00, 0.00, 0.20, 17.54
10:24:18.627 , Vol+O2, 54373.00, 0.00, 0.00, 17.53
10:24:18.631 , Vol+O2, 54410.00, 0.00, 0.00, 17.53
10:24:18.631 , Vol+O2, 54447.00, 0.00, 0.00, 17.53
10:24:18.636 , Vol+O2, 54484.00, 0.00, 0.00, 17.53
10:24:18.636 , Vol+O2, 54521.00, 0.00, 0.00, 17.48
10:24:18.637 , Vol+O2, 54558.00, 0.00, 0.00, 17.48
10:24:18.637 , Vol+O2, 54595.00, 0.00, 0.00, 17.48
10:24:18.640 , Vol+O2, 54632.00, 0.30, 0.00, 17.48
10:24:23.649 , Vol+O2, 54670.00, 0.34, 0.00, 17.45
10:24:23.649 , Vol+O2, 54706.00, 0.42, 0.00, 17.45
10:24:23.649 , Vol+O2, 54743.00, 0.50, 0.00, 17.45
10:24:23.649 , Vol+O2, 54779.00, 0.55, 0.00, 17.45
10:24:23.653 , Vol+O2, 54817.00, 0.50, 0.00, 17.42
10:24:23.653 , Vol+O2, 54854.00, 0.55, 0.00, 17.42
10:24:23.653 , Vol+O2, 54890.00, 0.60, 0.00, 17.42
10:24:23.656 , Vol+O2, 54928.00, 0.80, 0.00, 17.42
10:24:23.656 , Vol+O2, 54964.00, 1.23, 0.00, 17.36
10:24:23.659 , Vol+O2, 55002.00, 1.61, 0.00, 17.36
10:24:23.659 , Vol+O2, 55039.00, 2.34, 0.00, 17.36
10:24:23.662 , Vol+O2, 55075.00, 2.76, 0.00, 17.36
10:24:23.662 , Vol+O2, 55112.00, 2.90, 0.00, 17.36
10:24:23.665 , Vol+O2, 55148.00, 2.42, 0.00, 17.36
10:24:23.665 , Vol+O2, 55184.00, 2.51, 0.00, 17.36
10:24:23.668 , Vol+O2, 55220.00, 2.67, 0.00, 17.36
10:24:23.668 , Vol+O2, 55256.00, 2.76, 0.00, 17.36
10:24:23.673 , Vol+O2, 55293.00, 2.67, 0.00, 17.36
10:24:23.673 , Vol+O2, 55329.00, 2.55, 0.00, 17.36
10:24:23.675 , Vol+O2, 55366.00, 2.30, 0.00, 17.36
10:24:23.675 , Vol+O2, 55403.00, 2.17, 0.00, 17.36
10:24:23.719 , Vol+O2, 55439.00, 2.04, 0.00, 17.27
10:24:23.719 , Vol+O2, 55475.00, 1.95, 0.00, 17.27
10:24:23.722 , Vol+O2, 55512.00, 1.95, 0.00, 17.27
10:24:23.722 , Vol+O2, 55549.00, 2.00, 0.00, 17.27
10:24:23.723 , Vol+O2, 55585.00, 2.00, 0.00, 17.27
10:24:23.724 , Vol+O2, 55621.00, 1.87, 0.00, 17.27
10:24:23.724 , Vol+O2, 55658.00, 1.70, 0.00, 17.27
10:24:23.728 , Vol+O2, 55694.00, 1.53, 0.00, 17.27
10:24:23.728 , Vol+O2, 55730.00, 1.53, 0.00, 17.24
10:24:23.735 , Vol+O2, 55766.00, 1.65, 0.00, 17.24
10:24:23.735 , Vol+O2, 55803.00, 1.61, 0.00, 17.24
10:24:23.737 , Vol+O2, 55839.00, 1.57, 0.00, 17.24
10:24:23.737 , Vol+O2, 55876.00, 1.31, 0.00, 17.21
10:24:23.739 , Vol+O2, 55912.00, 1.31, 0.00, 17.21
10:24:23.739 , Vol+O2, 55949.00, 1.07, 0.00, 17.21
10:24:23.745 , Vol+O2, 55985.00, 0.68, 0.00, 17.21
10:24:23.745 , Vol+O2, 56021.00, 0.60, 0.00, 17.18
10:24:23.745 , Vol+O2, 56058.00, 0.22, 0.00, 17.18
10:24:23.745 , Vol+O2, 56094.00, 0.00, 0.00, 17.18
10:24:23.747 , Vol+O2, 56130.00, 0.00, 0.00, 17.18
10:24:23.753 , Vol+O2, 56167.00, 0.00, 0.75, 17.21
10:24:23.753 , Vol+O2, 56204.00, 0.00, 0.29, 17.21
10:24:23.754 , Vol+O2, 56240.00, 0.00, 0.47, 17.21
10:24:23.754 , Vol+O2, 56276.00, 0.00, 0.84, 17.21
10:24:23.755 , Vol+O2, 56313.00, 0.00, 1.35, 17.21
10:24:23.755 , Vol+O2, 56349.00, 0.00, 1.86, 17.15
10:24:23.759 , Vol+O2, 56385.00, 0.00, 2.28, 17.15
10:24:23.759 , Vol+O2, 56421.00, 0.00, 2.51, 17.15
10:24:23.799 , Vol+O2, 56458.00, 0.00, 2.37, 17.15
10:24:23.799 , Vol+O2, 56494.00, 0.00, 1.96, 17.12
10:24:23.800 , Vol+O2, 56530.00, 0.00, 1.95, 17.12
10:24:23.800 , Vol+O2, 56567.00, 0.00, 1.77, 17.12
10:24:23.803 , Vol+O2, 56604.00, 0.00, 1.82, 17.12
10:24:23.803 , Vol+O2, 56640.00, 0.00, 1.68, 17.16
10:24:23.805 , Vol+O2, 56677.00, 0.00, 1.59, 17.16
10:24:23.805 , Vol+O2, 56714.00, 0.00, 1.35, 17.16
10:24:23.808 , Vol+O2, 56750.00, 0.00, 1.26, 17.16
10:24:23.808 , Vol+O2, 56786.00, 0.00, 1.26, 17.18
10:24:23.810 , Vol+O2, 56823.00, 0.00, 1.17, 17.18
10:24:23.810 , Vol+O2, 56859.00, 0.00, 1.17, 17.18
10:24:23.810 , Vol+O2, 56895.00, 0.00, 1.31, 17.18
10:24:23.811 , Vol+O2, 56932.00, 0.00, 1.08, 17.27
10:24:23.812 , Vol+O2, 56969.00, 0.00, 0.80, 17.27
10:24:23.812 , Vol+O2, 57005.00, 0.00, 0.80, 17.27
10:24:23.815 , Vol+O2, 57042.00, 0.00, 0.71, 17.27
10:24:23.822 , Vol+O2, 57079.00, 0.00, 0.84, 17.27
10:24:23.822 , Vol+O2, 57115.00, 0.00, 0.66, 17.33
10:24:23.824 , Vol+O2, 57152.00, 0.00, 0.66, 17.33
10:24:23.824 , Vol+O2, 57189.00, 0.00, 0.47, 17.33
10:24:23.824 , Vol+O2, 57225.00, 0.00, 0.47, 17.33
10:24:23.826 , Vol+O2, 57261.00, 0.00, 0.52, 17.36
10:24:23.832 , Vol+O2, 57298.00, 0.00, 0.43, 17.36
10:24:23.832 , Vol+O2, 57334.00, 0.00, 0.29, 17.36
10:24:23.832 , Vol+O2, 57370.00, 0.00, 0.33, 17.36
10:24:23.832 , Vol+O2, 57407.00, 0.00, 0.24, 17.39
10:24:23.834 , Vol+O2, 57444.00, 0.00, 0.20, 17.39
10:24:23.834 , Vol+O2, 57480.00, 0.00, 0.20, 17.39
10:24:23.872 , Vol+O2, 57517.00, 0.00, 0.20, 17.39
10:24:23.872 , Vol+O2, 57554.00, 0.00, 0.00, 17.42
10:24:23.872 , Vol+O2, 57590.00, 0.00, 0.00, 17.42
10:24:23.874 , Vol+O2, 57627.00, 0.00, 0.00, 17.42
10:24:23.874 , Vol+O2, 57664.00, 0.00, 0.00, 17.42
10:24:23.877 , Vol+O2, 57700.00, 0.00, 0.00, 17.42
10:24:23.874 , Vol+O2, 57737.00, 0.00, 0.00, 17.42
10:24:23.879 , Vol+O2, 57774.00, 0.00, 0.00, 17.42
10:24:23.877 , Vol+O2, 57810.00, 0.00, 0.00, 17.42
10:24:23.880 , Vol+O2, 57846.00, 0.00, 0.00, 17.42
10:24:23.880 , Vol+O2, 57883.00, 0.00, 0.00, 17.42
10:24:23.882 , Vol+O2, 57919.00, 0.00, 0.00, 17.42
10:24:23.882 , Vol+O2, 57956.00, 0.00, 0.00, 17.42
10:24:23.885 , Vol+O2, 57993.00, 0.00, 0.00, 17.42
10:24:23.885 , Vol+O2, 58029.00, 0.00, 0.00, 17.39
10:24:23.889 , Vol+O2, 58065.00, 0.00, 0.00, 17.39
10:24:23.889 , Vol+O2, 58102.00, 0.00, 0.00, 17.39
10:24:23.913 , Vol+O2, 58139.00, 0.00, 0.00, 17.39
10:24:23.913 , Vol+O2, 58175.00, 0.00, 0.00, 17.42
10:24:23.925 , Vol+O2, 58211.00, 0.00, 0.00, 17.42
10:24:23.926 , Vol+O2, 58248.00, 0.00, 0.00, 17.42
10:24:23.926 , Vol+O2, 58284.00, 0.00, 0.00, 17.42
10:24:23.927 , Vol+O2, 58320.00, 0.00, 0.00, 17.39
10:24:23.927 , Vol+O2, 58356.00, 0.00, 0.00, 17.39
10:24:23.930 , Vol+O2, 58393.00, 0.00, 0.00, 17.39
10:24:23.930 , Vol+O2, 58429.00, 0.00, 0.00, 17.39
10:24:23.932 , Vol+O2, 58466.00, 0.00, 0.00, 17.39
10:24:23.932 , Vol+O2, 58503.00, 0.00, 0.00, 17.39
10:24:23.934 , Vol+O2, 58539.00, 0.26, 0.00, 17.39
10:24:23.934 , Vol+O2, 58575.00, 0.30, 0.00, 17.39
10:24:23.936 , Vol+O2, 58611.00, 0.30, 0.00, 17.36
10:24:23.936 , Vol+O2, 58648.00, 0.30, 0.00, 17.36
10:24:23.941 , Vol+O2, 58685.00, 0.30, 0.00, 17.36
10:24:23.941 , Vol+O2, 58722.00, 0.37, 0.00, 17.36
10:24:23.943 , Vol+O2, 58758.00, 0.50, 0.00, 17.39
10:24:23.943 , Vol+O2, 58794.00, 0.68, 0.00, 17.39
10:24:23.947 , Vol+O2, 58830.00, 0.80, 0.00, 17.39
10:24:23.947 , Vol+O2, 58866.00, 1.11, 0.00, 17.39
10:24:23.951 , Vol+O2, 58903.00, 1.27, 0.00, 17.39
10:24:23.951 , Vol+O2, 58939.00, 1.36, 0.00, 17.33
10:24:23.955 , Vol+O2, 58975.00, 1.53, 0.00, 17.33
10:24:23.955 , Vol+O2, 59012.00, 1.53, 0.00, 17.33
10:24:23.957 , Vol+O2, 59048.00, 1.53, 0.00, 17.33
10:24:23.957 , Vol+O2, 59084.00, 1.87, 0.00, 17.33
10:24:23.960 , Vol+O2, 59120.00, 1.87, 0.00, 17.33
10:24:23.960 , Vol+O2, 59157.00, 1.57, 0.00, 17.33
10:24:23.963 , Vol+O2, 59193.00, 1.23, 0.00, 17.33
10:24:23.963 , Vol+O2, 59229.00, 1.40, 0.00, 17.30
10:24:23.972 , Vol+O2, 59265.00, 1.53, 0.00, 17.30
10:24:23.972 , Vol+O2, 59302.00, 1.45, 0.00, 17.30
10:24:23.974 , Vol+O2, 59338.00, 1.57, 0.00, 17.30
10:24:23.974 , Vol+O2, 59374.00, 1.70, 0.00, 17.30
10:24:23.974 , Vol+O2, 59410.00, 1.45, 0.00, 17.30
10:24:23.974 , Vol+O2, 59447.00, 1.49, 0.00, 17.30
10:24:23.974 , Vol+O2, 59483.00, 1.36, 0.00, 17.30
10:24:23.981 , Vol+O2, 59519.00, 1.31, 0.00, 17.30
10:24:23.981 , Vol+O2, 59555.00, 1.31, 0.00, 17.30
10:24:23.981 , Vol+O2, 59592.00, 1.36, 0.00, 17.30
10:24:23.983 , Vol+O2, 59629.00, 1.36, 0.00, 17.30
10:24:23.983 , Vol+O2, 59665.00, 1.36, 0.00, 17.30
10:24:23.987 , Vol+O2, 59702.00, 1.40, 0.00, 17.28
10:24:23.987 , Vol+O2, 59739.00, 1.27, 0.00, 17.28
10:24:24.015 , Vol+O2, 59776.00, 0.98, 0.00, 17.28
10:24:24.015 , Vol+O2, 59813.00, 0.89, 0.00, 17.28
10:24:24.019 , Vol+O2, 59850.00, 0.80, 0.00, 17.27
10:24:24.019 , Vol+O2, 59887.00, 0.64, 0.00, 17.27
10:24:24.043 , Vol+O2, 59924.00, 0.37, 0.00, 17.27
10:24:24.043 , Vol+O2, 59961.00, 0.22, 0.00, 17.27
10:24:24.053 , Vol+O2, 59998.00, 0.00, 0.00, 17.24
10:24:24.053 , Vol+O2, 60035.00, 0.00, 0.00, 17.24
10:24:24.055 , Vol+O2, 60072.00, 0.00, 1.08, 17.24
10:24:24.055 , Vol+O2, 60109.00, 0.68, 0.80, 17.24
10:24:29.089 , Vol+O2, 60146.00, 0.00, 1.22, 17.24
10:24:29.094 , Vol+O2, 60182.00, 0.00, 1.86, 17.24
10:24:29.094 , Vol+O2, 60219.00, 0.00, 2.46, 17.24
10:24:29.094 , Vol+O2, 60257.00, 0.00, 2.46, 17.24
10:24:29.094 , Vol+O2, 60293.00, 0.00, 2.10, 17.24
10:24:29.094 , Vol+O2, 60331.00, 0.00, 1.95, 17.24
10:24:29.094 , Vol+O2, 60371.00, 0.00, 2.24, 17.24
10:24:29.097 , Vol+O2, 60408.00, 0.00, 1.81, 17.24
10:24:29.097 , Vol+O2, 60448.00, 0.00, 1.81, 17.27
10:24:29.097 , Vol+O2, 60485.00, 0.00, 1.86, 17.27
10:24:29.104 , Vol+O2, 60522.00, 0.00, 1.87, 17.27
10:24:29.104 , Vol+O2, 60558.00, 0.00, 1.59, 17.27
10:24:29.131 , Vol+O2, 60595.00, 0.00, 1.81, 17.27
10:24:29.131 , Vol+O2, 60631.00, 0.00, 1.73, 17.27
10:24:29.136 , Vol+O2, 60668.00, 0.00, 1.77, 17.27
10:24:29.136 , Vol+O2, 60704.00, 0.00, 1.45, 17.27
10:24:29.138 , Vol+O2, 60740.00, 0.00, 1.26, 17.33
10:24:29.138 , Vol+O2, 60776.00, 0.00, 1.45, 17.33
10:24:29.162 , Vol+O2, 60813.00, 0.00, 1.26, 17.33
10:24:29.162 , Vol+O2, 60849.00, 0.00, 1.26, 17.33
10:24:29.175 , Vol+O2, 60885.00, 0.00, 0.98, 17.39
10:24:29.175 , Vol+O2, 60922.00, 0.00, 1.13, 17.39
10:24:29.178 , Vol+O2, 60959.00, 0.00, 0.99, 17.39
10:24:29.178 , Vol+O2, 60995.00, 0.00, 0.80, 17.39
10:24:29.180 , Vol+O2, 61032.00, 0.00, 0.99, 17.39
10:24:29.180 , Vol+O2, 61069.00, 0.00, 0.66, 17.42
10:24:29.180 , Vol+O2, 61105.00, 0.00, 0.57, 17.42
10:24:29.180 , Vol+O2, 61141.00, 0.00, 0.33, 17.42
10:24:29.182 , Vol+O2, 61178.00, 0.00, 0.33, 17.42
10:24:29.182 , Vol+O2, 61214.00, 0.00, 0.38, 17.45
10:24:29.184 , Vol+O2, 61250.00, 0.00, 0.33, 17.45
10:24:29.184 , Vol+O2, 61287.00, 0.00, 0.29, 17.45
10:24:29.185 , Vol+O2, 61324.00, 0.00, 0.29, 17.45
10:24:29.185 , Vol+O2, 61360.00, 0.00, 0.24, 17.48
10:24:29.192 , Vol+O2, 61396.00, 0.00, 0.43, 17.48
10:24:29.192 , Vol+O2, 61433.00, 0.00, 0.33, 17.48
10:24:29.196 , Vol+O2, 61469.00, 0.00, 0.24, 17.48
10:24:29.196 , Vol+O2, 61505.00, 0.00, 0.20, 17.45
10:24:29.198 , Vol+O2, 61541.00, 0.00, 0.20, 17.45
10:24:29.198 , Vol+O2, 61578.00, 0.00, 0.00, 17.45
10:24:29.200 , Vol+O2, 61614.00, 0.00, 0.00, 17.45
10:24:29.200 , Vol+O2, 61650.00, 0.00, 0.00, 17.48
10:24:29.204 , Vol+O2, 61687.00, 0.00, 0.00, 17.48
10:24:29.204 , Vol+O2, 61724.00, 0.00, 0.00, 17.48
10:24:29.207 , Vol+O2, 61761.00, 0.00, 0.00, 17.48
10:24:29.207 , Vol+O2, 61798.00, 0.00, 0.00, 17.48
10:24:29.248 , Vol+O2, 61834.00, 0.00, 0.00, 17.42
10:24:29.248 , Vol+O2, 61870.00, 0.00, 0.00, 17.42
10:24:29.250 , Vol+O2, 61907.00, 0.00, 0.00, 17.42
10:24:29.250 , Vol+O2, 61944.00, 0.00, 0.00, 17.42
10:24:29.253 , Vol+O2, 61980.00, 0.00, 0.00, 17.43
10:24:29.253 , Vol+O2, 62017.00, 0.00, 0.00, 17.43
10:24:29.255 , Vol+O2, 62054.00, 0.00, 0.00, 17.43
10:24:29.255 , Vol+O2, 62090.00, 0.00, 0.00, 17.43
10:24:29.256 , Vol+O2, 62127.00, 0.00, 0.00, 17.36
10:24:29.256 , Vol+O2, 62164.00, 0.22, 0.00, 17.36
10:24:29.260 , Vol+O2, 62200.00, 0.30, 0.00, 17.36
10:24:29.260 , Vol+O2, 62236.00, 0.34, 0.00, 17.36
10:24:29.265 , Vol+O2, 62273.00, 0.22, 0.00, 17.33
10:24:29.265 , Vol+O2, 62309.00, 0.22, 0.00, 17.33
10:24:29.268 , Vol+O2, 62345.00, 0.42, 0.00, 17.33
10:24:29.268 , Vol+O2, 62381.00, 0.55, 0.00, 17.33
10:24:29.271 , Vol+O2, 62418.00, 0.64, 0.00, 17.33
10:24:29.271 , Vol+O2, 62454.00, 0.64, 0.00, 17.33
10:24:29.272 , Vol+O2, 62490.00, 0.64, 0.00, 17.33
10:24:29.277 , Vol+O2, 62527.00, 0.76, 0.00, 17.33
10:24:29.277 , Vol+O2, 62564.00, 0.80, 0.00, 17.30
10:24:29.280 , Vol+O2, 62600.00, 1.07, 0.00, 17.30
10:24:29.280 , Vol+O2, 62637.00, 1.31, 0.00, 17.30
10:24:29.339 , Vol+O2, 62674.00, 1.49, 0.00, 17.30
10:24:29.339 , Vol+O2, 62710.00, 1.53, 0.00, 17.30
10:24:29.342 , Vol+O2, 62746.00, 1.74, 0.00, 17.24
10:24:29.342 , Vol+O2, 62783.00, 1.74, 0.00, 17.24
10:24:29.345 , Vol+O2, 62819.00, 1.70, 0.00, 17.24
10:24:29.345 , Vol+O2, 62855.00, 1.87, 0.00, 17.24
10:24:29.345 , Vol+O2, 62891.00, 1.74, 0.00, 17.21
10:24:29.347 , Vol+O2, 62928.00, 1.65, 0.00, 17.21
10:24:29.349 , Vol+O2, 62964.00, 1.53, 0.00, 17.21
10:24:29.349 , Vol+O2, 63000.00, 1.49, 0.00, 17.21
10:24:29.352 , Vol+O2, 63037.00, 1.45, 0.00, 17.18
10:24:29.352 , Vol+O2, 63074.00, 1.36, 0.00, 17.18
10:24:29.356 , Vol+O2, 63110.00, 1.36, 0.00, 17.18
10:24:29.356 , Vol+O2, 63147.00, 1.19, 0.00, 17.18
10:24:29.358 , Vol+O2, 63184.00, 1.31, 0.00, 17.15
10:24:29.358 , Vol+O2, 63220.00, 1.27, 0.00, 17.15
10:24:29.361 , Vol+O2, 63257.00, 1.07, 0.00, 17.15
10:24:29.361 , Vol+O2, 63294.00, 0.89, 0.00, 17.15
10:24:29.366 , Vol+O2, 63330.00, 0.89, 0.00, 17.08
10:24:29.366 , Vol+O2, 63367.00, 1.02, 0.00, 17.08
10:24:29.368 , Vol+O2, 63403.00, 1.15, 0.00, 17.08
10:24:29.368 , Vol+O2, 63439.00, 0.98, 0.00, 17.08
10:24:29.372 , Vol+O2, 63475.00, 1.02, 0.00, 17.12
10:24:29.372 , Vol+O2, 63512.00, 0.80, 0.00, 17.12
10:24:29.374 , Vol+O2, 63549.00, 0.64, 0.00, 17.12
10:24:29.374 , Vol+O2, 63586.00, 0.34, 0.00, 17.12
10:24:29.379 , Vol+O2, 63623.00, 0.26, 0.00, 17.12
10:24:29.379 , Vol+O2, 63659.00, 0.00, 0.00, 17.06
10:24:29.404 , Vol+O2, 63695.00, 0.00, 0.00, 17.06
10:24:29.404 , Vol+O2, 63731.00, 0.00, 0.00, 17.06
10:24:29.417 , Vol+O2, 63768.00, 0.00, 0.00, 17.06
10:24:29.418 , Vol+O2, 63804.00, 0.00, 0.00, 17.03
10:24:29.418 , Vol+O2, 63840.00, 0.22, 0.43, 17.03
10:24:29.418 , Vol+O2, 63877.00, 0.00, 0.33, 17.03
10:24:29.418 , Vol+O2, 63914.00, 0.00, 0.52, 17.03
10:24:29.420 , Vol+O2, 63951.00, 0.00, 0.89, 17.00
10:24:29.420 , Vol+O2, 63988.00, 0.00, 1.45, 17.00
10:24:29.421 , Vol+O2, 64024.00, 0.00, 2.19, 17.00
10:24:29.421 , Vol+O2, 64059.00, 0.00, 2.79, 17.00
10:24:29.422 , Vol+O2, 64096.00, 0.00, 2.97, 16.97
10:24:29.422 , Vol+O2, 64133.00, 0.00, 2.28, 16.97
10:24:29.423 , Vol+O2, 64169.00, 0.00, 2.33, 16.97
10:24:29.423 , Vol+O2, 64205.00, 0.00, 2.47, 16.97
10:24:29.426 , Vol+O2, 64242.00, 0.00, 1.96, 16.97
10:24:29.426 , Vol+O2, 64279.00, 0.00, 1.82, 16.97
10:24:29.430 , Vol+O2, 64315.00, 0.00, 2.15, 16.97
10:24:29.430 , Vol+O2, 64352.00, 0.00, 1.82, 16.97
10:24:29.436 , Vol+O2, 64389.00, 0.00, 1.73, 17.03
10:24:29.436 , Vol+O2, 64425.00, 0.00, 1.45, 17.03
10:24:29.439 , Vol+O2, 64462.00, 0.00, 1.45, 17.03
10:24:29.439 , Vol+O2, 64499.00, 0.00, 1.73, 17.03
10:24:29.441 , Vol+O2, 64535.00, 0.00, 1.68, 17.03
10:24:29.441 , Vol+O2, 64572.00, 0.00, 1.49, 17.09
10:24:29.443 , Vol+O2, 64609.00, 0.00, 1.77, 17.09
10:24:29.443 , Vol+O2, 64645.00, 0.00, 1.22, 17.09
10:24:29.449 , Vol+O2, 64682.00, 0.00, 1.13, 17.09
10:24:29.449 , Vol+O2, 64719.00, 0.00, 1.03, 17.12
10:24:29.451 , Vol+O2, 64755.00, 0.00, 1.08, 17.12
10:24:29.451 , Vol+O2, 64792.00, 0.00, 1.22, 17.12
10:24:29.506 , Vol+O2, 64829.00, 0.00, 1.17, 17.12
10:24:29.506 , Vol+O2, 64865.00, 0.00, 1.03, 17.17
10:24:29.521 , Vol+O2, 64902.00, 0.00, 1.08, 17.17
10:24:29.521 , Vol+O2, 64938.00, 0.00, 0.94, 17.17
10:24:29.523 , Vol+O2, 64974.00, 0.00, 0.84, 17.17
10:24:29.523 , Vol+O2, 65010.00, 0.00, 0.89, 17.18
10:24:29.524 , Vol+O2, 65046.00, 0.00, 0.75, 17.18
10:24:29.524 , Vol+O2, 65083.00, 0.00, 0.84, 17.18
10:24:29.524 , Vol+O2, 65119.00, 0.00, 0.89, 17.18
10:24:29.526 , Vol+O2, 65155.00, 0.00, 1.13, 17.18
10:24:29.526 , Vol+O2, 65191.00, 0.00, 0.80, 17.18
10:24:29.536 , Vol+O2, 65228.00, 0.00, 0.75, 17.18
10:24:29.536 , Vol+O2, 65265.00, 0.00, 0.57, 17.18
10:24:29.539 , Vol+O2, 65302.00, 0.00, 0.47, 17.18
10:24:29.539 , Vol+O2, 65339.00, 0.00, 0.62, 17.18
10:24:29.541 , Vol+O2, 65376.00, 0.00, 0.52, 17.18
10:24:29.541 , Vol+O2, 65414.00, 0.00, 0.33, 17.18
10:24:29.543 , Vol+O2, 65451.00, 0.00, 0.24, 17.15
10:24:34.565 , Vol+O2, 65489.00, 0.00, 0.00, 17.15
10:24:34.566 , Vol+O2, 65525.00, 0.00, 0.00, 17.15
10:24:34.568 , Vol+O2, 65562.00, 0.00, 0.00, 17.15
10:24:34.568 , Vol+O2, 65598.00, 0.00, 0.00, 17.15
10:24:34.571 , Vol+O2, 65634.00, 0.00, 0.00, 17.15
10:24:34.571 , Vol+O2, 65673.00, 0.00, 0.00, 17.15
10:24:34.573 , Vol+O2, 65709.00, 0.00, 0.00, 17.15
10:24:34.573 , Vol+O2, 65746.00, 0.00, 0.00, 17.15
10:24:34.574 , Vol+O2, 65782.00, 0.00, 0.00, 17.12
10:24:34.574 , Vol+O2, 65819.00, 0.00, 0.00, 17.12
10:24:34.575 , Vol+O2, 65857.00, 0.00, 0.00, 17.12
10:24:34.575 , Vol+O2, 65894.00, 0.00, 0.00, 17.12
10:24:34.578 , Vol+O2, 65934.00, 0.22, 0.00, 17.06
10:24:34.578 , Vol+O2, 65970.00, 0.30, 0.00, 17.06
10:24:34.616 , Vol+O2, 66008.00, 0.34, 0.00, 17.06
10:24:34.616 , Vol+O2, 66045.00, 0.30, 0.00, 17.06
10:24:34.619 , Vol+O2, 66082.00, 0.34, 0.00, 17.03
10:24:34.619 , Vol+O2, 66119.00, 0.42, 0.00, 17.03
10:24:34.620 , Vol+O2, 66155.00, 0.47, 0.00, 17.03
10:24:34.620 , Vol+O2, 66192.00, 0.60, 0.00, 17.03
10:24:34.622 , Vol+O2, 66228.00, 0.80, 0.00, 17.01
10:24:34.622 , Vol+O2, 66264.00, 1.23, 0.00, 17.01
10:24:34.625 , Vol+O2, 66300.00, 1.40, 0.00, 17.01
10:24:34.625 , Vol+O2, 66336.00, 1.53, 0.00, 17.01
10:24:34.625 , Vol+O2, 66373.00, 1.40, 0.00, 16.94
10:24:34.625 , Vol+O2, 66410.00, 1.45, 0.00, 16.94
10:24:34.632 , Vol+O2, 66447.00, 1.87, 0.00, 16.94
10:24:34.632 , Vol+O2, 66484.00, 2.21, 0.00, 16.94
10:24:34.635 , Vol+O2, 66520.00, 2.30, 0.00, 16.91
10:24:34.635 , Vol+O2, 66556.00, 2.21, 0.00, 16.91
10:24:34.637 , Vol+O2, 66593.00, 2.17, 0.00, 16.91
10:24:34.637 , Vol+O2, 66631.00, 2.00, 0.00, 16.91
10:24:34.640 , Vol+O2, 66668.00, 1.87, 0.00, 16.88
10:24:34.640 , Vol+O2, 66705.00, 1.87, 0.00, 16.88
10:24:34.643 , Vol+O2, 66742.00, 1.87, 0.00, 16.88
10:24:34.643 , Vol+O2, 66779.00, 1.74, 0.00, 16.88
10:24:34.647 , Vol+O2, 66815.00, 1.91, 0.00, 16.88
10:24:34.647 , Vol+O2, 66851.00, 1.91, 0.00, 16.82
10:24:34.651 , Vol+O2, 66888.00, 1.78, 0.00, 16.82
10:24:34.678 , Vol+O2, 66924.00, 1.57, 0.00, 16.82
10:24:34.678 , Vol+O2, 66960.00, 1.45, 0.00, 16.82
10:24:34.694 , Vol+O2, 66997.00, 1.53, 0.00, 16.76
10:24:34.694 , Vol+O2, 67034.00, 1.40, 0.00, 16.76
10:24:34.694 , Vol+O2, 67070.00, 1.36, 0.00, 16.76
10:24:34.694 , Vol+O2, 67107.00, 1.45, 0.00, 16.76
10:24:34.697 , Vol+O2, 67144.00, 1.36, 0.00, 16.73
10:24:34.697 , Vol+O2, 67180.00, 1.23, 0.00, 16.73
10:24:34.698 , Vol+O2, 67217.00, 0.93, 0.00, 16.73
10:24:34.698 , Vol+O2, 67254.00, 1.02, 0.00, 16.73
10:24:34.699 , Vol+O2, 67290.00, 0.80, 0.00, 16.70
10:24:34.699 , Vol+O2, 67327.00, 0.42, 0.00, 16.70
10:24:34.702 , Vol+O2, 67363.00, 0.00, 0.00, 16.70
10:24:34.702 , Vol+O2, 67400.00, 0.00, 0.00, 16.70
10:24:34.705 , Vol+O2, 67436.00, 0.00, 0.00, 16.67
10:24:34.705 , Vol+O2, 67473.00, 0.00, 0.00, 16.67
10:24:34.706 , Vol+O2, 67509.00, 0.26, 0.94, 16.67
10:24:34.706 , Vol+O2, 67545.00, 0.22, 0.43, 16.67
10:24:34.706 , Vol+O2, 67582.00, 0.00, 0.94, 16.64
10:24:34.710 , Vol+O2, 67619.00, 0.00, 1.50, 16.64
10:24:34.710 , Vol+O2, 67655.00, 0.00, 2.24, 16.64
10:24:34.714 , Vol+O2, 67692.00, 0.00, 2.94, 16.64
10:24:34.714 , Vol+O2, 67729.00, 0.00, 2.28, 16.64
10:24:34.719 , Vol+O2, 67766.00, 0.00, 2.15, 16.61
10:24:34.719 , Vol+O2, 67803.00, 0.00, 2.06, 16.61
10:24:34.722 , Vol+O2, 67840.00, 0.00, 1.73, 16.61
10:24:34.722 , Vol+O2, 67876.00, 0.00, 1.77, 16.61
10:24:34.725 , Vol+O2, 67913.00, 0.00, 1.96, 16.58
10:24:34.725 , Vol+O2, 67950.00, 0.00, 1.68, 16.58
10:24:34.727 , Vol+O2, 67986.00, 0.00, 1.40, 16.58
10:24:34.727 , Vol+O2, 68023.00, 0.00, 1.73, 16.58
10:24:34.764 , Vol+O2, 68060.00, 0.00, 1.50, 16.64
10:24:34.764 , Vol+O2, 68096.00, 0.00, 1.59, 16.64
10:24:34.765 , Vol+O2, 68133.00, 0.00, 1.59, 16.64
10:24:34.765 , Vol+O2, 68169.00, 0.00, 1.45, 16.64
10:24:34.766 , Vol+O2, 68205.00, 0.00, 1.54, 16.67
10:24:34.766 , Vol+O2, 68241.00, 0.00, 1.08, 16.67
10:24:34.768 , Vol+O2, 68278.00, 0.00, 1.64, 16.67
10:24:34.769 , Vol+O2, 68314.00, 0.00, 1.40, 16.67
10:24:34.769 , Vol+O2, 68350.00, 0.00, 1.45, 16.76
10:24:34.776 , Vol+O2, 68386.00, 0.00, 1.08, 16.76
10:24:34.776 , Vol+O2, 68423.00, 0.00, 1.03, 16.76
10:24:34.779 , Vol+O2, 68460.00, 0.00, 1.26, 16.76
10:24:34.779 , Vol+O2, 68497.00, 0.00, 1.22, 16.82
10:24:34.780 , Vol+O2, 68533.00, 0.00, 1.03, 16.82
10:24:34.780 , Vol+O2, 68569.00, 0.00, 0.89, 16.82
10:24:34.783 , Vol+O2, 68606.00, 0.00, 0.99, 16.82
10:24:34.783 , Vol+O2, 68643.00, 0.00, 0.84, 16.82
10:24:34.785 , Vol+O2, 68679.00, 0.00, 0.94, 16.82
10:24:34.785 , Vol+O2, 68715.00, 0.00, 0.75, 16.82
10:24:34.790 , Vol+O2, 68752.00, 0.00, 0.98, 16.82
10:24:34.790 , Vol+O2, 68788.00, 0.00, 0.80, 16.82
10:24:34.792 , Vol+O2, 68824.00, 0.00, 0.71, 16.85
10:24:34.792 , Vol+O2, 68860.00, 0.00, 0.71, 16.85
10:24:34.794 , Vol+O2, 68897.00, 0.00, 0.89, 16.85
10:24:34.794 , Vol+O2, 68933.00, 0.00, 0.99, 16.85
10:24:34.823 , Vol+O2, 68969.00, 0.00, 1.08, 16.85
10:24:34.823 , Vol+O2, 69005.00, 0.00, 0.89, 16.85
10:24:34.841 , Vol+O2, 69042.00, 0.00, 0.94, 16.85
10:24:34.841 , Vol+O2, 69079.00, 0.00, 0.84, 16.85
10:24:34.843 , Vol+O2, 69116.00, 0.00, 0.80, 16.85
10:24:34.843 , Vol+O2, 69153.00, 0.00, 0.66, 16.85
10:24:34.846 , Vol+O2, 69190.00, 0.00, 0.47, 16.85
10:24:34.846 , Vol+O2, 69226.00, 0.00, 0.29, 16.85
10:24:34.848 , Vol+O2, 69262.00, 0.00, 0.00, 16.82
10:24:34.848 , Vol+O2, 69298.00, 0.00, 0.20, 16.82
10:24:34.849 , Vol+O2, 69334.00, 0.00, 0.20, 16.82
10:24:34.849 , Vol+O2, 69370.00, 0.00, 0.00, 16.82
10:24:34.851 , Vol+O2, 69406.00, 0.00, 0.00, 16.66
10:24:34.851 , Vol+O2, 69443.00, 0.00, 0.00, 16.66
10:24:34.854 , Vol+O2, 69479.00, 0.00, 0.00, 16.66
10:24:34.854 , Vol+O2, 69515.00, 0.00, 0.00, 16.66
10:24:34.880 , Vol+O2, 69551.00, 0.00, 0.00, 16.66
10:24:34.882 , Vol+O2, 69588.00, 0.00, 0.00, 16.76
10:24:34.882 , Vol+O2, 69624.00, 0.00, 0.00, 16.76
10:24:34.884 , Vol+O2, 69660.00, 0.00, 0.00, 16.76
10:24:34.884 , Vol+O2, 69697.00, 0.26, 0.00, 16.76
10:24:34.922 , Vol+O2, 69733.00, 0.37, 0.00, 16.76
10:24:34.922 , Vol+O2, 69769.00, 0.47, 0.00, 16.76
10:24:34.922 , Vol+O2, 69805.00, 0.50, 0.00, 16.76
10:24:34.922 , Vol+O2, 69841.00, 0.60, 0.00, 16.76
10:24:34.927 , Vol+O2, 69878.00, 0.64, 0.00, 16.70
10:24:34.927 , Vol+O2, 69914.00, 0.80, 0.00, 16.70
10:24:34.929 , Vol+O2, 69950.00, 0.98, 0.00, 16.70
10:24:34.929 , Vol+O2, 69986.00, 1.23, 0.00, 16.70
10:24:34.932 , Vol+O2, 70022.00, 1.40, 0.00, 16.67
10:24:34.932 , Vol+O2, 70058.00, 1.45, 0.00, 16.67
10:24:34.935 , Vol+O2, 70094.00, 1.57, 0.00, 16.67
10:24:34.935 , Vol+O2, 70130.00, 1.74, 0.00, 16.67
10:24:34.936 , Vol+O2, 70166.00, 1.83, 0.00, 16.67
10:24:34.936 , Vol+O2, 70203.00, 1.95, 0.00, 16.67
10:24:34.937 , Vol+O2, 70240.00, 2.59, 0.00, 16.67
10:24:34.937 , Vol+O2, 70277.00, 2.72, 0.00, 16.67
10:24:34.944 , Vol+O2, 70313.00, 2.76, 0.00, 16.67
10:24:34.944 , Vol+O2, 70350.00, 2.55, 0.00, 16.61
10:24:34.944 , Vol+O2, 70386.00, 2.34, 0.00, 16.61
10:24:34.946 , Vol+O2, 70423.00, 2.67, 0.00, 16.61
10:24:34.946 , Vol+O2, 70460.00, 2.67, 0.00, 16.61
10:24:34.950 , Vol+O2, 70496.00, 2.80, 0.00, 16.58
10:24:34.950 , Vol+O2, 70533.00, 2.76, 0.00, 16.58
10:24:34.952 , Vol+O2, 70569.00, 2.30, 0.00, 16.58
10:24:34.952 , Vol+O2, 70605.00, 1.95, 0.00, 16.58
10:24:34.956 , Vol+O2, 70642.00, 2.04, 0.00, 16.52
10:24:34.956 , Vol+O2, 70679.00, 1.91, 0.00, 16.52
10:24:34.997 , Vol+O2, 70716.00, 1.95, 0.00, 16.52
10:24:34.997 , Vol+O2, 70753.00, 2.12, 0.00, 16.52
10:24:34.999 , Vol+O2, 70790.00, 2.17, 0.00, 16.49
10:24:34.999 , Vol+O2, 70827.00, 2.17, 0.00, 16.49
10:24:35.003 , Vol+O2, 70864.00, 1.91, 0.00, 16.49
10:24:35.003 , Vol+O2, 70901.00, 1.70, 0.00, 16.49
10:24:35.003 , Vol+O2, 70937.00, 1.57, 0.00, 16.49
10:24:35.003 , Vol+O2, 70974.00, 1.40, 0.00, 16.49
10:24:39.979 , Vol+O2, 71012.00, 1.36, 0.00, 16.49
10:24:39.983 , Vol+O2, 71049.00, 1.19, 0.00, 16.49
10:24:39.983 , Vol+O2, 71085.00, 0.93, 0.00, 16.46
10:24:39.984 , Vol+O2, 71122.00, 0.64, 0.00, 16.46
10:24:39.984 , Vol+O2, 71159.00, 0.42, 0.00, 16.46
10:24:39.984 , Vol+O2, 71197.00, 0.34, 0.00, 16.46
10:24:39.987 , Vol+O2, 71234.00, 0.00, 0.00, 16.43
10:24:39.987 , Vol+O2, 71270.00, 0.00, 0.00, 16.43
10:24:39.989 , Vol+O2, 71306.00, 0.00, 0.38, 16.43
10:24:39.989 , Vol+O2, 71345.00, 0.00, 0.89, 16.43
10:24:39.990 , Vol+O2, 71382.00, 0.00, 1.73, 16.43
10:24:39.990 , Vol+O2, 71419.00, 0.00, 2.06, 16.43
10:24:39.991 , Vol+O2, 71457.00, 0.00, 2.28, 16.43
10:24:39.991 , Vol+O2, 71493.00, 0.00, 2.00, 16.43
10:24:39.995 , Vol+O2, 71529.00, 0.00, 2.33, 16.43
10:24:39.995 , Vol+O2, 71565.00, 0.00, 2.20, 16.37
10:24:40.058 , Vol+O2, 71602.00, 0.00, 2.01, 16.37
10:24:40.058 , Vol+O2, 71638.00, 0.00, 1.77, 16.37
10:24:40.058 , Vol+O2, 71674.00, 0.00, 2.20, 16.37
10:24:40.058 , Vol+O2, 71710.00, 0.00, 1.77, 16.37
10:24:40.060 , Vol+O2, 71747.00, 0.00, 1.96, 16.37
10:24:40.060 , Vol+O2, 71783.00, 0.00, 1.91, 16.37
10:24:40.061 , Vol+O2, 71819.00, 0.00, 1.77, 16.37
10:24:40.061 , Vol+O2, 71855.00, 0.00, 1.77, 16.40
10:24:40.063 , Vol+O2, 71892.00, 0.00, 1.45, 16.40
10:24:40.063 , Vol+O2, 71928.00, 0.00, 1.45, 16.40
10:24:40.066 , Vol+O2, 71964.00, 0.00, 1.35, 16.40
10:24:40.066 , Vol+O2, 72000.00, 0.00, 1.26, 16.46
10:24:40.067 , Vol+O2, 72036.00, 0.00, 1.35, 16.46
10:24:40.067 , Vol+O2, 72073.00, 0.00, 1.35, 16.46
10:24:40.070 , Vol+O2, 72109.00, 0.00, 1.17, 16.46
10:24:40.070 , Vol+O2, 72145.00, 0.00, 1.03, 16.58
10:24:40.095 , Vol+O2, 72181.00, 0.00, 0.80, 16.58
10:24:40.095 , Vol+O2, 72218.00, 0.00, 1.03, 16.58
10:24:40.098 , Vol+O2, 72255.00, 0.00, 1.13, 16.58
10:24:40.098 , Vol+O2, 72291.00, 0.00, 0.94, 16.58
10:24:40.100 , Vol+O2, 72328.00, 0.00, 0.75, 16.61
10:24:40.101 , Vol+O2, 72364.00, 0.00, 0.71, 16.61
10:24:40.101 , Vol+O2, 72400.00, 0.00, 0.66, 16.61
10:24:40.130 , Vol+O2, 72436.00, 0.00, 0.71, 16.61
10:24:40.130 , Vol+O2, 72473.00, 0.00, 0.62, 16.64
10:24:40.132 , Vol+O2, 72509.00, 0.00, 0.52, 16.64
10:24:40.132 , Vol+O2, 72545.00, 0.00, 0.47, 16.64
10:24:40.136 , Vol+O2, 72581.00, 0.00, 0.38, 16.64
10:24:40.136 , Vol+O2, 72618.00, 0.00, 0.38, 16.67
10:24:40.138 , Vol+O2, 72654.00, 0.00, 0.52, 16.67
10:24:40.138 , Vol+O2, 72690.00, 0.00, 0.38, 16.67
10:24:40.139 , Vol+O2, 72726.00, 0.00, 0.20, 16.67
10:24:40.139 , Vol+O2, 72762.00, 0.00, 0.29, 16.70
10:24:40.144 , Vol+O2, 72798.00, 0.00, 0.29, 16.70
10:24:40.144 , Vol+O2, 72834.00, 0.00, 0.29, 16.70
10:24:40.149 , Vol+O2, 72870.00, 0.00, 0.20, 16.70
10:24:40.149 , Vol+O2, 72906.00, 0.00, 0.20, 16.66
10:24:40.151 , Vol+O2, 72943.00, 0.00, 0.00, 16.66
10:24:40.151 , Vol+O2, 72979.00, 0.00, 0.00, 16.66
10:24:40.155 , Vol+O2, 73016.00, 0.00, 0.00, 16.66
10:24:40.155 , Vol+O2, 73053.00, 0.00, 0.00, 16.66
10:24:40.157 , Vol+O2, 73089.00, 0.00, 0.00, 16.70
10:24:40.157 , Vol+O2, 73125.00, 0.26, 0.00, 16.70
10:24:40.162 , Vol+O2, 73161.00, 0.34, 0.00, 16.70
10:24:40.162 , Vol+O2, 73198.00, 0.47, 0.00, 16.70
10:24:40.166 , Vol+O2, 73234.00, 0.37, 0.00, 16.70
10:24:40.166 , Vol+O2, 73270.00, 0.33, 0.00, 16.70
10:24:40.170 , Vol+O2, 73306.00, 0.47, 0.00, 16.70
10:24:40.170 , Vol+O2, 73343.00, 0.73, 0.00, 16.70
10:24:40.175 , Vol+O2, 73379.00, 0.89, 0.00, 16.67
10:24:40.175 , Vol+O2, 73415.00, 1.07, 0.00, 16.67
10:24:40.176 , Vol+O2, 73451.00, 1.23, 0.00, 16.67
10:24:40.176 , Vol+O2, 73488.00, 1.57, 0.00, 16.67
10:24:40.179 , Vol+O2, 73524.00, 1.95, 0.00, 16.67
10:24:40.179 , Vol+O2, 73560.00, 2.42, 0.00, 16.67
10:24:40.181 , Vol+O2, 73596.00, 2.76, 0.00, 16.67
10:24:40.181 , Vol+O2, 73633.00, 3.05, 0.00, 16.67
10:24:40.183 , Vol+O2, 73669.00, 2.98, 0.00, 16.64
10:24:40.183 , Vol+O2, 73705.00, 2.94, 0.00, 16.64
10:24:40.214 , Vol+O2, 73741.00, 2.80, 0.00, 16.64
10:24:40.214 , Vol+O2, 73778.00, 2.76, 0.00, 16.64
10:24:40.216 , Vol+O2, 73814.00, 2.68, 0.00, 16.64
10:24:40.216 , Vol+O2, 73850.00, 2.67, 0.00, 16.61
10:24:40.218 , Vol+O2, 73886.00, 2.72, 0.00, 16.61
10:24:40.218 , Vol+O2, 73923.00, 2.63, 0.00, 16.61
10:24:40.220 , Vol+O2, 73959.00, 2.46, 0.00, 16.61
10:24:40.220 , Vol+O2, 73995.00, 2.34, 0.00, 16.58
10:24:40.244 , Vol+O2, 74031.00, 2.34, 0.00, 16.58
10:24:40.244 , Vol+O2, 74068.00, 2.25, 0.00, 16.58
10:24:40.255 , Vol+O2, 74104.00, 2.12, 0.00, 16.58
10:24:40.255 , Vol+O2, 74140.00, 1.95, 0.00, 16.58
10:24:40.259 , Vol+O2, 74176.00, 1.65, 0.00, 16.58
10:24:40.259 , Vol+O2, 74213.00, 1.74, 0.00, 16.58
10:24:40.262 , Vol+O2, 74250.00, 1.61, 0.00, 16.58
10:24:40.262 , Vol+O2, 74286.00, 1.45, 0.00, 16.55
10:24:40.264 , Vol+O2, 74323.00, 1.27, 0.00, 16.55
10:24:40.264 , Vol+O2, 74359.00, 1.36, 0.00, 16.55
10:24:40.267 , Vol+O2, 74395.00, 1.36, 0.00, 16.55
10:24:40.267 , Vol+O2, 74431.00, 1.36, 0.00, 16.58
10:24:40.268 , Vol+O2, 74468.00, 1.15, 0.00, 16.58
10:24:40.268 , Vol+O2, 74504.00, 0.64, 0.00, 16.58
10:24:40.268 , Vol+O2, 74541.00, 0.00, 0.00, 16.58
10:24:40.271 , Vol+O2, 74578.00, 0.00, 0.00, 16.58
10:24:40.271 , Vol+O2, 74614.00, 0.00, 0.00, 16.52
10:24:40.271 , Vol+O2, 74650.00, 0.93, 0.94, 16.52
10:24:40.278 , Vol+O2, 74686.00, 0.22, 0.47, 16.52
10:24:40.278 , Vol+O2, 74723.00, 0.00, 0.66, 16.52
10:24:40.280 , Vol+O2, 74759.00, 0.00, 0.99, 16.52
10:24:40.280 , Vol+O2, 74795.00, 0.00, 1.64, 16.52
10:24:40.282 , Vol+O2, 74831.00, 0.00, 2.24, 16.52
10:24:40.282 , Vol+O2, 74868.00, 0.00, 2.24, 16.52
10:24:40.285 , Vol+O2, 74904.00, 0.00, 2.28, 16.52
10:24:40.285 , Vol+O2, 74940.00, 0.00, 1.87, 16.52
10:24:40.289 , Vol+O2, 74976.00, 0.00, 1.87, 16.52
10:24:40.289 , Vol+O2, 75013.00, 0.00, 2.37, 16.52
10:24:40.289 , Vol+O2, 75049.00, 0.00, 1.82, 16.52
10:24:40.292 , Vol+O2, 75085.00, 0.00, 2.10, 16.52
10:24:40.340 , Vol+O2, 75121.00, 0.00, 1.96, 16.52
10:24:40.340 , Vol+O2, 75158.00, 0.00, 1.77, 16.52
10:24:40.342 , Vol+O2, 75194.00, 0.00, 1.64, 16.61
10:24:40.342 , Vol+O2, 75230.00, 0.00, 1.68, 16.61
10:24:40.342 , Vol+O2, 75266.00, 0.00, 1.77, 16.61
10:24:40.356 , Vol+O2, 75303.00, 0.00, 1.59, 16.61
10:24:40.358 , Vol+O2, 75339.00, 0.00, 1.64, 16.61
10:24:40.358 , Vol+O2, 75375.00, 0.00, 1.31, 16.67
10:24:40.359 , Vol+O2, 75411.00, 0.00, 1.26, 16.67
10:24:40.359 , Vol+O2, 75448.00, 0.00, 1.22, 16.67
10:24:40.362 , Vol+O2, 75485.00, 0.00, 0.99, 16.67
10:24:40.362 , Vol+O2, 75521.00, 0.00, 1.13, 16.70
10:24:40.363 , Vol+O2, 75558.00, 0.00, 1.08, 16.70
10:24:40.363 , Vol+O2, 75594.00, 0.00, 1.03, 16.70
10:24:40.364 , Vol+O2, 75630.00, 0.00, 1.13, 16.70
10:24:40.372 , Vol+O2, 75666.00, 0.00, 1.13, 16.76
10:24:40.372 , Vol+O2, 75703.00, 0.00, 0.94, 16.76
10:24:40.375 , Vol+O2, 75739.00, 0.00, 0.89, 16.76
10:24:40.375 , Vol+O2, 75775.00, 0.00, 0.66, 16.76
10:24:40.399 , Vol+O2, 75811.00, 0.00, 0.80, 16.82
10:24:40.399 , Vol+O2, 75848.00, 0.00, 0.62, 16.82
10:24:40.420 , Vol+O2, 75884.00, 0.00, 0.52, 16.82
10:24:40.420 , Vol+O2, 75920.00, 0.00, 0.57, 16.82
10:24:40.422 , Vol+O2, 75956.00, 0.00, 0.47, 16.85
10:24:40.422 , Vol+O2, 75993.00, 0.00, 0.66, 16.85
10:24:40.445 , Vol+O2, 76029.00, 0.00, 0.66, 16.85
10:24:40.445 , Vol+O2, 76066.00, 0.00, 0.62, 16.85
10:24:40.447 , Vol+O2, 76103.00, 0.00, 0.52, 16.85
10:24:40.447 , Vol+O2, 76140.00, 0.00, 0.24, 16.88
10:24:40.449 , Vol+O2, 76177.00, 0.00, 0.29, 16.88
10:24:40.449 , Vol+O2, 76214.00, 0.00, 0.00, 16.88
10:24:40.451 , Vol+O2, 76251.00, 0.00, 0.24, 16.88
10:24:40.451 , Vol+O2, 76288.00, 0.00, 0.20, 16.88
10:24:40.460 , Vol+O2, 76325.00, 0.00, 0.00, 16.88
10:24:40.460 , Vol+O2, 76362.00, 0.00, 0.00, 16.88
10:24:40.473 , Vol+O2, 76399.00, 0.00, 0.00, 16.88
10:24:40.473 , Vol+O2, 76436.00, 0.00, 0.00, 16.88
10:24:45.419 , Vol+O2, 76475.00, 0.00, 0.00, 16.88
10:24:45.426 , Vol+O2, 76512.00, 0.00, 0.00, 16.88
10:24:45.426 , Vol+O2, 76552.00, 0.00, 0.00, 16.88
10:24:45.426 , Vol+O2, 76589.00, 0.00, 0.00, 16.85
10:24:45.426 , Vol+O2, 76627.00, 0.26, 0.00, 16.85
10:24:45.426 , Vol+O2, 76665.00, 0.33, 0.00, 16.85
10:24:45.426 , Vol+O2, 76701.00, 0.42, 0.00, 16.85
10:24:45.429 , Vol+O2, 76739.00, 0.50, 0.00, 16.85
10:24:45.429 , Vol+O2, 76779.00, 0.68, 0.00, 16.85
10:24:45.431 , Vol+O2, 76815.00, 0.76, 0.00, 16.85
10:24:45.431 , Vol+O2, 76851.00, 1.02, 0.00, 16.85
10:24:45.431 , Vol+O2, 76887.00, 1.36, 0.00, 16.82
10:24:45.431 , Vol+O2, 76924.00, 1.53, 0.00, 16.82
10:24:45.435 , Vol+O2, 76960.00, 1.78, 0.00, 16.82
10:24:45.435 , Vol+O2, 76996.00, 2.00, 0.00, 16.82
10:24:45.435 , Vol+O2, 77032.00, 2.00, 0.00, 16.82
10:24:45.436 , Vol+O2, 77069.00, 2.04, 0.00, 16.82
10:24:45.436 , Vol+O2, 77105.00, 2.21, 0.00, 16.82
10:24:45.444 , Vol+O2, 77141.00, 2.08, 0.00, 16.82
10:24:45.444 , Vol+O2, 77178.00, 1.87, 0.00, 16.82
10:24:45.444 , Vol+O2, 77214.00, 2.08, 0.00, 16.82
10:24:45.445 , Vol+O2, 77250.00, 2.21, 0.00, 16.82
10:24:45.445 , Vol+O2, 77287.00, 2.17, 0.00, 16.82
10:24:45.449 , Vol+O2, 77323.00, 2.04, 0.00, 16.82
10:24:45.449 , Vol+O2, 77359.00, 2.22, 0.00, 16.76
10:24:45.452 , Vol+O2, 77395.00, 2.30, 0.00, 16.76
10:24:45.452 , Vol+O2, 77431.00, 2.30, 0.00, 16.76
10:24:45.458 , Vol+O2, 77468.00, 2.46, 0.00, 16.76
10:24:45.458 , Vol+O2, 77504.00, 2.42, 0.00, 16.73
10:24:45.460 , Vol+O2, 77540.00, 2.04, 0.00, 16.73
10:24:45.460 , Vol+O2, 77576.00, 1.95, 0.00, 16.73
10:24:45.462 , Vol+O2, 77613.00, 1.62, 0.00, 16.73
10:24:45.462 , Vol+O2, 77650.00, 1.65, 0.00, 16.70
10:24:45.493 , Vol+O2, 77686.00, 1.74, 0.00, 16.70
10:24:45.493 , Vol+O2, 77723.00, 1.70, 0.00, 16.70
10:24:45.493 , Vol+O2, 77759.00, 1.65, 0.00, 16.70
10:24:45.495 , Vol+O2, 77795.00, 1.40, 0.00, 16.67
10:24:45.495 , Vol+O2, 77831.00, 1.36, 0.00, 16.67
10:24:45.495 , Vol+O2, 77868.00, 1.27, 0.00, 16.67
10:24:45.495 , Vol+O2, 77904.00, 0.98, 0.00, 16.67
10:24:45.498 , Vol+O2, 77940.00, 1.02, 0.00, 16.70
10:24:45.498 , Vol+O2, 77976.00, 0.89, 0.00, 16.70
10:24:45.501 , Vol+O2, 78013.00, 0.64, 0.00, 16.70
10:24:45.501 , Vol+O2, 78050.00, 0.38, 0.00, 16.70
10:24:45.545 , Vol+O2, 78086.00, 0.00, 0.00, 16.70
10:24:45.545 , Vol+O2, 78123.00, 0.00, 0.00, 16.64
10:24:45.548 , Vol+O2, 78160.00, 0.00, 0.00, 16.64
10:24:45.548 , Vol+O2, 78196.00, 0.00, 0.00, 16.64
10:24:45.549 , Vol+O2, 78233.00, 0.00, 0.00, 16.64
10:24:45.550 , Vol+O2, 78269.00, 0.26, 0.00, 16.64
10:24:45.550 , Vol+O2, 78305.00, 0.00, 0.00, 16.64
10:24:45.550 , Vol+O2, 78341.00, 0.00, 0.00, 16.64
10:24:45.550 , Vol+O2, 78378.00, 0.00, 0.43, 16.64
10:24:45.552 , Vol+O2, 78414.00, 0.00, 0.84, 16.61
10:24:45.552 , Vol+O2, 78450.00, 0.00, 1.77, 16.61
10:24:45.581 , Vol+O2, 78486.00, 0.00, 2.61, 16.61
10:24:45.581 , Vol+O2, 78523.00, 0.00, 3.49, 16.61
10:24:45.584 , Vol+O2, 78560.00, 0.00, 2.98, 16.58
10:24:45.584 , Vol+O2, 78596.00, 0.00, 2.84, 16.58
10:24:45.586 , Vol+O2, 78633.00, 0.00, 3.21, 16.58
10:24:45.586 , Vol+O2, 78669.00, 0.00, 2.94, 16.58
10:24:45.588 , Vol+O2, 78705.00, 0.00, 3.25, 16.58
10:24:45.588 , Vol+O2, 78742.00, 0.00, 2.74, 16.58
10:24:45.591 , Vol+O2, 78778.00, 0.00, 2.33, 16.58
10:24:45.591 , Vol+O2, 78814.00, 0.00, 2.20, 16.58
10:24:45.593 , Vol+O2, 78850.00, 0.00, 2.33, 16.64
10:24:45.593 , Vol+O2, 78886.00, 0.00, 2.01, 16.64
10:24:45.595 , Vol+O2, 78923.00, 0.00, 2.01, 16.64
10:24:45.595 , Vol+O2, 78959.00, 0.00, 2.15, 16.64
10:24:45.622 , Vol+O2, 78995.00, 0.00, 1.91, 16.64
10:24:45.622 , Vol+O2, 79031.00, 0.00, 1.87, 16.67
10:24:45.624 , Vol+O2, 79068.00, 0.00, 1.91, 16.67
10:24:45.624 , Vol+O2, 79104.00, 0.00, 1.50, 16.67
10:24:45.625 , Vol+O2, 79140.00, 0.00, 1.73, 16.67
10:24:45.647 , Vol+O2, 79176.00, 0.00, 1.45, 16.73
10:24:45.647 , Vol+O2, 79213.00, 0.00, 1.59, 16.73
10:24:45.650 , Vol+O2, 79249.00, 0.00, 1.22, 16.73
10:24:45.650 , Vol+O2, 79285.00, 0.00, 1.17, 16.73
10:24:45.651 , Vol+O2, 79321.00, 0.00, 1.08, 16.76
10:24:45.651 , Vol+O2, 79358.00, 0.00, 1.08, 16.76
10:24:45.652 , Vol+O2, 79394.00, 0.00, 1.03, 16.76
10:24:45.652 , Vol+O2, 79431.00, 0.00, 1.13, 16.76
10:24:45.654 , Vol+O2, 79467.00, 0.00, 1.22, 16.82
10:24:45.654 , Vol+O2, 79504.00, 0.00, 0.94, 16.82
10:24:45.656 , Vol+O2, 79541.00, 0.00, 0.80, 16.82
10:24:45.656 , Vol+O2, 79578.00, 0.00, 0.66, 16.82
10:24:45.658 , Vol+O2, 79614.00, 0.00, 0.66, 16.82
10:24:45.658 , Vol+O2, 79650.00, 0.00, 0.66, 16.82
10:24:45.661 , Vol+O2, 79686.00, 0.00, 0.62, 16.82
10:24:45.661 , Vol+O2, 79723.00, 0.00, 0.66, 16.82
10:24:45.661 , Vol+O2, 79759.00, 0.00, 0.66, 16.82
10:24:45.663 , Vol+O2, 79795.00, 0.00, 0.62, 16.82
10:24:45.693 , Vol+O2, 79831.00, 0.00, 0.52, 16.82
10:24:45.693 , Vol+O2, 79868.00, 0.00, 0.57, 16.82
10:24:45.695 , Vol+O2, 79904.00, 0.00, 0.47, 16.82
10:24:45.695 , Vol+O2, 79940.00, 0.00, 0.33, 16.82
10:24:45.697 , Vol+O2, 79977.00, 0.00, 0.24, 16.82
10:24:45.697 , Vol+O2, 80013.00, 0.00, 0.29, 16.82
10:24:45.699 , Vol+O2, 80049.00, 0.00, 0.20, 16.82
10:24:45.699 , Vol+O2, 80085.00, 0.00, 0.20, 16.79
10:24:45.702 , Vol+O2, 80121.00, 0.00, 0.00, 16.79
10:24:45.702 , Vol+O2, 80158.00, 0.00, 0.00, 16.79
10:24:45.706 , Vol+O2, 80194.00, 0.00, 0.00, 16.79
10:24:45.706 , Vol+O2, 80230.00, 0.00, 0.00, 16.79
10:24:45.709 , Vol+O2, 80266.00, 0.00, 0.00, 16.79
10:24:45.709 , Vol+O2, 80303.00, 0.00, 0.00, 16.79
10:24:45.711 , Vol+O2, 80339.00, 0.30, 0.00, 16.79
10:24:45.711 , Vol+O2, 80375.00, 0.42, 0.00, 16.79
10:24:45.715 , Vol+O2, 80411.00, 0.51, 0.00, 16.79
10:24:45.715 , Vol+O2, 80448.00, 0.64, 0.00, 16.79
10:24:45.720 , Vol+O2, 80485.00, 0.68, 0.00, 16.79
10:24:45.720 , Vol+O2, 80521.00, 0.98, 0.00, 16.79
10:24:45.722 , Vol+O2, 80558.00, 1.11, 0.00, 16.73
10:24:45.722 , Vol+O2, 80594.00, 1.41, 0.00, 16.73
10:24:45.725 , Vol+O2, 80630.00, 1.96, 0.00, 16.73
10:24:45.725 , Vol+O2, 80666.00, 2.30, 0.00, 16.73
10:24:45.754 , Vol+O2, 80703.00, 2.39, 0.00, 16.70
10:24:45.754 , Vol+O2, 80739.00, 2.43, 0.00, 16.70
10:24:45.755 , Vol+O2, 80775.00, 2.47, 0.00, 16.70
10:24:45.755 , Vol+O2, 80811.00, 2.64, 0.00, 16.70
10:24:45.755 , Vol+O2, 80848.00, 2.67, 0.00, 16.70
10:24:45.755 , Vol+O2, 80884.00, 2.51, 0.00, 16.70
10:24:45.757 , Vol+O2, 80920.00, 2.60, 0.00, 16.70
10:24:45.757 , Vol+O2, 80956.00, 2.38, 0.00, 16.70
10:24:45.761 , Vol+O2, 80992.00, 2.42, 0.00, 16.67
10:24:45.761 , Vol+O2, 81028.00, 2.34, 0.00, 16.67
10:24:45.792 , Vol+O2, 81064.00, 2.35, 0.00, 16.67
10:24:45.793 , Vol+O2, 81100.00, 2.34, 0.00, 16.67
10:24:45.793 , Vol+O2, 81137.00, 2.04, 0.00, 16.64
10:24:45.796 , Vol+O2, 81174.00, 2.04, 0.00, 16.64
10:24:45.796 , Vol+O2, 81210.00, 2.17, 0.00, 16.64
10:24:45.796 , Vol+O2, 81247.00, 1.95, 0.00, 16.64
10:24:45.796 , Vol+O2, 81283.00, 1.70, 0.00, 16.64
10:24:45.802 , Vol+O2, 81319.00, 1.53, 0.00, 16.61
10:24:45.802 , Vol+O2, 81355.00, 1.65, 0.00, 16.61
10:24:45.804 , Vol+O2, 81391.00, 1.70, 0.00, 16.61
10:24:45.804 , Vol+O2, 81428.00, 1.57, 0.00, 16.61
10:24:45.806 , Vol+O2, 81464.00, 1.65, 0.00, 16.58
10:24:45.806 , Vol+O2, 81500.00, 1.70, 0.00, 16.58
10:24:45.835 , Vol+O2, 81537.00, 1.36, 0.00, 16.58
10:24:45.835 , Vol+O2, 81574.00, 1.15, 0.00, 16.58
10:24:45.835 , Vol+O2, 81611.00, 1.11, 0.00, 16.55
10:24:45.837 , Vol+O2, 81648.00, 0.89, 0.00, 16.55
10:24:45.837 , Vol+O2, 81685.00, 0.80, 0.00, 16.55
10:24:45.837 , Vol+O2, 81722.00, 0.60, 0.00, 16.55
10:24:45.839 , Vol+O2, 81759.00, 0.55, 0.00, 16.55
10:24:45.839 , Vol+O2, 81796.00, 0.60, 0.00, 16.55
10:24:45.840 , Vol+O2, 81833.00, 0.60, 0.00, 16.55
10:24:50.866 , Vol+O2, 81873.00, 0.42, 0.00, 16.55
10:24:50.868 , Vol+O2, 81910.00, 0.42, 0.00, 16.52
10:24:50.872 , Vol+O2, 81948.00, 0.26, 0.00, 16.52
10:24:50.872 , Vol+O2, 81987.00, 0.00, 0.00, 16.52
10:24:50.874 , Vol+O2, 82025.00, 0.00, 0.00, 16.52
10:24:50.874 , Vol+O2, 82061.00, 0.00, 0.00, 16.49
10:24:50.875 , Vol+O2, 82097.00, 0.00, 0.00, 16.49
10:24:50.875 , Vol+O2, 82135.00, 0.00, 0.80, 16.49
10:24:50.876 , Vol+O2, 82171.00, 0.00, 1.03, 16.49
10:24:50.876 , Vol+O2, 82208.00, 0.00, 1.31, 16.46
10:24:50.883 , Vol+O2, 82245.00, 0.00, 2.06, 16.46
10:24:50.883 , Vol+O2, 82286.00, 0.00, 2.56, 16.46
10:24:50.908 , Vol+O2, 82322.00, 0.00, 2.37, 16.46
10:24:50.908 , Vol+O2, 82359.00, 0.00, 2.06, 16.49
10:24:50.909 , Vol+O2, 82395.00, 0.00, 2.15, 16.49
10:24:50.909 , Vol+O2, 82431.00, 0.00, 2.06, 16.49
10:24:50.911 , Vol+O2, 82468.00, 0.00, 2.10, 16.49
10:24:50.912 , Vol+O2, 82505.00, 0.00, 2.15, 16.49
10:24:50.912 , Vol+O2, 82541.00, 0.00, 1.91, 16.49
10:24:50.913 , Vol+O2, 82577.00, 0.00, 1.68, 16.49
10:24:50.913 , Vol+O2, 82614.00, 0.00, 2.10, 16.49
10:24:50.926 , Vol+O2, 82650.00, 0.00, 1.77, 16.49
10:24:50.926 , Vol+O2, 82686.00, 0.00, 1.91, 16.51
10:24:50.928 , Vol+O2, 82722.00, 0.00, 1.68, 16.51
10:24:50.928 , Vol+O2, 82759.00, 0.00, 1.77, 16.51
10:24:50.930 , Vol+O2, 82795.00, 0.00, 1.64, 16.51
10:24:50.930 , Vol+O2, 82831.00, 0.00, 1.73, 16.61
10:24:50.935 , Vol+O2, 82867.00, 0.00, 1.68, 16.61
10:24:50.935 , Vol+O2, 82904.00, 0.00, 1.31, 16.61
10:24:50.938 , Vol+O2, 82940.00, 0.00, 1.45, 16.61
10:24:50.938 , Vol+O2, 82976.00, 0.00, 1.26, 16.67
10:24:50.940 , Vol+O2, 83012.00, 0.00, 1.68, 16.67
10:24:50.940 , Vol+O2, 83049.00, 0.00, 1.26, 16.67
10:24:50.940 , Vol+O2, 83085.00, 0.00, 1.26, 16.67
10:24:50.944 , Vol+O2, 83121.00, 0.00, 1.40, 16.76
10:24:50.944 , Vol+O2, 83157.00, 0.00, 1.22, 16.76
10:24:50.946 , Vol+O2, 83194.00, 0.00, 1.22, 16.76
10:24:50.946 , Vol+O2, 83231.00, 0.00, 1.17, 16.76
10:24:50.955 , Vol+O2, 83267.00, 0.00, 0.75, 16.76
10:24:50.955 , Vol+O2, 83304.00, 0.00, 0.94, 16.82
10:24:50.955 , Vol+O2, 83341.00, 0.00, 0.99, 16.82
10:24:50.955 , Vol+O2, 83377.00, 0.00, 0.84, 16.82
10:24:50.956 , Vol+O2, 83413.00, 0.00, 0.71, 16.82
10:24:50.956 , Vol+O2, 83450.00, 0.00, 0.66, 16.82
10:24:50.958 , Vol+O2, 83486.00, 0.00, 0.66, 16.82
10:24:50.958 , Vol+O2, 83522.00, 0.00, 0.66, 16.82
10:24:50.961 , Vol+O2, 83559.00, 0.00, 0.43, 16.82
10:24:50.961 , Vol+O2, 83595.00, 0.00, 0.62, 16.82
10:24:50.963 , Vol+O2, 83631.00, 0.00, 0.62, 16.82
10:24:50.963 , Vol+O2, 83667.00, 0.00, 0.33, 16.82
10:24:50.993 , Vol+O2, 83703.00, 0.00, 0.33, 16.82
10:24:50.993 , Vol+O2, 83739.00, 0.00, 0.33, 16.85
10:24:50.993 , Vol+O2, 83775.00, 0.00, 0.00, 16.85
10:24:50.994 , Vol+O2, 83811.00, 0.00, 0.24, 16.85
10:24:50.994 , Vol+O2, 83847.00, 0.00, 0.00, 16.85
10:24:50.997 , Vol+O2, 83883.00, 0.00, 0.00, 16.85
10:24:50.997 , Vol+O2, 83920.00, 0.00, 0.00, 16.85
10:24:50.998 , Vol+O2, 83957.00, 0.00, 0.00, 16.85
10:24:50.998 , Vol+O2, 83994.00, 0.00, 0.00, 16.85
10:24:51.000 , Vol+O2, 84031.00, 0.00, 0.00, 16.85
10:24:51.000 , Vol+O2, 84067.00, 0.00, 0.00, 16.82
10:24:51.032 , Vol+O2, 84103.00, 0.00, 0.00, 16.82
10:24:51.032 , Vol+O2, 84140.00, 0.00, 0.00, 16.82
10:24:51.035 , Vol+O2, 84176.00, 0.00, 0.00, 16.82
10:24:51.035 , Vol+O2, 84212.00, 0.00, 0.00, 16.82
10:24:51.037 , Vol+O2, 84248.00, 0.00, 0.00, 16.82
10:24:51.037 , Vol+O2, 84285.00, 0.00, 0.00, 16.82
10:24:51.039 , Vol+O2, 84321.00, 0.30, 0.00, 16.82
10:24:51.039 , Vol+O2, 84357.00, 0.42, 0.00, 16.83
10:24:51.041 , Vol+O2, 84393.00, 0.42, 0.00, 16.83
10:24:51.041 , Vol+O2, 84429.00, 0.33, 0.00, 16.83
10:24:51.044 , Vol+O2, 84465.00, 0.42, 0.00, 16.83
10:24:51.044 , Vol+O2, 84501.00, 0.60, 0.00, 16.76
10:24:51.075 , Vol+O2, 84538.00, 0.73, 0.00, 16.76
10:24:51.075 , Vol+O2, 84574.00, 0.90, 0.00, 16.76
10:24:51.077 , Vol+O2, 84610.00, 0.98, 0.00, 16.76
10:24:51.077 , Vol+O2, 84646.00, 1.11, 0.00, 16.76
10:24:51.079 , Vol+O2, 84683.00, 1.40, 0.00, 16.76
10:24:51.079 , Vol+O2, 84720.00, 1.95, 0.00, 16.76
10:24:51.080 , Vol+O2, 84757.00, 2.21, 0.00, 16.76
10:24:51.080 , Vol+O2, 84793.00, 2.55, 0.00, 16.76
10:24:51.082 , Vol+O2, 84829.00, 2.90, 0.00, 16.70
10:24:51.082 , Vol+O2, 84865.00, 2.98, 0.00, 16.70
10:24:51.085 , Vol+O2, 84901.00, 2.94, 0.00, 16.70
10:24:51.085 , Vol+O2, 84938.00, 2.98, 0.00, 16.70
10:24:51.090 , Vol+O2, 84975.00, 2.90, 0.00, 16.70
10:24:51.090 , Vol+O2, 85011.00, 2.94, 0.00, 16.70
10:24:51.093 , Vol+O2, 85048.00, 2.94, 0.00, 16.70
10:24:51.093 , Vol+O2, 85085.00, 2.98, 0.00, 16.70
10:24:51.095 , Vol+O2, 85121.00, 3.10, 0.00, 16.67
10:24:51.095 , Vol+O2, 85158.00, 3.19, 0.00, 16.67
10:24:51.099 , Vol+O2, 85195.00, 3.06, 0.00, 16.67
10:24:51.099 , Vol+O2, 85230.00, 2.98, 0.00, 16.67
10:24:51.103 , Vol+O2, 85267.00, 2.80, 0.00, 16.64
10:24:51.103 , Vol+O2, 85304.00, 2.55, 0.00, 16.64
10:24:51.109 , Vol+O2, 85340.00, 2.43, 0.00, 16.64
10:24:51.109 , Vol+O2, 85376.00, 2.86, 0.00, 16.64
10:24:51.111 , Vol+O2, 85413.00, 2.43, 0.00, 16.64
10:24:51.111 , Vol+O2, 85450.00, 2.26, 0.00, 16.64
10:24:51.114 , Vol+O2, 85486.00, 1.83, 0.00, 16.64
10:24:51.114 , Vol+O2, 85523.00, 1.78, 0.00, 16.64
10:24:51.116 , Vol+O2, 85560.00, 2.04, 0.00, 16.64
10:24:51.116 , Vol+O2, 85596.00, 2.00, 0.00, 16.64
10:24:51.120 , Vol+O2, 85633.00, 1.83, 0.00, 16.64
10:24:51.120 , Vol+O2, 85670.00, 1.92, 0.00, 16.64
10:24:51.120 , Vol+O2, 85706.00, 1.65, 0.00, 16.64
10:24:51.122 , Vol+O2, 85743.00, 1.41, 0.00, 16.61
10:24:51.125 , Vol+O2, 85780.00, 1.41, 0.00, 16.61
10:24:51.125 , Vol+O2, 85816.00, 1.19, 0.00, 16.61
10:24:51.151 , Vol+O2, 85853.00, 1.02, 0.00, 16.61
10:24:51.151 , Vol+O2, 85890.00, 0.55, 0.00, 16.58
10:24:51.153 , Vol+O2, 85927.00, 0.00, 0.00, 16.58
10:24:51.153 , Vol+O2, 85964.00, 0.00, 0.00, 16.58
10:24:51.156 , Vol+O2, 86000.00, 0.00, 0.43, 16.58
10:24:51.156 , Vol+O2, 86036.00, 0.00, 1.54, 16.58
10:24:51.156 , Vol+O2, 86073.00, 0.00, 2.24, 16.58
10:24:51.157 , Vol+O2, 86109.00, 0.00, 2.52, 16.58
10:24:51.159 , Vol+O2, 86145.00, 0.00, 2.56, 16.58
10:24:51.159 , Vol+O2, 86181.00, 0.00, 2.37, 16.55
10:24:51.160 , Vol+O2, 86218.00, 0.00, 2.56, 16.55
10:24:51.160 , Vol+O2, 86255.00, 0.00, 2.24, 16.55
10:24:51.188 , Vol+O2, 86291.00, 0.00, 2.33, 16.55
10:24:51.188 , Vol+O2, 86327.00, 0.00, 2.65, 16.55
10:24:51.191 , Vol+O2, 86364.00, 0.00, 2.61, 16.55
10:24:51.191 , Vol+O2, 86400.00, 0.00, 2.98, 16.55
10:24:51.193 , Vol+O2, 86436.00, 0.00, 2.24, 16.55
10:24:51.193 , Vol+O2, 86473.00, 0.00, 2.28, 16.61
10:24:51.194 , Vol+O2, 86510.00, 0.00, 2.20, 16.61
10:24:51.194 , Vol+O2, 86546.00, 0.00, 2.06, 16.61
10:24:51.194 , Vol+O2, 86583.00, 0.00, 2.28, 16.61
10:24:51.199 , Vol+O2, 86619.00, 0.00, 2.06, 16.61
10:24:51.199 , Vol+O2, 86655.00, 0.00, 1.91, 16.67
10:24:51.230 , Vol+O2, 86691.00, 0.00, 2.20, 16.67
10:24:51.230 , Vol+O2, 86728.00, 0.00, 1.87, 16.67
10:24:51.232 , Vol+O2, 86764.00, 0.00, 1.68, 16.67
10:24:51.232 , Vol+O2, 86800.00, 0.00, 1.64, 16.73
10:24:51.235 , Vol+O2, 86836.00, 0.00, 1.64, 16.73
10:24:51.235 , Vol+O2, 86873.00, 0.00, 1.73, 16.73
10:24:51.236 , Vol+O2, 86909.00, 0.00, 1.59, 16.73
10:24:51.236 , Vol+O2, 86945.00, 0.00, 1.45, 16.76
10:24:51.236 , Vol+O2, 86982.00, 0.00, 1.59, 16.76
10:24:51.239 , Vol+O2, 87019.00, 0.00, 1.35, 16.76
10:24:51.239 , Vol+O2, 87056.00, 0.00, 1.45, 16.76
10:24:51.241 , Vol+O2, 87093.00, 0.00, 1.26, 16.82
10:24:51.241 , Vol+O2, 87130.00, 0.00, 1.40, 16.82
10:24:51.269 , Vol+O2, 87167.00, 0.00, 1.31, 16.82
10:24:51.272 , Vol+O2, 87204.00, 0.00, 1.26, 16.82
10:24:51.272 , Vol+O2, 87240.00, 0.00, 1.17, 16.88
10:24:51.274 , Vol+O2, 87277.00, 0.00, 0.84, 16.88
10:24:56.307 , Vol+O2, 87315.00, 0.00, 0.89, 16.88
10:24:56.309 , Vol+O2, 87351.00, 0.00, 0.89, 16.88
10:24:56.309 , Vol+O2, 87387.00, 0.00, 1.22, 16.88
10:24:56.804 , Vol+O2, 87426.00, 0.00, 0.99, 16.88
10:24:56.804 , Vol+O2, 87464.00, 0.00, 1.03, 16.88
10:24:56.807 , Vol+O2, 87500.00, 0.00, 0.66, 16.88
10:24:56.807 , Vol+O2, 87537.00, 0.00, 0.43, 16.88
10:24:56.810 , Vol+O2, 87576.00, 0.00, 0.47, 16.91
10:24:56.810 , Vol+O2, 87615.00, 0.00, 0.38, 16.91
10:24:56.815 , Vol+O2, 87652.00, 0.00, 0.24, 16.91
10:24:56.815 , Vol+O2, 87692.00, 0.00, 0.43, 16.91
10:24:56.816 , Vol+O2, 87728.00, 0.00, 0.57, 16.91
10:24:56.818 , Vol+O2, 87764.00, 0.00, 0.33, 16.91
10:24:56.818 , Vol+O2, 87800.00, 0.00, 0.52, 16.91
10:24:56.819 , Vol+O2, 87836.00, 0.00, 0.57, 16.91
10:24:56.819 , Vol+O2, 87873.00, 0.00, 0.29, 16.88
10:24:56.845 , Vol+O2, 87910.00, 0.00, 0.38, 16.88
10:24:56.845 , Vol+O2, 87946.00, 0.00, 0.29, 16.88
10:24:56.846 , Vol+O2, 87983.00, 0.00, 0.20, 16.88
10:24:56.846 , Vol+O2, 88020.00, 0.00, 0.00, 16.88
10:24:56.848 , Vol+O2, 88056.00, 0.00, 0.00, 16.88
10:24:56.848 , Vol+O2, 88093.00, 0.00, 0.00, 16.88
10:24:56.850 , Vol+O2, 88130.00, 0.26, 0.00, 16.88
10:24:56.850 , Vol+O2, 88166.00, 0.22, 0.00, 16.88
10:24:56.851 , Vol+O2, 88203.00, 0.00, 0.00, 16.88
10:24:56.851 , Vol+O2, 88239.00, 0.00, 0.00, 16.88
10:24:56.853 , Vol+O2, 88275.00, 0.00, 0.00, 16.88
10:24:56.889 , Vol+O2, 88311.00, 0.00, 0.00, 16.82
10:24:56.889 , Vol+O2, 88348.00, 0.00, 0.00, 16.82
10:24:56.890 , Vol+O2, 88385.00, 0.00, 0.00, 16.82
10:24:56.890 , Vol+O2, 88421.00, 0.00, 0.00, 16.82
10:24:56.892 , Vol+O2, 88458.00, 0.00, 0.00, 16.82
10:24:56.892 , Vol+O2, 88495.00, 0.00, 0.00, 16.82
10:24:56.895 , Vol+O2, 88532.00, 0.00, 0.00, 16.82
10:24:56.895 , Vol+O2, 88570.00, 0.00, 0.00, 16.82
10:24:56.895 , Vol+O2, 88607.00, 0.00, 0.00, 16.82
10:24:56.897 , Vol+O2, 88644.00, 0.00, 0.00, 16.82
10:24:56.897 , Vol+O2, 88680.00, 0.00, 0.00, 16.82
10:24:56.900 , Vol+O2, 88716.00, 0.00, 0.00, 16.82
10:24:56.900 , Vol+O2, 88753.00, 0.00, 0.00, 16.82
10:24:56.901 , Vol+O2, 88790.00, 0.00, 0.00, 16.76
10:24:56.903 , Vol+O2, 88827.00, 0.00, 0.00, 16.76
10:24:56.903 , Vol+O2, 88864.00, 0.00, 0.00, 16.76
10:24:56.909 , Vol+O2, 88900.00, 0.00, 0.00, 16.76
10:24:56.909 , Vol+O2, 88936.00, 0.00, 0.00, 16.73
10:24:56.909 , Vol+O2, 88972.00, 0.00, 0.00, 16.73
10:24:56.911 , Vol+O2, 89009.00, 0.00, 0.00, 16.73
10:24:56.911 , Vol+O2, 89045.00, 0.00, 0.00, 16.73
10:24:56.915 , Vol+O2, 89082.00, 0.00, 0.00, 16.73
10:24:56.915 , Vol+O2, 89119.00, 0.00, 0.00, 16.73
10:24:56.967 , Vol+O2, 89155.00, 0.00, 0.00, 16.73
10:24:56.967 , Vol+O2, 89192.00, 0.00, 0.00, 16.73
10:24:56.970 , Vol+O2, 89229.00, 0.00, 0.00, 16.70
10:24:56.970 , Vol+O2, 89265.00, 0.00, 0.00, 16.70
10:24:56.971 , Vol+O2, 89302.00, 0.00, 0.00, 16.70
10:24:56.971 , Vol+O2, 89338.00, 0.00, 0.00, 16.70
10:24:56.974 , Vol+O2, 89375.00, 0.00, 0.00, 16.67
10:24:56.974 , Vol+O2, 89411.00, 0.00, 0.00, 16.67
10:24:56.975 , Vol+O2, 89447.00, 0.00, 0.00, 16.67
10:24:56.975 , Vol+O2, 89484.00, 0.00, 0.00, 16.67
10:24:56.977 , Vol+O2, 89520.00, 0.00, 0.00, 16.67
10:24:56.977 , Vol+O2, 89556.00, 0.00, 0.00, 16.67
10:24:56.980 , Vol+O2, 89593.00, 0.00, 0.00, 16.67
10:24:56.980 , Vol+O2, 89629.00, 0.00, 0.00, 16.67
10:24:56.986 , Vol+O2, 89665.00, 0.00, 0.00, 16.67
10:24:56.986 , Vol+O2, 89702.00, 0.00, 0.00, 16.64
10:24:56.988 , Vol+O2, 89738.00, 0.00, 0.00, 16.64
10:24:56.988 , Vol+O2, 89775.00, 0.00, 0.00, 16.64
10:24:56.991 , Vol+O2, 89812.00, 0.00, 0.00, 16.64
10:24:56.991 , Vol+O2, 89849.00, 0.00, 0.00, 16.61
10:24:56.994 , Vol+O2, 89885.00, 0.00, 0.00, 16.61
10:24:56.994 , Vol+O2, 89922.00, 0.00, 0.00, 16.61
10:24:57.000 , Vol+O2, 89959.00, 0.00, 0.00, 16.61
10:24:57.000 , Vol+O2, 89995.00, 0.00, 0.00, 16.58
10:24:57.000 , Vol+O2, 90032.00, 0.00, 0.00, 16.58
10:24:57.002 , Vol+O2, 90069.00, 0.00, 0.00, 16.58
10:24:57.002 , Vol+O2, 90105.00, 0.00, 0.00, 16.58
10:24:57.004 , Vol+O2, 90142.00, 0.00, 0.00, 16.58
10:24:57.004 , Vol+O2, 90179.00, 0.00, 0.00, 16.58
10:24:57.027 , Vol+O2, 90216.00, 0.00, 0.00, 16.58
10:24:57.027 , Vol+O2, 90253.00, 0.00, 0.00, 16.58
10:24:57.031 , Vol+O2, 90289.00, 0.00, 0.00, 16.58
10:24:57.031 , Vol+O2, 90326.00, 0.00, 0.00, 16.58
10:24:57.033 , Vol+O2, 90363.00, 0.00, 0.00, 16.58
10:24:57.033 , Vol+O2, 90400.00, 0.00, 0.00, 16.58
10:24:57.035 , Vol+O2, 90436.00, 0.00, 0.00, 16.55
10:24:57.035 , Vol+O2, 90473.00, 0.00, 0.00, 16.55
10:24:57.037 , Vol+O2, 90510.00, 0.00, 0.00, 16.55
10:24:57.037 , Vol+O2, 90548.00, 0.00, 0.00, 16.55
10:24:57.040 , Vol+O2, 90585.00, 0.00, 0.00, 16.55
10:24:57.040 , Vol+O2, 90621.00, 0.00, 0.00, 16.55
10:24:57.065 , Vol+O2, 90658.00, 0.00, 0.00, 16.55
10:24:57.065 , Vol+O2, 90694.00, 0.00, 0.00, 16.55
10:24:57.069 , Vol+O2, 90730.00, 0.00, 0.00, 16.55
10:24:57.069 , Vol+O2, 90766.00, 0.00, 0.00, 16.52
10:24:57.070 , Vol+O2, 90803.00, 0.00, 0.00, 16.52
10:24:57.070 , Vol+O2, 90840.00, 0.00, 0.00, 16.52
10:24:57.072 , Vol+O2, 90876.00, 0.00, 0.00, 16.52
10:24:57.072 , Vol+O2, 90913.00, 0.00, 0.00, 16.48
10:24:57.072 , Vol+O2, 90950.00, 0.00, 0.00, 16.48
10:24:57.078 , Vol+O2, 90987.00, 0.00, 0.00, 16.48
10:24:57.078 , Vol+O2, 91024.00, 0.00, 0.00, 16.48
10:24:57.081 , Vol+O2, 91061.00, 0.00, 0.00, 16.49
10:24:57.081 , Vol+O2, 91097.00, 0.00, 0.00, 16.49
10:24:57.083 , Vol+O2, 91134.00, 0.00, 0.00, 16.49
10:24:57.083 , Vol+O2, 91170.00, 0.00, 0.00, 16.49
10:24:57.088 , Vol+O2, 91207.00, 0.00, 0.00, 16.46
10:24:57.088 , Vol+O2, 91244.00, 0.00, 0.00, 16.46
10:24:57.093 , Vol+O2, 91281.00, 0.00, 0.00, 16.46
10:24:57.093 , Vol+O2, 91318.00, 0.00, 0.00, 16.46
10:24:57.095 , Vol+O2, 91354.00, 0.00, 0.00, 16.46
10:24:57.095 , Vol+O2, 91390.00, 0.00, 0.00, 16.46
10:24:57.095 , Vol+O2, 91426.00, 0.00, 0.00, 16.46
10:24:57.097 , Vol+O2, 91462.00, 0.00, 0.00, 16.46
10:24:57.097 , Vol+O2, 91498.00, 0.00, 0.00, 16.46
10:24:57.100 , Vol+O2, 91535.00, 0.00, 0.00, 16.46
10:24:57.104 , Vol+O2, 91571.00, 0.00, 0.00, 16.46
10:24:57.104 , Vol+O2, 91607.00, 0.00, 0.00, 16.46
10:24:57.110 , Vol+O2, 91644.00, 0.00, 0.00, 16.46
10:24:57.110 , Vol+O2, 91680.00, 0.00, 0.00, 16.43
10:24:57.110 , Vol+O2, 91716.00, 0.00, 0.00, 16.43
10:24:57.110 , Vol+O2, 91753.00, 0.00, 0.00, 16.43
10:24:57.112 , Vol+O2, 91790.00, 0.00, 0.00, 16.43
10:24:57.112 , Vol+O2, 91826.00, 0.00, 0.00, 16.43
10:24:57.115 , Vol+O2, 91862.00, 0.00, 0.00, 16.43
10:24:57.139 , Vol+O2, 91898.00, 0.00, 0.00, 16.43
10:24:57.139 , Vol+O2, 91935.00, 0.00, 0.00, 16.43
10:24:57.152 , Vol+O2, 91971.00, 0.00, 0.00, 16.40
10:24:57.152 , Vol+O2, 92008.00, 0.00, 0.00, 16.40
10:24:57.153 , Vol+O2, 92045.00, 0.00, 0.00, 16.40
10:24:57.153 , Vol+O2, 92081.00, 0.00, 0.00, 16.40
10:24:57.154 , Vol+O2, 92117.00, 0.00, 0.00, 16.40
10:24:57.154 , Vol+O2, 92153.00, 0.00, 0.00, 16.40
10:24:57.156 , Vol+O2, 92190.00, 0.00, 0.00, 16.40
10:24:57.156 , Vol+O2, 92226.00, 0.00, 0.00, 16.40
10:24:57.157 , Vol+O2, 92263.00, 0.00, 0.00, 16.43
10:24:57.187 , Vol+O2, 92300.00, 0.00, 0.00, 16.43
10:24:57.187 , Vol+O2, 92336.00, 0.00, 0.00, 16.43
10:24:57.190 , Vol+O2, 92373.00, 0.00, 0.00, 16.43
10:24:57.190 , Vol+O2, 92410.00, 0.00, 0.00, 16.43
10:24:57.192 , Vol+O2, 92446.00, 0.00, 0.00, 16.40
10:24:57.192 , Vol+O2, 92483.00, 0.00, 0.00, 16.40
10:24:57.195 , Vol+O2, 92520.00, 0.00, 0.00, 16.40
10:24:57.195 , Vol+O2, 92556.00, 0.00, 0.00, 16.40
10:24:57.198 , Vol+O2, 92593.00, 0.00, 0.00, 16.40
10:24:57.198 , Vol+O2, 92630.00, 0.00, 0.00, 16.40
10:24:57.200 , Vol+O2, 92666.00, 0.00, 0.00, 16.40
10:24:57.200 , Vol+O2, 92703.00, 0.00, 0.00, 16.40
10:25:02.199 , Vol+O2, 92743.00, 0.00, 0.00, 16.37
10:25:02.227 , Vol+O2, 92779.00, 0.00, 0.00, 16.37
10:25:02.227 , Vol+O2, 92815.00, 0.00, 0.00, 16.37
10:25:02.229 , Vol+O2, 92852.00, 0.00, 0.00, 16.37
10:25:02.229 , Vol+O2, 92889.00, 0.00, 0.00, 16.37
10:25:02.232 , Vol+O2, 92926.00, 0.00, 0.00, 16.37
10:25:02.232 , Vol+O2, 92963.00, 0.00, 0.00, 16.37
10:25:02.233 , Vol+O2, 93000.00, 0.00, 0.00, 16.37
10:25:02.233 , Vol+O2, 93037.00, 0.00, 0.00, 16.37
10:25:02.235 , Vol+O2, 93074.00, 0.00, 0.00, 16.37
10:25:02.235 , Vol+O2, 93111.00, 0.00, 0.00, 16.37
10:25:02.237 , Vol+O2, 93148.00, 0.00, 0.00, 16.37
10:25:02.237 , Vol+O2, 93184.00, 0.00, 0.00, 16.34
10:25:02.243 , Vol+O2, 93221.00, 0.00, 0.00, 16.34
10:25:02.267 , Vol+O2, 93258.00, 0.00, 0.00, 16.34
10:25:02.267 , Vol+O2, 93295.00, 0.00, 0.00, 16.34
10:25:02.270 , Vol+O2, 93331.00, 0.00, 0.00, 16.37
10:25:02.270 , Vol+O2, 93367.00, 0.00, 0.00, 16.37
10:25:02.271 , Vol+O2, 93406.00, 0.00, 0.00, 16.37
10:25:02.271 , Vol+O2, 93445.00, 0.00, 0.00, 16.37
10:25:02.272 , Vol+O2, 93482.00, 0.00, 0.00, 16.37
10:25:02.272 , Vol+O2, 93521.00, 0.00, 0.00, 16.37
10:25:02.309 , Vol+O2, 93558.00, 0.00, 0.00, 16.37
10:25:02.309 , Vol+O2, 93598.00, 0.00, 0.00, 16.37
10:25:02.312 , Vol+O2, 93634.00, 0.00, 0.00, 16.37
10:25:02.312 , Vol+O2, 93670.00, 0.00, 0.00, 16.40
10:25:02.316 , Vol+O2, 93706.00, 0.00, 0.00, 16.40
10:25:02.316 , Vol+O2, 93743.00, 0.00, 0.00, 16.40
10:25:02.316 , Vol+O2, 93780.00, 0.00, 0.00, 16.40
10:25:02.316 , Vol+O2, 93816.00, 0.00, 0.00, 16.40
10:25:02.318 , Vol+O2, 93853.00, 0.00, 0.00, 16.40
10:25:02.318 , Vol+O2, 93890.00, 0.00, 0.00, 16.40
10:25:02.320 , Vol+O2, 93927.00, 0.00, 0.00, 16.40
10:25:02.320 , Vol+O2, 93963.00, 0.00, 0.00, 16.40
10:25:02.321 , Vol+O2, 94000.00, 0.00, 0.00, 16.40
10:25:02.321 , Vol+O2, 94036.00, 0.00, 0.00, 16.40
10:25:02.328 , Vol+O2, 94073.00, 0.00, 0.00, 16.40
10:25:02.328 , Vol+O2, 94110.00, 0.00, 0.00, 16.40
10:25:02.330 , Vol+O2, 94146.00, 0.00, 0.00, 16.40
10:25:02.330 , Vol+O2, 94183.00, 0.00, 0.00, 16.40
10:25:02.335 , Vol+O2, 94220.00, 0.00, 0.00, 16.40
10:25:02.335 , Vol+O2, 94256.00, 0.00, 0.00, 16.40
10:25:02.338 , Vol+O2, 94293.00, 0.00, 0.00, 16.40
10:25:02.338 , Vol+O2, 94330.00, 0.00, 0.00, 16.40
10:25:02.340 , Vol+O2, 94366.00, 0.00, 0.00, 16.40
10:25:02.340 , Vol+O2, 94403.00, 0.00, 0.00, 16.43
10:25:02.344 , Vol+O2, 94440.00, 0.00, 0.00, 16.43
10:25:02.344 , Vol+O2, 94476.00, 0.00, 0.00, 16.43
10:25:02.348 , Vol+O2, 94514.00, 0.00, 0.00, 16.43
10:25:02.348 , Vol+O2, 94550.00, 0.00, 0.00, 16.43
10:25:02.365 , Vol+O2, 94586.00, 0.00, 0.00, 16.43
10:25:02.365 , Vol+O2, 94623.00, 0.00, 0.00, 16.43
10:25:02.368 , Vol+O2, 94659.00, 0.00, 0.00, 16.43
10:25:02.368 , Vol+O2, 94695.00, 0.00, 0.00, 16.43
10:25:02.369 , Vol+O2, 94731.00, 0.00, 0.00, 16.43
10:25:02.369 , Vol+O2, 94768.00, 0.00, 0.00, 16.43
10:25:02.370 , Vol+O2, 94805.00, 0.00, 0.00, 16.43
10:25:02.370 , Vol+O2, 94841.00, 0.00, 0.00, 16.43
10:25:02.371 , Vol+O2, 94878.00, 0.00, 0.00, 16.46
10:25:02.371 , Vol+O2, 94915.00, 0.00, 0.00, 16.46
10:25:02.377 , Vol+O2, 94951.00, 0.00, 0.00, 16.46
10:25:02.402 , Vol+O2, 94988.00, 0.00, 0.00, 16.46
10:25:02.402 , Vol+O2, 95025.00, 0.00, 0.00, 16.46
10:25:02.404 , Vol+O2, 95061.00, 0.00, 0.00, 16.46
10:25:02.404 , Vol+O2, 95098.00, 0.00, 0.00, 16.46
10:25:02.405 , Vol+O2, 95135.00, 0.00, 0.00, 16.46
10:25:02.405 , Vol+O2, 95172.00, 0.00, 0.00, 16.46
10:25:02.408 , Vol+O2, 95209.00, 0.00, 0.00, 16.46
10:25:02.408 , Vol+O2, 95245.00, 0.00, 0.00, 16.46
10:25:02.408 , Vol+O2, 95281.00, 0.00, 0.00, 16.46
10:25:02.410 , Vol+O2, 95318.00, 0.00, 0.00, 16.49
10:25:02.410 , Vol+O2, 95355.00, 0.00, 0.00, 16.49
10:25:02.416 , Vol+O2, 95391.00, 0.00, 0.00, 16.49
10:25:02.417 , Vol+O2, 95428.00, 0.00, 0.00, 16.49
10:25:02.417 , Vol+O2, 95465.00, 0.00, 0.00, 16.52
10:25:02.425 , Vol+O2, 95501.00, 0.00, 0.00, 16.52
10:25:02.425 , Vol+O2, 95538.00, 0.00, 0.00, 16.52
10:25:02.425 , Vol+O2, 95575.00, 0.00, 0.00, 16.52
10:25:02.428 , Vol+O2, 95611.00, 0.00, 0.00, 16.52
10:25:02.428 , Vol+O2, 95648.00, 0.00, 0.00, 16.53
10:25:02.430 , Vol+O2, 95685.00, 0.00, 0.00, 16.53
10:25:02.430 , Vol+O2, 95721.00, 0.00, 0.00, 16.53
10:25:02.432 , Vol+O2, 95758.00, 0.00, 0.00, 16.53
10:25:02.432 , Vol+O2, 95795.00, 0.00, 0.00, 16.52
10:25:02.435 , Vol+O2, 95831.00, 0.00, 0.00, 16.52
10:25:02.461 , Vol+O2, 95868.00, 0.00, 0.00, 16.52
10:25:02.461 , Vol+O2, 95905.00, 0.00, 0.00, 16.52
10:25:02.463 , Vol+O2, 95941.00, 0.00, 0.00, 16.52
10:25:02.463 , Vol+O2, 95978.00, 0.00, 0.00, 16.52
10:25:02.464 , Vol+O2, 96015.00, 0.00, 0.00, 16.52
10:25:02.464 , Vol+O2, 96051.00, 0.00, 0.00, 16.52
10:25:02.507 , Vol+O2, 96088.00, 0.00, 0.00, 16.55
10:25:02.507 , Vol+O2, 96125.00, 0.00, 0.00, 16.55
10:25:02.582 , Vol+O2, 96161.00, 0.00, 0.00, 16.55
10:25:02.582 , Vol+O2, 96198.00, 0.00, 0.00, 16.55
10:25:02.584 , Vol+O2, 96234.00, 0.00, 0.00, 16.58
10:25:02.584 , Vol+O2, 96270.00, 0.00, 0.00, 16.58
10:25:02.587 , Vol+O2, 96306.00, 0.00, 0.00, 16.58
10:25:02.587 , Vol+O2, 96343.00, 0.00, 0.00, 16.58
10:25:02.603 , Vol+O2, 96380.00, 0.00, 0.00, 16.61
10:25:02.603 , Vol+O2, 96417.00, 0.00, 0.00, 16.61
10:25:02.603 , Vol+O2, 96453.00, 0.00, 0.00, 16.61
10:25:02.720 , Vol+O2, 96490.00, 0.00, 0.00, 16.61
10:25:02.720 , Vol+O2, 96526.00, 0.00, 0.00, 16.61
10:25:02.720 , Vol+O2, 96563.00, 0.00, 0.00, 16.61
10:25:02.720 , Vol+O2, 96600.00, 0.00, 0.00, 16.61
10:25:02.722 , Vol+O2, 96636.00, 0.00, 0.00, 16.61
10:25:02.722 , Vol+O2, 96673.00, 0.00, 0.00, 16.61
10:25:02.722 , Vol+O2, 96710.00, 0.00, 0.00, 16.61
10:25:02.741 , Vol+O2, 96746.00, 0.00, 0.00, 16.61
10:25:02.741 , Vol+O2, 96783.00, 0.00, 0.00, 16.61
10:25:02.755 , Vol+O2, 96820.00, 0.00, 0.00, 16.61
10:25:02.755 , Vol+O2, 96856.00, 0.00, 0.00, 16.61
10:25:02.759 , Vol+O2, 96892.00, 0.00, 0.00, 16.61
10:25:02.759 , Vol+O2, 96928.00, 0.00, 0.00, 16.61
10:25:02.759 , Vol+O2, 96963.00, 0.00, 0.00, 16.61
10:25:02.759 , Vol+O2, 97000.00, 0.00, 0.00, 16.64
10:25:02.759 , Vol+O2, 97036.00, 0.00, 0.00, 16.64
10:25:02.759 , Vol+O2, 97073.00, 0.00, 0.00, 16.64
10:25:02.759 , Vol+O2, 97110.00, 0.00, 0.00, 16.64
10:25:02.788 , Vol+O2, 97146.00, 0.00, 0.00, 16.67
10:25:02.788 , Vol+O2, 97183.00, 0.00, 0.00, 16.67
10:25:02.790 , Vol+O2, 97220.00, 0.00, 0.00, 16.67
10:25:02.790 , Vol+O2, 97256.00, 0.00, 0.00, 16.67
10:25:02.790 , Vol+O2, 97293.00, 0.00, 0.00, 16.67
10:25:02.790 , Vol+O2, 97330.00, 0.00, 0.00, 16.67
10:25:02.790 , Vol+O2, 97366.00, 0.00, 0.00, 16.67
10:25:02.790 , Vol+O2, 97403.00, 0.00, 0.00, 16.67
10:25:02.794 , Vol+O2, 97440.00, 0.00, 0.00, 16.67
10:25:02.802 , Vol+O2, 97476.00, 0.00, 0.00, 16.71
10:25:02.802 , Vol+O2, 97513.00, 0.00, 0.00, 16.71
10:25:02.804 , Vol+O2, 97550.00, 0.00, 0.00, 16.71
10:25:02.804 , Vol+O2, 97586.00, 0.00, 0.00, 16.71
10:25:02.808 , Vol+O2, 97623.00, 0.00, 0.00, 16.70
10:25:02.808 , Vol+O2, 97660.00, 0.00, 0.00, 16.70
10:25:02.811 , Vol+O2, 97697.00, 0.00, 0.00, 16.70
10:25:02.811 , Vol+O2, 97733.00, 0.00, 0.00, 16.70
10:25:02.815 , Vol+O2, 97770.00, 0.00, 0.00, 16.70
10:25:02.815 , Vol+O2, 97806.00, 0.00, 0.00, 16.70
10:25:02.818 , Vol+O2, 97843.00, 0.00, 0.00, 16.70
10:25:02.818 , Vol+O2, 97880.00, 0.00, 0.00, 16.70
10:25:02.847 , Vol+O2, 97916.00, 0.00, 0.00, 16.70
10:25:02.847 , Vol+O2, 97953.00, 0.00, 0.00, 16.70
10:25:02.849 , Vol+O2, 97990.00, 0.00, 0.00, 16.70
10:25:02.849 , Vol+O2, 98026.00, 0.00, 0.00, 16.70
10:25:02.854 , Vol+O2, 98062.00, 0.00, 0.00, 16.73
10:25:02.854 , Vol+O2, 98098.00, 0.00, 0.00, 16.73
10:25:02.854 , Vol+O2, 98135.00, 0.00, 0.00, 16.73
10:25:02.854 , Vol+O2, 98171.00, 0.00, 0.00, 16.73
10:25:02.854 , Vol+O2, 98208.00, 0.00, 0.00, 16.77
10:25:02.871 , Vol+O2, 98245.00, 0.00, 0.00, 16.77
10:25:02.871 , Vol+O2, 98281.00, 0.00, 0.00, 16.77
10:25:02.889 , Vol+O2, 98318.00, 0.00, 0.00, 16.77
10:25:02.889 , Vol+O2, 98355.00, 0.00, 0.00, 16.77
10:25:02.889 , Vol+O2, 98391.00, 0.00, 0.00, 16.77
10:25:02.893 , Vol+O2, 98428.00, 0.00, 0.00, 16.77
10:25:02.895 , Vol+O2, 98465.00, 0.00, 0.00, 16.77
10:25:02.895 , Vol+O2, 98501.00, 0.00, 0.00, 16.77
10:25:02.895 , Vol+O2, 98538.00, 0.00, 0.00, 16.76
10:25:02.895 , Vol+O2, 98575.00, 0.00, 0.00, 16.76
10:25:02.897 , Vol+O2, 98611.00, 0.00, 0.00, 16.76
