18:15:06.248 , Vol+O2, 17531.00, 0.00, 0.00, 20.87
18:15:06.253 , Vol+O2, 17566.00, 0.00, 0.65, 20.87
18:15:06.253 , Vol+O2, 17601.00, 0.00, 0.00, 20.87
18:15:06.253 , Vol+O2, 17636.00, 0.00, 0.00, 20.87
18:15:06.257 , Vol+O2, 17671.00, 0.00, 0.00, 20.87
18:15:06.257 , Vol+O2, 17706.00, 0.00, 0.00, 20.87
18:15:06.257 , Vol+O2, 17741.00, 0.00, 0.00, 20.87
18:15:06.257 , Vol+O2, 17776.00, 0.00, 0.00, 20.87
18:15:06.287 , Vol+O2, 17811.00, 0.00, 0.00, 20.87
18:15:06.287 , Vol+O2, 17846.00, 0.00, 0.00, 20.87
18:15:06.289 , Vol+O2, 17881.00, 0.00, 0.00, 20.87
18:15:06.289 , Vol+O2, 17917.00, 0.00, 0.00, 20.90
18:15:06.292 , Vol+O2, 17952.00, 0.00, 0.00, 20.90
18:15:06.292 , Vol+O2, 17987.00, 0.00, 0.00, 20.90
18:15:06.293 , Vol+O2, 18022.00, 0.00, 0.00, 20.90
18:15:06.293 , Vol+O2, 18057.00, 0.00, 0.00, 20.90
18:15:06.294 , Vol+O2, 18092.00, 0.00, 0.00, 20.93
18:15:06.297 , Vol+O2, 18127.00, 0.00, 0.00, 20.93
18:15:06.297 , Vol+O2, 18162.00, 0.00, 0.00, 20.93
18:15:06.325 , Vol+O2, 18197.00, 0.00, 0.00, 20.93
18:15:06.325 , Vol+O2, 18232.00, 0.00, 0.00, 20.90
18:15:06.338 , Vol+O2, 18267.00, 0.00, 0.00, 20.90
18:15:06.338 , Vol+O2, 18302.00, 0.00, 0.00, 20.90
18:15:06.338 , Vol+O2, 18337.00, 0.00, 0.00, 20.90
18:15:06.338 , Vol+O2, 18372.00, 0.00, 0.00, 20.90
18:15:06.342 , Vol+O2, 18407.00, 0.00, 0.00, 20.90
18:15:06.342 , Vol+O2, 18442.00, 0.00, 0.00, 20.90
18:15:06.342 , Vol+O2, 18477.00, 0.00, 0.00, 20.90
18:15:06.342 , Vol+O2, 18512.00, 0.00, 0.00, 20.90
18:15:06.342 , Vol+O2, 18547.00, 0.00, 0.00, 20.90
18:15:06.349 , Vol+O2, 18582.00, 0.00, 0.00, 20.90
18:15:06.349 , Vol+O2, 18617.00, 0.00, 0.00, 20.90
18:15:06.374 , Vol+O2, 18652.00, 0.00, 0.00, 20.90
18:15:06.374 , Vol+O2, 18687.00, 0.00, 0.00, 20.87
18:15:06.377 , Vol+O2, 18722.00, 0.00, 0.00, 20.87
18:15:06.377 , Vol+O2, 18757.00, 0.00, 0.00, 20.87
18:15:06.378 , Vol+O2, 18792.00, 0.00, 0.00, 20.87
18:15:06.378 , Vol+O2, 18827.00, 0.00, 0.00, 20.87
18:15:06.381 , Vol+O2, 18862.00, 0.00, 0.00, 20.87
18:15:06.381 , Vol+O2, 18897.00, 0.00, 0.00, 20.87
18:15:06.383 , Vol+O2, 18932.00, 0.00, 0.00, 20.87
18:15:06.383 , Vol+O2, 18967.00, 0.00, 0.00, 20.87
18:15:06.418 , Vol+O2, 19002.00, 0.00, 0.00, 20.87
18:15:06.418 , Vol+O2, 19037.00, 0.00, 0.00, 20.87
18:15:06.418 , Vol+O2, 19072.00, 0.00, 0.00, 20.87
18:15:06.419 , Vol+O2, 19107.00, 0.00, 0.00, 20.87
18:15:06.423 , Vol+O2, 19142.00, 0.00, 0.00, 20.87
18:15:06.423 , Vol+O2, 19177.00, 0.00, 0.00, 20.87
18:15:06.424 , Vol+O2, 19212.00, 0.00, 0.00, 20.87
18:15:06.424 , Vol+O2, 19247.00, 0.00, 0.00, 20.87
18:15:06.427 , Vol+O2, 19282.00, 0.00, 0.00, 20.87
18:15:06.427 , Vol+O2, 19317.00, 0.00, 0.00, 20.87
18:15:06.429 , Vol+O2, 19352.00, 0.00, 0.00, 20.87
18:15:06.429 , Vol+O2, 19387.00, 0.00, 0.00, 20.87
18:15:06.429 , Vol+O2, 19422.00, 0.00, 0.00, 20.90
18:15:06.435 , Vol+O2, 19457.00, 0.00, 0.00, 20.90
18:15:06.435 , Vol+O2, 19492.00, 0.00, 0.00, 20.90
18:15:06.438 , Vol+O2, 19527.00, 0.00, 0.00, 20.90
18:15:06.435 , Vol+O2, 19562.00, 0.00, 0.00, 20.90
18:15:06.440 , Vol+O2, 19597.00, 0.00, 0.00, 20.90
18:15:06.440 , Vol+O2, 19632.00, 0.00, 0.00, 20.90
18:15:06.445 , Vol+O2, 19667.00, 0.00, 0.00, 20.90
18:15:06.445 , Vol+O2, 19702.00, 0.00, 0.00, 20.90
18:15:06.447 , Vol+O2, 19737.00, 0.00, 0.00, 20.87
18:15:06.447 , Vol+O2, 19772.00, 0.00, 0.00, 20.87
18:15:06.454 , Vol+O2, 19807.00, 0.00, 0.00, 20.87
18:15:06.454 , Vol+O2, 19842.00, 0.00, 0.00, 20.87
18:15:06.454 , Vol+O2, 19877.00, 0.00, 0.00, 20.87
18:15:06.454 , Vol+O2, 19912.00, 0.00, 0.00, 20.87
18:15:06.459 , Vol+O2, 19947.00, 0.00, 0.00, 20.87
18:15:06.459 , Vol+O2, 19982.00, 0.00, 0.00, 20.87
18:15:06.459 , Vol+O2, 20017.00, 0.00, 0.00, 20.87
18:15:06.461 , Vol+O2, 20052.00, 0.00, 0.00, 20.87
18:15:06.461 , Vol+O2, 20087.00, 0.00, 0.00, 20.87
18:15:06.465 , Vol+O2, 20122.00, 0.00, 0.00, 20.87
18:15:06.465 , Vol+O2, 20157.00, 0.00, 0.00, 20.87
18:15:06.469 , Vol+O2, 20192.00, 0.00, 0.00, 20.90
18:15:06.469 , Vol+O2, 20227.00, 0.00, 0.00, 20.90
18:15:06.473 , Vol+O2, 20262.00, 0.00, 0.00, 20.90
18:15:06.473 , Vol+O2, 20297.00, 0.00, 0.00, 20.90
18:15:06.475 , Vol+O2, 20332.00, 0.00, 0.00, 20.87
18:15:06.475 , Vol+O2, 20367.00, 0.00, 0.00, 20.87
18:15:06.481 , Vol+O2, 20402.00, 0.00, 0.00, 20.87
18:15:06.481 , Vol+O2, 20437.00, 0.00, 0.00, 20.87
18:15:06.483 , Vol+O2, 20472.00, 0.00, 0.00, 20.87
18:15:06.483 , Vol+O2, 20507.00, 0.00, 0.00, 20.87
18:15:06.487 , Vol+O2, 20542.00, 0.00, 0.00, 20.87
18:15:06.487 , Vol+O2, 20577.00, 0.00, 0.00, 20.87
18:15:06.491 , Vol+O2, 20612.00, 0.00, 0.00, 20.90
18:15:06.491 , Vol+O2, 20647.00, 0.00, 0.00, 20.90
18:15:06.494 , Vol+O2, 20682.00, 0.00, 0.00, 20.90
18:15:06.494 , Vol+O2, 20717.00, 0.00, 0.00, 20.90
18:15:06.498 , Vol+O2, 20752.00, 0.00, 0.00, 20.90
18:15:06.498 , Vol+O2, 20787.00, 0.00, 0.00, 20.87
18:15:06.523 , Vol+O2, 20822.00, 0.00, 0.00, 20.87
18:15:06.523 , Vol+O2, 20857.00, 0.00, 0.00, 20.87
18:15:06.536 , Vol+O2, 20892.00, 0.00, 0.00, 20.87
18:15:06.536 , Vol+O2, 20927.00, 0.00, 0.00, 20.87
18:15:06.538 , Vol+O2, 20962.00, 0.00, 0.00, 20.87
18:15:06.538 , Vol+O2, 20997.00, 0.00, 0.00, 20.87
18:15:06.540 , Vol+O2, 21032.00, 0.00, 0.00, 20.87
18:15:06.540 , Vol+O2, 21067.00, 0.00, 0.00, 20.87
18:15:06.542 , Vol+O2, 21102.00, 0.00, 0.00, 20.87
18:15:06.542 , Vol+O2, 21137.00, 0.00, 0.00, 20.87
18:15:06.545 , Vol+O2, 21172.00, 0.00, 0.00, 20.87
18:15:06.545 , Vol+O2, 21207.00, 0.00, 2.05, 20.87
18:15:06.548 , Vol+O2, 21242.00, 0.00, 0.37, 20.87
18:15:06.548 , Vol+O2, 21277.00, 0.00, 0.24, 20.87
18:15:06.548 , Vol+O2, 21312.00, 0.00, 0.42, 20.87
18:15:06.551 , Vol+O2, 21347.00, 0.00, 0.42, 20.87
18:15:06.551 , Vol+O2, 21382.00, 0.00, 1.06, 20.87
18:15:06.551 , Vol+O2, 21417.00, 0.00, 0.65, 20.87
18:15:06.552 , Vol+O2, 21452.00, 0.00, 0.74, 20.87
18:15:06.556 , Vol+O2, 21487.00, 0.00, 0.56, 20.87
18:15:06.556 , Vol+O2, 21522.00, 0.00, 0.37, 20.87
18:15:06.556 , Vol+O2, 21557.00, 0.00, 0.82, 20.87
18:15:06.558 , Vol+O2, 21592.00, 0.00, 0.78, 20.87
18:15:06.558 , Vol+O2, 21627.00, 0.00, 0.37, 20.87
18:15:06.564 , Vol+O2, 21662.00, 0.00, 0.51, 20.87
18:15:06.564 , Vol+O2, 21697.00, 0.00, 0.70, 20.87
18:15:06.564 , Vol+O2, 21732.00, 0.00, 0.47, 20.87
18:15:06.566 , Vol+O2, 21767.00, 0.00, 0.60, 20.87
18:15:06.566 , Vol+O2, 21802.00, 0.00, 0.42, 20.87
18:15:06.569 , Vol+O2, 21837.00, 0.00, 1.10, 20.78
18:15:06.569 , Vol+O2, 21872.00, 0.00, 0.00, 20.78
18:15:06.597 , Vol+O2, 21907.00, 0.00, 0.00, 20.78
18:15:06.597 , Vol+O2, 21942.00, 0.00, 0.24, 20.78
18:15:06.637 , Vol+O2, 21977.00, 0.00, 0.00, 20.66
18:15:06.637 , Vol+O2, 22012.00, 0.00, 0.32, 20.66
18:15:06.639 , Vol+O2, 22047.00, 0.00, 0.00, 20.66
18:15:06.639 , Vol+O2, 22082.00, 0.00, 0.00, 20.66
18:15:06.641 , Vol+O2, 22117.00, 0.00, 0.00, 20.54
18:15:06.641 , Vol+O2, 22152.00, 0.00, 0.00, 20.54
18:15:06.645 , Vol+O2, 22187.00, 0.00, 0.00, 20.54
18:15:06.645 , Vol+O2, 22222.00, 0.00, 0.00, 20.54
18:15:06.647 , Vol+O2, 22257.00, 0.00, 0.00, 20.54
18:15:06.647 , Vol+O2, 22292.00, 0.00, 0.00, 20.41
18:15:06.649 , Vol+O2, 22327.00, 0.00, 0.00, 20.41
18:15:06.649 , Vol+O2, 22362.00, 0.00, 0.00, 20.41
18:15:06.651 , Vol+O2, 22397.00, 0.00, 0.00, 20.41
18:15:06.651 , Vol+O2, 22432.00, 0.00, 0.00, 20.24
18:15:11.690 , Vol+O2, 22467.00, 0.00, 0.00, 20.24
18:15:11.694 , Vol+O2, 22502.00, 0.00, 0.00, 20.24
18:15:11.695 , Vol+O2, 22537.00, 0.00, 0.00, 20.24
18:15:11.695 , Vol+O2, 22572.00, 0.00, 0.00, 20.06
18:15:11.698 , Vol+O2, 22607.00, 0.00, 0.00, 20.06
18:15:11.698 , Vol+O2, 22642.00, 0.00, 0.00, 20.06
18:15:11.698 , Vol+O2, 22677.00, 0.00, 0.00, 20.06
18:15:11.698 , Vol+O2, 22712.00, 0.00, 0.00, 19.91
18:15:11.699 , Vol+O2, 22747.00, 0.00, 0.00, 19.91
18:15:11.699 , Vol+O2, 22782.00, 0.00, 0.00, 19.91
18:15:11.702 , Vol+O2, 22818.00, 0.00, 0.00, 19.91
18:15:11.731 , Vol+O2, 22854.00, 0.00, 0.00, 19.91
18:15:11.731 , Vol+O2, 22889.00, 0.00, 0.00, 19.67
18:15:11.731 , Vol+O2, 22924.00, 0.00, 0.00, 19.67
18:15:11.731 , Vol+O2, 22960.00, 0.00, 0.00, 19.67
18:15:11.735 , Vol+O2, 22994.00, 0.00, 0.00, 19.67
18:15:11.735 , Vol+O2, 23030.00, 0.00, 0.00, 19.67
18:15:11.736 , Vol+O2, 23066.00, 0.00, 0.00, 19.52
18:15:11.736 , Vol+O2, 23100.00, 0.00, 0.00, 19.52
18:15:11.737 , Vol+O2, 23135.00, 0.00, 0.00, 19.52
18:15:11.736 , Vol+O2, 23170.00, 0.00, 0.00, 19.52
18:15:11.740 , Vol+O2, 23205.00, 0.00, 0.00, 19.52
18:15:11.740 , Vol+O2, 23240.00, 0.00, 0.00, 19.36
18:15:11.764 , Vol+O2, 23275.00, 0.00, 0.00, 19.36
18:15:11.764 , Vol+O2, 23310.00, 0.00, 0.00, 19.36
18:15:11.777 , Vol+O2, 23345.00, 0.00, 0.00, 19.36
18:15:11.777 , Vol+O2, 23380.00, 0.00, 0.00, 19.19
18:15:11.779 , Vol+O2, 23415.00, 0.00, 0.00, 19.19
18:15:11.779 , Vol+O2, 23450.00, 0.00, 0.00, 19.19
18:15:11.781 , Vol+O2, 23485.00, 0.00, 0.00, 19.19
18:15:11.781 , Vol+O2, 23520.00, 0.00, 0.00, 19.07
18:15:11.781 , Vol+O2, 23555.00, 0.00, 0.00, 19.07
18:15:11.781 , Vol+O2, 23590.00, 0.00, 0.00, 19.07
18:15:11.782 , Vol+O2, 23625.00, 0.00, 0.00, 19.07
18:15:11.784 , Vol+O2, 23660.00, 0.00, 0.00, 19.07
18:15:11.784 , Vol+O2, 23695.00, 0.00, 0.00, 18.92
18:15:11.790 , Vol+O2, 23730.00, 0.00, 0.00, 18.92
18:15:11.790 , Vol+O2, 23765.00, 0.00, 0.00, 18.92
18:15:11.813 , Vol+O2, 23800.00, 0.00, 0.00, 18.92
18:15:11.814 , Vol+O2, 23835.00, 0.00, 0.00, 18.77
18:15:11.814 , Vol+O2, 23870.00, 0.00, 0.00, 18.77
18:15:11.814 , Vol+O2, 23905.00, 0.00, 0.00, 18.77
18:15:11.816 , Vol+O2, 23940.00, 0.00, 0.00, 18.77
18:15:11.817 , Vol+O2, 23975.00, 0.00, 0.00, 18.67
18:15:11.817 , Vol+O2, 24010.00, 0.00, 0.00, 18.67
18:15:11.819 , Vol+O2, 24045.00, 0.00, 0.00, 18.67
18:15:11.819 , Vol+O2, 24080.00, 0.00, 0.00, 18.67
18:15:11.824 , Vol+O2, 24115.00, 0.00, 0.00, 18.67
18:15:11.824 , Vol+O2, 24150.00, 0.00, 0.00, 18.53
18:15:11.848 , Vol+O2, 24185.00, 0.00, 0.00, 18.53
18:15:11.861 , Vol+O2, 24220.00, 0.00, 0.00, 18.53
18:15:11.861 , Vol+O2, 24255.00, 0.00, 0.00, 18.53
18:15:11.863 , Vol+O2, 24290.00, 0.00, 0.00, 18.45
18:15:11.863 , Vol+O2, 24325.00, 0.00, 1.96, 18.45
18:15:11.863 , Vol+O2, 24360.00, 0.00, 0.00, 18.45
18:15:11.863 , Vol+O2, 24395.00, 0.00, 0.00, 18.45
18:15:11.864 , Vol+O2, 24430.00, 0.00, 0.00, 18.32
18:15:11.864 , Vol+O2, 24465.00, 0.00, 0.00, 18.32
18:15:11.891 , Vol+O2, 24500.00, 0.00, 0.00, 18.32
18:15:11.894 , Vol+O2, 24535.00, 0.00, 0.00, 18.32
18:15:11.894 , Vol+O2, 24570.00, 0.00, 0.00, 18.23
18:15:11.894 , Vol+O2, 24605.00, 0.00, 0.00, 18.23
18:15:11.896 , Vol+O2, 24640.00, 0.00, 0.00, 18.23
18:15:11.896 , Vol+O2, 24675.00, 0.00, 0.00, 18.23
18:15:11.898 , Vol+O2, 24710.00, 0.00, 0.00, 18.23
18:15:11.898 , Vol+O2, 24745.00, 0.00, 0.00, 18.11
18:15:11.901 , Vol+O2, 24780.00, 0.00, 0.00, 18.11
18:15:11.901 , Vol+O2, 24815.00, 0.00, 0.00, 18.11
18:15:11.902 , Vol+O2, 24850.00, 0.00, 0.00, 18.11
18:15:11.902 , Vol+O2, 24885.00, 0.00, 0.00, 18.05
18:15:11.907 , Vol+O2, 24920.00, 0.00, 0.00, 18.05
18:15:11.907 , Vol+O2, 24955.00, 0.00, 0.00, 18.05
18:15:11.911 , Vol+O2, 24990.00, 0.00, 0.00, 18.05
18:15:11.911 , Vol+O2, 25025.00, 0.00, 0.00, 17.96
18:15:11.913 , Vol+O2, 25060.00, 0.00, 0.00, 17.96
18:15:11.913 , Vol+O2, 25095.00, 0.00, 0.00, 17.96
18:15:11.916 , Vol+O2, 25130.00, 0.00, 0.00, 17.96
18:15:11.916 , Vol+O2, 25165.00, 0.00, 0.00, 17.96
18:15:11.918 , Vol+O2, 25200.00, 0.00, 0.00, 17.90
18:15:11.918 , Vol+O2, 25235.00, 0.00, 0.00, 17.90
18:15:11.948 , Vol+O2, 25270.00, 0.00, 0.00, 17.90
18:15:11.948 , Vol+O2, 25305.00, 0.00, 0.00, 17.90
18:15:11.948 , Vol+O2, 25340.00, 0.00, 0.00, 17.84
18:15:11.950 , Vol+O2, 25375.00, 0.00, 0.00, 17.84
18:15:11.950 , Vol+O2, 25410.00, 0.00, 0.00, 17.84
18:15:11.954 , Vol+O2, 25445.00, 0.00, 0.00, 17.84
18:15:11.954 , Vol+O2, 25480.00, 0.00, 0.00, 17.78
18:15:11.956 , Vol+O2, 25515.00, 0.00, 0.00, 17.78
18:15:11.956 , Vol+O2, 25550.00, 0.00, 0.00, 17.78
18:15:11.992 , Vol+O2, 25585.00, 0.00, 0.00, 17.78
18:15:11.992 , Vol+O2, 25620.00, 0.00, 0.00, 17.72
18:15:11.993 , Vol+O2, 25655.00, 0.00, 0.00, 17.72
18:15:11.993 , Vol+O2, 25690.00, 0.00, 0.00, 17.72
18:15:11.995 , Vol+O2, 25725.00, 0.00, 0.00, 17.72
18:15:11.996 , Vol+O2, 25760.00, 0.00, 0.00, 17.72
18:15:11.996 , Vol+O2, 25795.00, 0.00, 0.00, 17.63
18:15:11.998 , Vol+O2, 25830.00, 0.00, 0.00, 17.63
18:15:11.998 , Vol+O2, 25865.00, 0.00, 0.00, 17.63
18:15:11.998 , Vol+O2, 25900.00, 0.00, 0.00, 17.63
18:15:12.000 , Vol+O2, 25935.00, 0.00, 0.00, 17.60
18:15:12.000 , Vol+O2, 25970.00, 0.00, 0.00, 17.60
18:15:12.003 , Vol+O2, 26005.00, 0.00, 0.00, 17.60
18:15:12.003 , Vol+O2, 26040.00, 0.00, 0.00, 17.60
18:15:12.000 , Vol+O2, 26075.00, 0.00, 0.00, 17.51
18:15:12.005 , Vol+O2, 26110.00, 0.00, 0.00, 17.51
18:15:12.007 , Vol+O2, 26145.00, 0.00, 0.00, 17.51
18:15:12.007 , Vol+O2, 26180.00, 0.00, 0.00, 17.51
18:15:12.007 , Vol+O2, 26215.00, 0.00, 0.00, 17.51
18:15:12.011 , Vol+O2, 26250.00, 0.00, 0.00, 17.45
18:15:12.011 , Vol+O2, 26285.00, 0.00, 0.00, 17.45
18:15:12.014 , Vol+O2, 26320.00, 0.00, 0.00, 17.45
18:15:12.018 , Vol+O2, 26355.00, 0.00, 0.00, 17.45
18:15:12.018 , Vol+O2, 26390.00, 0.00, 0.00, 17.39
18:15:12.018 , Vol+O2, 26425.00, 0.00, 0.00, 17.39
18:15:12.023 , Vol+O2, 26460.00, 0.00, 0.00, 17.39
18:15:12.023 , Vol+O2, 26495.00, 0.00, 0.00, 17.39
18:15:12.026 , Vol+O2, 26530.00, 0.00, 0.00, 17.33
18:15:12.026 , Vol+O2, 26565.00, 0.00, 0.00, 17.33
18:15:12.053 , Vol+O2, 26600.00, 0.00, 0.00, 17.33
18:15:12.066 , Vol+O2, 26635.00, 0.00, 0.00, 17.33
18:15:12.066 , Vol+O2, 26670.00, 0.00, 0.00, 17.30
18:15:12.068 , Vol+O2, 26705.00, 0.00, 0.00, 17.30
18:15:12.068 , Vol+O2, 26740.00, 0.00, 0.00, 17.30
18:15:12.068 , Vol+O2, 26775.00, 0.00, 0.00, 17.30
18:15:12.070 , Vol+O2, 26810.00, 0.00, 0.00, 17.30
18:15:12.070 , Vol+O2, 26845.00, 0.00, 0.00, 17.24
18:15:12.071 , Vol+O2, 26880.00, 0.00, 0.00, 17.24
18:15:12.073 , Vol+O2, 26915.00, 0.00, 0.00, 17.24
18:15:12.073 , Vol+O2, 26950.00, 0.00, 0.00, 17.24
18:15:12.075 , Vol+O2, 26985.00, 0.00, 0.00, 17.18
18:15:12.075 , Vol+O2, 27020.00, 0.00, 0.00, 17.18
18:15:12.080 , Vol+O2, 27055.00, 0.00, 0.00, 17.18
18:15:12.080 , Vol+O2, 27090.00, 0.00, 0.00, 17.18
18:15:12.084 , Vol+O2, 27125.00, 0.00, 0.00, 17.15
18:15:12.084 , Vol+O2, 27160.00, 0.00, 0.00, 17.15
18:15:12.086 , Vol+O2, 27195.00, 0.00, 0.00, 17.15
18:15:12.086 , Vol+O2, 27230.00, 0.00, 0.00, 17.15
18:15:12.089 , Vol+O2, 27265.00, 0.00, 0.00, 17.15
18:15:12.089 , Vol+O2, 27300.00, 0.00, 0.00, 17.09
18:15:12.093 , Vol+O2, 27335.00, 0.00, 0.00, 17.09
18:15:12.093 , Vol+O2, 27370.00, 0.00, 0.00, 17.09
18:15:12.098 , Vol+O2, 27405.00, 0.00, 0.00, 17.09
18:15:12.098 , Vol+O2, 27440.00, 0.00, 0.00, 17.06
18:15:12.100 , Vol+O2, 27475.00, 0.00, 0.00, 17.06
18:15:12.100 , Vol+O2, 27510.00, 0.00, 0.00, 17.06
18:15:12.138 , Vol+O2, 27545.00, 0.00, 0.00, 17.06
18:15:12.138 , Vol+O2, 27580.00, 0.00, 0.00, 17.03
18:15:12.141 , Vol+O2, 27615.00, 0.00, 0.00, 17.03
18:15:12.141 , Vol+O2, 27650.00, 0.00, 0.00, 17.03
18:15:12.145 , Vol+O2, 27685.00, 0.00, 0.00, 17.03
18:15:12.145 , Vol+O2, 27720.00, 0.00, 0.00, 17.00
18:15:12.146 , Vol+O2, 27755.00, 0.00, 0.00, 17.00
18:15:12.146 , Vol+O2, 27790.00, 0.00, 0.00, 17.00
18:15:12.148 , Vol+O2, 27825.00, 0.00, 0.00, 17.00
18:15:12.148 , Vol+O2, 27860.00, 0.00, 0.00, 17.00
18:15:12.175 , Vol+O2, 27895.00, 0.00, 0.00, 16.94
18:15:12.177 , Vol+O2, 27930.00, 0.00, 0.00, 16.94
18:15:12.177 , Vol+O2, 27965.00, 0.00, 0.00, 16.94
18:15:12.180 , Vol+O2, 28000.00, 0.00, 0.00, 16.94
18:15:12.180 , Vol+O2, 28035.00, 0.00, 0.00, 16.91
18:15:17.635 , Vol+O2, 28071.00, 0.00, 0.00, 16.91
18:15:17.635 , Vol+O2, 28106.00, 0.00, 0.00, 16.91
18:15:17.635 , Vol+O2, 28141.00, 0.00, 0.00, 16.91
18:15:17.635 , Vol+O2, 28178.00, 0.00, 0.00, 16.91
18:15:17.640 , Vol+O2, 28216.00, 0.00, 1.42, 16.88
18:15:17.640 , Vol+O2, 28251.00, 0.00, 1.33, 16.88
18:15:17.641 , Vol+O2, 28288.00, 0.00, 0.00, 16.88
18:15:17.642 , Vol+O2, 28323.00, 0.00, 0.00, 16.88
18:15:17.642 , Vol+O2, 28358.00, 0.00, 0.00, 16.85
18:15:17.644 , Vol+O2, 28395.00, 0.00, 0.00, 16.85
18:15:17.644 , Vol+O2, 28429.00, 0.00, 0.00, 16.85
18:15:17.648 , Vol+O2, 28464.00, 0.00, 0.00, 16.85
18:15:17.648 , Vol+O2, 28500.00, 0.00, 0.00, 16.85
18:15:17.649 , Vol+O2, 28534.00, 0.00, 0.00, 16.85
18:15:17.649 , Vol+O2, 28570.00, 0.00, 0.00, 16.85
18:15:17.681 , Vol+O2, 28605.00, 0.00, 0.00, 16.85
18:15:17.681 , Vol+O2, 28640.00, 0.00, 0.00, 16.85
18:15:17.683 , Vol+O2, 28675.00, 0.00, 0.00, 16.85
18:15:17.683 , Vol+O2, 28710.00, 0.00, 0.00, 16.85
18:15:17.721 , Vol+O2, 28745.00, 0.00, 0.00, 16.85
18:15:17.721 , Vol+O2, 28780.00, 0.00, 0.00, 16.85
18:15:17.723 , Vol+O2, 28815.00, 0.00, 0.00, 16.85
18:15:17.723 , Vol+O2, 28850.00, 0.00, 0.00, 16.85
18:15:17.737 , Vol+O2, 28885.00, 0.00, 0.00, 16.85
18:15:17.737 , Vol+O2, 28920.00, 0.00, 0.00, 16.85
18:15:17.739 , Vol+O2, 28955.00, 0.00, 0.00, 16.88
18:15:17.739 , Vol+O2, 28990.00, 0.00, 0.00, 16.88
18:15:17.746 , Vol+O2, 29025.00, 0.00, 0.00, 16.88
18:15:17.746 , Vol+O2, 29060.00, 0.00, 0.00, 16.88
18:15:17.810 , Vol+O2, 29095.00, 0.00, 0.00, 16.88
18:15:17.810 , Vol+O2, 29130.00, 0.00, 0.00, 16.88
18:15:17.812 , Vol+O2, 29165.00, 0.00, 0.00, 16.88
18:15:17.812 , Vol+O2, 29200.00, 0.00, 0.00, 16.88
18:15:17.831 , Vol+O2, 29235.00, 0.00, 0.00, 16.88
18:15:17.832 , Vol+O2, 29270.00, 0.00, 0.00, 16.91
18:15:17.832 , Vol+O2, 29305.00, 0.00, 0.00, 16.91
18:15:17.846 , Vol+O2, 29340.00, 0.00, 0.00, 16.91
18:15:17.846 , Vol+O2, 29375.00, 0.00, 0.00, 16.91
18:15:17.849 , Vol+O2, 29410.00, 0.00, 0.00, 16.91
18:15:17.849 , Vol+O2, 29445.00, 0.00, 0.00, 16.91
18:15:17.852 , Vol+O2, 29480.00, 0.00, 0.00, 16.91
18:15:17.852 , Vol+O2, 29515.00, 0.00, 0.00, 16.91
18:15:17.853 , Vol+O2, 29550.00, 0.00, 0.00, 16.91
18:15:17.853 , Vol+O2, 29585.00, 0.00, 0.00, 16.91
18:15:17.855 , Vol+O2, 29620.00, 0.00, 0.00, 16.91
18:15:17.855 , Vol+O2, 29655.00, 0.00, 0.00, 16.91
18:15:17.881 , Vol+O2, 29690.00, 0.00, 0.00, 16.91
18:15:17.881 , Vol+O2, 29725.00, 0.00, 0.00, 16.91
18:15:17.893 , Vol+O2, 29760.00, 0.00, 0.00, 16.91
18:15:17.893 , Vol+O2, 29795.00, 0.00, 0.00, 16.91
18:15:17.895 , Vol+O2, 29830.00, 0.00, 0.00, 16.91
18:15:17.895 , Vol+O2, 29865.00, 0.00, 0.00, 16.88
18:15:17.895 , Vol+O2, 29900.00, 0.00, 0.00, 16.88
18:15:17.895 , Vol+O2, 29935.00, 0.00, 0.00, 16.88
18:15:17.897 , Vol+O2, 29970.00, 0.00, 0.00, 16.88
18:15:17.897 , Vol+O2, 30005.00, 0.00, 0.00, 16.91
18:15:17.898 , Vol+O2, 30040.00, 0.00, 0.00, 16.91
18:15:17.898 , Vol+O2, 30075.00, 0.00, 0.00, 16.91
18:15:17.895 , Vol+O2, 30110.00, 0.00, 0.00, 16.91
18:15:17.902 , Vol+O2, 30145.00, 0.00, 0.00, 16.91
18:15:17.905 , Vol+O2, 30180.00, 0.00, 0.00, 16.88
18:15:17.905 , Vol+O2, 30215.00, 0.00, 0.00, 16.88
18:15:17.905 , Vol+O2, 30250.00, 0.00, 0.00, 16.88
18:15:17.911 , Vol+O2, 30285.00, 0.00, 0.00, 16.88
18:15:17.911 , Vol+O2, 30320.00, 0.00, 0.00, 16.85
18:15:17.913 , Vol+O2, 30355.00, 0.00, 0.00, 16.85
18:15:17.913 , Vol+O2, 30390.00, 0.00, 0.00, 16.85
18:15:17.916 , Vol+O2, 30425.00, 0.00, 0.00, 16.85
18:15:17.916 , Vol+O2, 30460.00, 0.00, 0.00, 16.85
18:15:17.918 , Vol+O2, 30495.00, 0.00, 0.00, 16.85
18:15:17.918 , Vol+O2, 30530.00, 0.00, 0.00, 16.85
18:15:17.921 , Vol+O2, 30565.00, 0.00, 0.00, 16.85
18:15:17.921 , Vol+O2, 30600.00, 0.00, 0.00, 16.85
18:15:17.926 , Vol+O2, 30635.00, 0.00, 0.00, 16.85
18:15:17.926 , Vol+O2, 30670.00, 0.00, 0.00, 16.85
18:15:17.929 , Vol+O2, 30705.00, 0.00, 0.00, 16.85
18:15:17.929 , Vol+O2, 30740.00, 0.00, 0.00, 16.85
18:15:17.932 , Vol+O2, 30775.00, 0.00, 0.00, 16.81
18:15:17.932 , Vol+O2, 30810.00, 0.00, 0.00, 16.81
18:15:17.932 , Vol+O2, 30845.00, 0.00, 0.00, 16.81
18:15:17.958 , Vol+O2, 30880.00, 0.00, 0.00, 16.81
18:15:17.969 , Vol+O2, 30915.00, 0.00, 0.00, 16.82
18:15:17.969 , Vol+O2, 30950.00, 0.00, 0.00, 16.82
18:15:17.972 , Vol+O2, 30985.00, 0.00, 0.00, 16.82
18:15:17.972 , Vol+O2, 31020.00, 0.00, 0.00, 16.82
18:15:17.973 , Vol+O2, 31055.00, 0.00, 0.00, 16.85
18:15:17.973 , Vol+O2, 31090.00, 0.00, 0.00, 16.85
18:15:17.973 , Vol+O2, 31125.00, 0.00, 0.00, 16.85
18:15:17.973 , Vol+O2, 31160.00, 0.00, 0.00, 16.85
18:15:17.975 , Vol+O2, 31195.00, 0.00, 0.00, 16.85
18:15:17.975 , Vol+O2, 31230.00, 0.00, 0.00, 16.79
18:15:17.977 , Vol+O2, 31265.00, 0.00, 0.00, 16.79
18:15:17.977 , Vol+O2, 31300.00, 0.00, 0.00, 16.79
18:15:17.980 , Vol+O2, 31335.00, 0.00, 0.00, 16.79
18:15:17.980 , Vol+O2, 31370.00, 0.00, 0.00, 16.79
18:15:17.984 , Vol+O2, 31405.00, 0.00, 0.00, 16.79
18:15:17.984 , Vol+O2, 31440.00, 0.00, 0.00, 16.79
18:15:17.985 , Vol+O2, 31475.00, 0.00, 0.00, 16.79
18:15:17.984 , Vol+O2, 31510.00, 0.00, 0.00, 16.76
18:15:17.990 , Vol+O2, 31545.00, 0.00, 0.00, 16.76
18:15:17.990 , Vol+O2, 31580.00, 0.00, 0.00, 16.76
18:15:17.992 , Vol+O2, 31615.00, 0.00, 0.00, 16.76
18:15:17.992 , Vol+O2, 31650.00, 0.00, 0.00, 16.76
18:15:17.999 , Vol+O2, 31685.00, 0.00, 0.00, 16.76
18:15:17.999 , Vol+O2, 31720.00, 0.00, 0.00, 16.76
18:15:17.999 , Vol+O2, 31755.00, 0.00, 0.00, 16.76
18:15:17.999 , Vol+O2, 31790.00, 0.00, 0.00, 16.76
18:15:18.001 , Vol+O2, 31825.00, 0.00, 0.00, 16.76
18:15:18.001 , Vol+O2, 31860.00, 0.00, 0.00, 16.76
18:15:18.047 , Vol+O2, 31895.00, 0.00, 0.00, 16.76
18:15:18.047 , Vol+O2, 31930.00, 0.00, 0.00, 16.76
18:15:18.047 , Vol+O2, 31965.00, 0.00, 1.42, 16.76
18:15:18.047 , Vol+O2, 32000.00, 0.00, 1.28, 16.76
18:15:18.050 , Vol+O2, 32035.00, 0.00, 0.51, 16.76
18:15:18.050 , Vol+O2, 32070.00, 0.00, 0.00, 16.76
18:15:18.051 , Vol+O2, 32105.00, 0.00, 0.00, 16.76
18:15:18.051 , Vol+O2, 32140.00, 0.00, 0.00, 16.76
18:15:18.055 , Vol+O2, 32175.00, 0.00, 0.00, 16.76
18:15:18.055 , Vol+O2, 32210.00, 0.00, 0.00, 16.76
18:15:18.057 , Vol+O2, 32245.00, 0.00, 0.00, 16.76
18:15:18.057 , Vol+O2, 32280.00, 0.00, 0.00, 16.73
18:15:18.059 , Vol+O2, 32315.00, 0.00, 0.00, 16.73
18:15:18.059 , Vol+O2, 32350.00, 0.00, 0.00, 16.73
18:15:18.061 , Vol+O2, 32385.00, 0.00, 0.00, 16.73
18:15:18.061 , Vol+O2, 32420.00, 0.00, 0.00, 16.76
18:15:18.064 , Vol+O2, 32455.00, 0.00, 0.00, 16.76
18:15:18.064 , Vol+O2, 32490.00, 0.00, 0.00, 16.76
18:15:18.064 , Vol+O2, 32525.00, 0.00, 0.00, 16.76
18:15:18.070 , Vol+O2, 32560.00, 0.00, 0.00, 16.76
18:15:18.070 , Vol+O2, 32595.00, 0.00, 0.00, 16.76
18:15:18.071 , Vol+O2, 32630.00, 0.00, 0.00, 16.76
18:15:18.071 , Vol+O2, 32665.00, 0.00, 0.00, 16.76
18:15:18.081 , Vol+O2, 32700.00, 0.00, 0.00, 16.76
18:15:18.081 , Vol+O2, 32735.00, 0.00, 0.00, 16.82
18:15:18.081 , Vol+O2, 32770.00, 0.00, 0.00, 16.82
18:15:18.083 , Vol+O2, 32805.00, 0.00, 0.00, 16.82
18:15:18.083 , Vol+O2, 32840.00, 0.00, 0.00, 16.82
18:15:18.084 , Vol+O2, 32875.00, 0.00, 0.00, 16.82
18:15:18.084 , Vol+O2, 32910.00, 0.00, 0.00, 16.82
18:15:18.084 , Vol+O2, 32945.00, 0.00, 0.00, 16.82
18:15:18.122 , Vol+O2, 32980.00, 0.00, 0.00, 16.82
18:15:18.122 , Vol+O2, 33015.00, 0.00, 0.00, 16.66
18:15:18.122 , Vol+O2, 33050.00, 0.00, 0.00, 16.66
18:15:18.122 , Vol+O2, 33085.00, 0.00, 0.00, 16.66
18:15:18.124 , Vol+O2, 33120.00, 0.00, 0.00, 16.66
18:15:18.124 , Vol+O2, 33155.00, 0.00, 0.00, 16.88
18:15:18.125 , Vol+O2, 33190.00, 0.00, 0.00, 16.88
18:15:18.126 , Vol+O2, 33225.00, 0.00, 0.00, 16.88
18:15:18.126 , Vol+O2, 33260.00, 0.00, 0.00, 16.88
18:15:18.129 , Vol+O2, 33295.00, 0.00, 0.00, 16.88
18:15:18.129 , Vol+O2, 33330.00, 0.00, 0.00, 16.85
18:15:18.129 , Vol+O2, 33365.00, 0.00, 0.00, 16.85
18:15:18.131 , Vol+O2, 33400.00, 0.00, 0.00, 16.85
18:15:18.131 , Vol+O2, 33435.00, 0.00, 0.00, 16.85
18:15:18.134 , Vol+O2, 33470.00, 0.00, 0.00, 16.85
18:15:18.134 , Vol+O2, 33505.00, 0.00, 0.00, 16.85
18:15:18.140 , Vol+O2, 33540.00, 0.00, 0.00, 16.85
18:15:18.140 , Vol+O2, 33575.00, 0.00, 0.00, 16.85
18:15:18.141 , Vol+O2, 33610.00, 0.00, 0.00, 16.85
18:15:23.166 , Vol+O2, 33646.00, 0.00, 0.00, 16.85
18:15:23.167 , Vol+O2, 33681.00, 0.00, 0.00, 16.85
18:15:23.169 , Vol+O2, 33716.00, 0.00, 0.00, 16.85
18:15:23.169 , Vol+O2, 33751.00, 0.00, 0.00, 16.85
18:15:23.172 , Vol+O2, 33786.00, 0.00, 0.00, 16.85
18:15:23.172 , Vol+O2, 33821.00, 0.00, 0.00, 16.85
18:15:23.175 , Vol+O2, 33856.00, 0.00, 0.00, 16.85
18:15:23.175 , Vol+O2, 33891.00, 0.00, 0.00, 16.85
18:15:23.177 , Vol+O2, 33926.00, 0.00, 0.00, 16.85
18:15:23.177 , Vol+O2, 33961.00, 0.00, 0.00, 16.85
18:15:23.179 , Vol+O2, 33996.00, 0.00, 0.00, 16.85
18:15:23.179 , Vol+O2, 34031.00, 0.00, 0.00, 16.85
18:15:23.179 , Vol+O2, 34066.00, 0.00, 0.00, 16.85
18:15:23.181 , Vol+O2, 34101.00, 0.00, 0.00, 16.85
18:15:23.181 , Vol+O2, 34136.00, 0.00, 0.00, 16.85
18:15:23.183 , Vol+O2, 34173.00, 0.00, 0.00, 16.85
18:15:23.183 , Vol+O2, 34208.00, 0.00, 0.00, 16.85
18:15:23.185 , Vol+O2, 34243.00, 0.00, 0.00, 16.85
18:15:23.185 , Vol+O2, 34278.00, 0.00, 0.00, 16.85
18:15:23.192 , Vol+O2, 34313.00, 0.00, 0.00, 16.85
18:15:23.192 , Vol+O2, 34351.00, 0.00, 0.00, 16.85
18:15:23.215 , Vol+O2, 34387.00, 0.00, 0.00, 16.82
18:15:23.215 , Vol+O2, 34422.00, 0.00, 0.00, 16.82
18:15:23.241 , Vol+O2, 34459.00, 0.00, 0.00, 16.82
18:15:23.241 , Vol+O2, 34494.00, 0.00, 0.00, 16.82
18:15:23.244 , Vol+O2, 34530.00, 0.00, 0.00, 16.82
18:15:23.245 , Vol+O2, 34565.00, 0.00, 0.00, 16.82
18:15:23.245 , Vol+O2, 34599.00, 0.00, 0.00, 16.82
18:15:23.248 , Vol+O2, 34634.00, 0.00, 0.00, 16.82
18:15:23.248 , Vol+O2, 34669.00, 0.00, 0.00, 16.82
18:15:23.250 , Vol+O2, 34704.00, 0.00, 0.00, 16.82
18:15:23.250 , Vol+O2, 34739.00, 0.00, 0.00, 16.82
18:15:23.251 , Vol+O2, 34774.00, 0.00, 0.00, 16.82
18:15:23.251 , Vol+O2, 34809.00, 0.00, 0.00, 16.82
18:15:23.253 , Vol+O2, 34844.00, 0.00, 0.00, 16.82
18:15:23.253 , Vol+O2, 34879.00, 0.00, 0.00, 16.82
18:15:23.259 , Vol+O2, 34914.00, 0.00, 0.00, 16.82
18:15:23.259 , Vol+O2, 34949.00, 0.00, 0.00, 16.82
18:15:23.261 , Vol+O2, 34984.00, 0.00, 0.00, 16.79
18:15:23.261 , Vol+O2, 35019.00, 0.00, 0.00, 16.79
18:15:23.267 , Vol+O2, 35054.00, 0.00, 0.00, 16.79
18:15:23.267 , Vol+O2, 35089.00, 0.00, 0.00, 16.79
18:15:23.269 , Vol+O2, 35124.00, 0.00, 0.00, 16.83
18:15:23.269 , Vol+O2, 35159.00, 0.00, 0.00, 16.83
18:15:23.271 , Vol+O2, 35194.00, 0.00, 0.00, 16.83
18:15:23.271 , Vol+O2, 35229.00, 0.00, 0.00, 16.83
18:15:23.276 , Vol+O2, 35264.00, 0.00, 0.00, 16.83
18:15:23.276 , Vol+O2, 35299.00, 0.00, 0.00, 16.83
18:15:23.281 , Vol+O2, 35334.00, 0.00, 0.00, 16.83
18:15:23.281 , Vol+O2, 35369.00, 0.00, 0.00, 16.83
18:15:23.284 , Vol+O2, 35404.00, 0.00, 0.00, 16.83
18:15:23.284 , Vol+O2, 35439.00, 0.00, 0.00, 16.76
18:15:23.286 , Vol+O2, 35474.00, 0.00, 0.00, 16.76
18:15:23.286 , Vol+O2, 35509.00, 0.00, 0.00, 16.76
18:15:23.311 , Vol+O2, 35544.00, 0.00, 0.00, 16.76
18:15:23.311 , Vol+O2, 35579.00, 0.00, 0.00, 16.76
18:15:23.323 , Vol+O2, 35614.00, 0.00, 0.00, 16.76
18:15:23.323 , Vol+O2, 35649.00, 0.00, 0.00, 16.76
18:15:23.326 , Vol+O2, 35684.00, 0.00, 0.00, 16.76
18:15:23.326 , Vol+O2, 35719.00, 0.00, 0.00, 16.79
18:15:23.327 , Vol+O2, 35754.00, 0.00, 0.00, 16.79
18:15:23.329 , Vol+O2, 35789.00, 0.00, 0.00, 16.79
18:15:23.329 , Vol+O2, 35824.00, 0.00, 0.00, 16.79
18:15:23.332 , Vol+O2, 35859.00, 0.00, 0.00, 16.79
18:15:23.332 , Vol+O2, 35894.00, 0.00, 0.00, 16.76
18:15:23.332 , Vol+O2, 35929.00, 0.00, 0.00, 16.76
18:15:23.338 , Vol+O2, 35964.00, 0.00, 1.42, 16.76
18:15:23.338 , Vol+O2, 35999.00, 0.00, 0.97, 16.76
18:15:23.340 , Vol+O2, 36034.00, 0.00, 0.00, 16.76
18:15:23.343 , Vol+O2, 36069.00, 0.00, 0.00, 16.76
18:15:23.343 , Vol+O2, 36104.00, 0.00, 0.00, 16.76
18:15:23.346 , Vol+O2, 36139.00, 0.00, 0.00, 16.76
18:15:23.346 , Vol+O2, 36174.00, 0.00, 0.00, 16.76
18:15:23.350 , Vol+O2, 36209.00, 0.00, 0.00, 16.76
18:15:23.350 , Vol+O2, 36244.00, 0.00, 0.00, 16.76
18:15:23.354 , Vol+O2, 36279.00, 0.00, 0.00, 16.76
18:15:23.354 , Vol+O2, 36314.00, 0.00, 0.00, 16.76
18:15:23.397 , Vol+O2, 36349.00, 0.00, 0.00, 16.76
18:15:23.397 , Vol+O2, 36384.00, 0.00, 0.00, 16.76
18:15:23.399 , Vol+O2, 36419.00, 0.00, 0.00, 16.76
18:15:23.399 , Vol+O2, 36454.00, 0.00, 0.00, 16.76
18:15:23.400 , Vol+O2, 36489.00, 0.00, 0.00, 16.76
18:15:23.400 , Vol+O2, 36524.00, 0.00, 0.00, 16.76
18:15:23.402 , Vol+O2, 36559.00, 0.00, 0.00, 16.76
18:15:23.402 , Vol+O2, 36594.00, 0.00, 0.00, 16.76
18:15:23.402 , Vol+O2, 36629.00, 0.00, 0.00, 16.79
18:15:23.402 , Vol+O2, 36664.00, 0.00, 0.00, 16.79
18:15:23.408 , Vol+O2, 36699.00, 0.00, 0.00, 16.79
18:15:23.408 , Vol+O2, 36734.00, 0.00, 0.00, 16.79
18:15:23.412 , Vol+O2, 36769.00, 0.00, 0.00, 16.82
18:15:23.437 , Vol+O2, 36804.00, 0.00, 0.00, 16.82
18:15:23.437 , Vol+O2, 36839.00, 0.00, 0.00, 16.82
18:15:23.437 , Vol+O2, 36874.00, 0.00, 0.00, 16.82
18:15:23.440 , Vol+O2, 36909.00, 0.00, 0.00, 16.82
18:15:23.440 , Vol+O2, 36944.00, 0.00, 0.00, 16.82
18:15:23.441 , Vol+O2, 36979.00, 0.00, 0.24, 16.82
18:15:23.441 , Vol+O2, 37014.00, 0.00, 0.00, 16.82
18:15:23.444 , Vol+O2, 37049.00, 0.00, 0.00, 16.82
18:15:23.444 , Vol+O2, 37084.00, 0.00, 0.00, 16.82
18:15:23.462 , Vol+O2, 37119.00, 0.00, 0.00, 16.82
18:15:23.462 , Vol+O2, 37154.00, 0.00, 0.00, 16.82
18:15:23.467 , Vol+O2, 37189.00, 0.00, 0.00, 16.82
18:15:23.467 , Vol+O2, 37224.00, 0.00, 0.00, 16.85
18:15:23.492 , Vol+O2, 37259.00, 0.00, 0.00, 16.85
18:15:23.492 , Vol+O2, 37294.00, 0.00, 0.00, 16.85
18:15:23.492 , Vol+O2, 37329.00, 0.00, 0.00, 16.85
18:15:23.494 , Vol+O2, 37364.00, 0.00, 0.00, 16.85
18:15:23.494 , Vol+O2, 37399.00, 0.00, 0.00, 16.85
18:15:23.494 , Vol+O2, 37434.00, 0.00, 0.00, 16.85
18:15:23.494 , Vol+O2, 37469.00, 0.00, 0.00, 16.85
18:15:23.492 , Vol+O2, 37504.00, 0.00, 0.00, 16.85
18:15:23.496 , Vol+O2, 37539.00, 0.00, 0.00, 16.85
18:15:23.503 , Vol+O2, 37574.00, 0.00, 0.00, 16.85
18:15:23.503 , Vol+O2, 37609.00, 0.00, 0.00, 16.85
18:15:23.550 , Vol+O2, 37644.00, 0.00, 0.00, 16.85
18:15:23.550 , Vol+O2, 37679.00, 0.00, 0.00, 16.85
18:15:23.552 , Vol+O2, 37714.00, 0.00, 0.00, 16.85
18:15:23.552 , Vol+O2, 37749.00, 0.00, 0.00, 16.85
18:15:23.553 , Vol+O2, 37784.00, 0.00, 0.24, 16.85
18:15:23.553 , Vol+O2, 37819.00, 0.00, 0.00, 16.85
18:15:23.555 , Vol+O2, 37854.00, 0.00, 0.00, 16.85
18:15:23.555 , Vol+O2, 37889.00, 0.00, 0.00, 16.85
18:15:23.557 , Vol+O2, 37924.00, 0.00, 0.00, 16.85
18:15:23.557 , Vol+O2, 37959.00, 0.00, 0.00, 16.85
18:15:23.562 , Vol+O2, 37994.00, 0.00, 0.00, 16.82
18:15:23.588 , Vol+O2, 38029.00, 0.00, 0.00, 16.82
18:15:23.588 , Vol+O2, 38064.00, 0.00, 0.00, 16.82
18:15:23.588 , Vol+O2, 38099.00, 0.00, 0.00, 16.82
18:15:23.590 , Vol+O2, 38134.00, 0.00, 0.00, 16.82
18:15:23.590 , Vol+O2, 38169.00, 0.00, 0.00, 16.82
18:15:23.590 , Vol+O2, 38204.00, 0.00, 0.00, 16.82
18:15:23.590 , Vol+O2, 38239.00, 0.00, 0.00, 16.82
18:15:23.592 , Vol+O2, 38274.00, 0.00, 0.00, 16.82
18:15:23.592 , Vol+O2, 38309.00, 0.00, 0.00, 16.82
18:15:23.631 , Vol+O2, 38344.00, 0.00, 0.00, 16.82
18:15:23.631 , Vol+O2, 38379.00, 0.00, 0.00, 16.82
18:15:23.634 , Vol+O2, 38414.00, 0.00, 0.00, 16.82
18:15:23.634 , Vol+O2, 38449.00, 0.00, 0.00, 16.82
18:15:23.636 , Vol+O2, 38484.00, 0.00, 0.00, 16.82
18:15:23.636 , Vol+O2, 38519.00, 0.00, 0.00, 16.82
18:15:23.639 , Vol+O2, 38554.00, 0.00, 0.00, 16.82
18:15:23.639 , Vol+O2, 38589.00, 0.00, 0.00, 16.82
18:15:23.641 , Vol+O2, 38624.00, 0.00, 0.00, 16.82
18:15:23.641 , Vol+O2, 38659.00, 0.00, 0.00, 16.82
18:15:23.643 , Vol+O2, 38694.00, 0.00, 0.00, 16.82
18:15:23.643 , Vol+O2, 38729.00, 0.00, 0.00, 16.76
18:15:23.645 , Vol+O2, 38764.00, 0.00, 0.00, 16.76
18:15:23.645 , Vol+O2, 38799.00, 0.00, 0.00, 16.76
18:15:23.651 , Vol+O2, 38834.00, 0.00, 0.00, 16.76
18:15:23.651 , Vol+O2, 38869.00, 0.00, 0.00, 16.76
18:15:23.711 , Vol+O2, 38904.00, 0.00, 0.00, 16.76
18:15:23.711 , Vol+O2, 38939.00, 0.00, 0.00, 16.76
18:15:23.711 , Vol+O2, 38974.00, 0.00, 0.00, 16.76
18:15:23.711 , Vol+O2, 39009.00, 0.00, 0.00, 16.76
18:15:23.713 , Vol+O2, 39044.00, 0.00, 0.00, 16.77
18:15:23.713 , Vol+O2, 39079.00, 0.00, 0.00, 16.77
18:15:23.713 , Vol+O2, 39114.00, 0.00, 0.00, 16.77
18:15:23.713 , Vol+O2, 39149.00, 0.00, 0.00, 16.77
18:15:23.715 , Vol+O2, 39184.00, 0.00, 0.00, 16.73
18:15:23.715 , Vol+O2, 39219.00, 0.00, 0.00, 16.73
18:15:23.724 , Vol+O2, 39254.00, 0.00, 0.00, 16.73
18:15:23.724 , Vol+O2, 39289.00, 0.00, 0.00, 16.73
18:15:23.726 , Vol+O2, 39324.00, 0.00, 0.00, 16.73
18:15:23.726 , Vol+O2, 39359.00, 0.00, 0.00, 16.73
18:15:23.728 , Vol+O2, 39394.00, 0.00, 0.00, 16.73
18:15:23.728 , Vol+O2, 39429.00, 0.00, 0.00, 16.73
18:15:23.734 , Vol+O2, 39464.00, 0.00, 0.00, 16.73
18:15:23.734 , Vol+O2, 39499.00, 0.00, 0.00, 16.73
18:15:23.734 , Vol+O2, 39534.00, 0.00, 0.00, 16.73
18:15:23.736 , Vol+O2, 39569.00, 0.00, 0.00, 16.73
18:15:29.021 , Vol+O2, 39605.00, 0.00, 0.00, 16.73
18:15:29.023 , Vol+O2, 39641.00, 0.00, 0.00, 16.73
18:15:29.025 , Vol+O2, 39676.00, 0.00, 0.00, 16.73
18:15:29.025 , Vol+O2, 39712.00, 0.00, 0.00, 16.73
18:15:29.025 , Vol+O2, 39747.00, 0.00, 0.00, 16.73
18:15:29.025 , Vol+O2, 39781.00, 0.00, 0.00, 16.70
18:15:29.025 , Vol+O2, 39816.00, 0.00, 0.00, 16.70
18:15:29.025 , Vol+O2, 39851.00, 0.00, 0.00, 16.70
18:15:29.028 , Vol+O2, 39886.00, 0.00, 0.00, 16.70
18:15:29.037 , Vol+O2, 39921.00, 0.00, 0.00, 16.70
18:15:29.037 , Vol+O2, 39956.00, 0.00, 0.00, 16.70
18:15:29.061 , Vol+O2, 39991.00, 0.00, 0.00, 16.70
18:15:29.061 , Vol+O2, 40028.00, 0.00, 0.00, 16.70
18:15:29.063 , Vol+O2, 40062.00, 0.00, 1.15, 16.70
18:15:29.063 , Vol+O2, 40098.00, 0.00, 1.42, 16.67
18:15:29.063 , Vol+O2, 40133.00, 0.00, 0.65, 16.67
18:15:29.063 , Vol+O2, 40168.00, 0.00, 0.00, 16.67
18:15:29.065 , Vol+O2, 40203.00, 0.00, 0.00, 16.67
18:15:29.065 , Vol+O2, 40238.00, 0.00, 0.00, 16.67
18:15:29.066 , Vol+O2, 40273.00, 0.00, 0.00, 16.67
18:15:29.096 , Vol+O2, 40308.00, 0.00, 0.00, 16.67
18:15:29.096 , Vol+O2, 40343.00, 0.00, 0.00, 16.67
18:15:29.109 , Vol+O2, 40378.00, 0.00, 0.00, 16.67
18:15:29.109 , Vol+O2, 40413.00, 0.00, 0.00, 16.67
18:15:29.110 , Vol+O2, 40448.00, 0.00, 0.00, 16.67
18:15:29.110 , Vol+O2, 40483.00, 0.00, 0.00, 16.67
18:15:29.113 , Vol+O2, 40518.00, 0.00, 0.00, 16.67
18:15:29.113 , Vol+O2, 40553.00, 0.00, 0.00, 16.70
18:15:29.109 , Vol+O2, 40588.00, 0.00, 0.00, 16.70
18:15:29.113 , Vol+O2, 40623.00, 0.00, 0.00, 16.70
18:15:29.118 , Vol+O2, 40658.00, 0.00, 0.00, 16.70
18:15:29.118 , Vol+O2, 40693.00, 0.00, 0.60, 16.76
18:15:29.122 , Vol+O2, 40728.00, 0.00, 0.00, 16.76
18:15:29.122 , Vol+O2, 40763.00, 0.00, 0.00, 16.76
18:15:29.148 , Vol+O2, 40798.00, 0.00, 0.00, 16.76
18:15:29.148 , Vol+O2, 40833.00, 0.00, 0.00, 16.76
18:15:29.151 , Vol+O2, 40868.00, 0.00, 0.00, 16.73
18:15:29.151 , Vol+O2, 40903.00, 0.00, 0.00, 16.73
18:15:29.152 , Vol+O2, 40938.00, 0.00, 0.00, 16.73
18:15:29.152 , Vol+O2, 40973.00, 0.00, 0.29, 16.73
18:15:29.187 , Vol+O2, 41008.00, 0.00, 0.00, 16.76
18:15:29.187 , Vol+O2, 41043.00, 0.00, 0.00, 16.76
18:15:29.187 , Vol+O2, 41078.00, 0.00, 0.00, 16.76
18:15:29.189 , Vol+O2, 41113.00, 0.00, 0.00, 16.76
18:15:29.191 , Vol+O2, 41148.00, 0.00, 0.65, 16.76
18:15:29.191 , Vol+O2, 41183.00, 0.00, 0.00, 16.76
18:15:29.194 , Vol+O2, 41218.00, 0.00, 0.00, 16.76
18:15:29.194 , Vol+O2, 41253.00, 0.00, 0.00, 16.76
18:15:29.196 , Vol+O2, 41288.00, 0.00, 0.00, 16.76
18:15:29.196 , Vol+O2, 41323.00, 0.00, 0.00, 16.82
18:15:29.197 , Vol+O2, 41358.00, 0.00, 0.00, 16.82
18:15:29.197 , Vol+O2, 41393.00, 0.00, 0.00, 16.82
18:15:29.200 , Vol+O2, 41428.00, 0.00, 0.00, 16.82
18:15:29.200 , Vol+O2, 41463.00, 0.00, 0.00, 16.82
18:15:29.200 , Vol+O2, 41498.00, 0.00, 0.00, 16.82
18:15:29.203 , Vol+O2, 41533.00, 0.00, 0.00, 16.82
18:15:29.203 , Vol+O2, 41568.00, 0.00, 0.00, 16.82
18:15:29.209 , Vol+O2, 41603.00, 0.00, 0.00, 16.82
18:15:29.209 , Vol+O2, 41638.00, 0.00, 0.00, 16.82
18:15:29.209 , Vol+O2, 41673.00, 0.00, 0.00, 16.82
18:15:29.211 , Vol+O2, 41708.00, 0.00, 0.00, 16.82
18:15:29.211 , Vol+O2, 41743.00, 0.00, 0.00, 16.85
18:15:29.214 , Vol+O2, 41778.00, 0.00, 0.00, 16.85
18:15:29.218 , Vol+O2, 41813.00, 0.00, 0.00, 16.85
18:15:29.218 , Vol+O2, 41848.00, 0.00, 0.00, 16.85
18:15:29.221 , Vol+O2, 41883.00, 0.00, 0.00, 16.85
18:15:29.221 , Vol+O2, 41918.00, 0.00, 0.00, 16.82
18:15:29.225 , Vol+O2, 41953.00, 0.00, 0.00, 16.82
18:15:29.225 , Vol+O2, 41988.00, 0.00, 0.00, 16.82
18:15:29.225 , Vol+O2, 42023.00, 0.00, 0.00, 16.82
18:15:29.229 , Vol+O2, 42058.00, 0.00, 0.00, 16.82
18:15:29.232 , Vol+O2, 42093.00, 0.00, 0.00, 16.82
18:15:29.232 , Vol+O2, 42128.00, 0.00, 0.00, 16.82
18:15:29.235 , Vol+O2, 42163.00, 0.00, 0.00, 16.82
18:15:29.235 , Vol+O2, 42198.00, 0.00, 0.00, 16.82
18:15:29.235 , Vol+O2, 42233.00, 0.00, 0.00, 16.82
18:15:29.237 , Vol+O2, 42268.00, 0.00, 0.00, 16.82
18:15:29.237 , Vol+O2, 42303.00, 0.00, 0.00, 16.82
18:15:29.241 , Vol+O2, 42338.00, 0.00, 0.00, 16.82
18:15:29.241 , Vol+O2, 42373.00, 0.00, 0.00, 16.82
18:15:29.245 , Vol+O2, 42408.00, 0.00, 0.00, 16.82
18:15:29.273 , Vol+O2, 42443.00, 0.00, 0.00, 16.82
18:15:29.273 , Vol+O2, 42478.00, 0.00, 0.00, 16.82
18:15:29.276 , Vol+O2, 42513.00, 0.00, 0.00, 16.82
18:15:29.276 , Vol+O2, 42548.00, 0.00, 0.00, 16.82
18:15:29.276 , Vol+O2, 42583.00, 0.00, 0.00, 16.82
18:15:29.301 , Vol+O2, 42618.00, 0.00, 0.00, 16.82
18:15:29.314 , Vol+O2, 42653.00, 0.00, 0.00, 16.82
18:15:29.314 , Vol+O2, 42688.00, 0.00, 0.00, 16.82
18:15:29.317 , Vol+O2, 42723.00, 0.00, 0.00, 16.82
18:15:29.317 , Vol+O2, 42758.00, 0.00, 0.00, 16.82
18:15:29.319 , Vol+O2, 42793.00, 0.00, 0.00, 16.82
18:15:29.319 , Vol+O2, 42828.00, 0.00, 0.00, 16.82
18:15:29.322 , Vol+O2, 42863.00, 0.00, 0.00, 16.82
18:15:29.322 , Vol+O2, 42898.00, 0.00, 0.00, 16.82
18:15:29.323 , Vol+O2, 42933.00, 0.00, 0.00, 16.82
18:15:29.323 , Vol+O2, 42968.00, 0.00, 0.00, 16.82
18:15:29.326 , Vol+O2, 43003.00, 0.00, 0.00, 16.82
18:15:29.326 , Vol+O2, 43038.00, 0.00, 0.00, 16.82
18:15:29.328 , Vol+O2, 43073.00, 0.00, 0.00, 16.82
18:15:29.328 , Vol+O2, 43108.00, 0.00, 0.00, 16.79
18:15:29.329 , Vol+O2, 43143.00, 0.00, 0.00, 16.79
18:15:29.329 , Vol+O2, 43178.00, 0.00, 0.00, 16.79
18:15:29.330 , Vol+O2, 43213.00, 0.00, 0.00, 16.79
18:15:29.330 , Vol+O2, 43248.00, 0.00, 0.00, 16.79
18:15:29.336 , Vol+O2, 43283.00, 0.00, 0.00, 16.79
18:15:29.336 , Vol+O2, 43318.00, 0.00, 0.00, 16.79
18:15:29.336 , Vol+O2, 43353.00, 0.00, 0.00, 16.79
18:15:29.339 , Vol+O2, 43388.00, 0.00, 0.00, 16.79
18:15:29.342 , Vol+O2, 43423.00, 0.00, 0.00, 16.82
18:15:29.342 , Vol+O2, 43458.00, 0.00, 0.00, 16.82
18:15:29.344 , Vol+O2, 43493.00, 0.00, 0.00, 16.82
18:15:29.344 , Vol+O2, 43528.00, 0.00, 0.00, 16.82
18:15:29.348 , Vol+O2, 43563.00, 0.00, 0.00, 16.83
18:15:29.348 , Vol+O2, 43598.00, 0.00, 0.00, 16.83
18:15:29.388 , Vol+O2, 43633.00, 0.00, 0.00, 16.83
18:15:29.388 , Vol+O2, 43668.00, 0.00, 0.00, 16.83
18:15:29.388 , Vol+O2, 43703.00, 0.00, 0.00, 16.82
18:15:29.390 , Vol+O2, 43738.00, 0.00, 0.00, 16.82
18:15:29.393 , Vol+O2, 43773.00, 0.00, 0.00, 16.82
18:15:29.393 , Vol+O2, 43808.00, 0.00, 0.00, 16.82
18:15:29.395 , Vol+O2, 43843.00, 0.00, 0.00, 16.82
18:15:29.395 , Vol+O2, 43878.00, 0.00, 0.00, 16.82
18:15:29.402 , Vol+O2, 43913.00, 0.00, 1.02, 16.82
18:15:29.402 , Vol+O2, 43948.00, 0.00, 1.15, 16.82
18:15:29.403 , Vol+O2, 43983.00, 0.00, 0.00, 16.82
18:15:29.403 , Vol+O2, 44018.00, 0.00, 0.00, 16.76
18:15:29.425 , Vol+O2, 44053.00, 0.00, 0.00, 16.76
18:15:29.425 , Vol+O2, 44088.00, 0.00, 0.00, 16.76
18:15:29.470 , Vol+O2, 44123.00, 0.00, 0.00, 16.76
18:15:29.470 , Vol+O2, 44158.00, 0.00, 0.00, 16.79
18:15:29.473 , Vol+O2, 44193.00, 0.00, 0.00, 16.79
18:15:29.473 , Vol+O2, 44228.00, 0.00, 0.00, 16.79
18:15:29.484 , Vol+O2, 44263.00, 0.00, 0.00, 16.79
18:15:29.486 , Vol+O2, 44298.00, 0.00, 0.00, 16.82
18:15:29.486 , Vol+O2, 44333.00, 0.00, 0.00, 16.82
18:15:29.486 , Vol+O2, 44368.00, 0.00, 0.00, 16.82
18:15:29.486 , Vol+O2, 44403.00, 0.00, 0.00, 16.82
18:15:29.488 , Vol+O2, 44438.00, 0.00, 0.00, 16.82
18:15:29.488 , Vol+O2, 44473.00, 0.00, 0.00, 16.82
18:15:29.489 , Vol+O2, 44508.00, 0.00, 0.00, 16.82
18:15:29.489 , Vol+O2, 44543.00, 0.00, 0.00, 16.82
18:15:29.517 , Vol+O2, 44578.00, 0.00, 0.00, 16.82
18:15:29.517 , Vol+O2, 44613.00, 0.00, 0.00, 16.85
18:15:29.518 , Vol+O2, 44648.00, 0.00, 0.00, 16.85
18:15:29.518 , Vol+O2, 44683.00, 0.00, 0.00, 16.85
18:15:29.592 , Vol+O2, 44718.00, 0.00, 0.00, 16.85
18:15:29.592 , Vol+O2, 44753.00, 0.00, 0.00, 16.85
18:15:29.592 , Vol+O2, 44788.00, 0.00, 0.00, 16.85
18:15:29.655 , Vol+O2, 44823.00, 0.00, 0.00, 16.85
18:15:29.655 , Vol+O2, 44858.00, 0.00, 0.00, 16.85
18:15:29.658 , Vol+O2, 44893.00, 0.00, 0.00, 16.91
18:15:29.655 , Vol+O2, 44928.00, 0.00, 0.00, 16.91
18:15:29.660 , Vol+O2, 44963.00, 0.00, 0.00, 16.91
18:15:29.660 , Vol+O2, 44998.00, 0.00, 0.00, 16.91
18:15:29.662 , Vol+O2, 45033.00, 0.00, 0.00, 16.91
18:15:29.662 , Vol+O2, 45068.00, 0.00, 0.00, 16.88
18:15:29.663 , Vol+O2, 45103.00, 0.00, 0.00, 16.88
18:15:29.665 , Vol+O2, 45138.00, 0.00, 0.00, 16.88
18:15:29.665 , Vol+O2, 45173.00, 0.00, 0.00, 16.88
18:15:34.597 , Vol+O2, 45208.00, 0.00, 0.00, 16.88
18:15:34.609 , Vol+O2, 45243.00, 0.00, 0.00, 16.88
18:15:34.609 , Vol+O2, 45278.00, 0.00, 0.00, 16.88
18:15:34.612 , Vol+O2, 45313.00, 0.00, 0.00, 16.88
18:15:34.612 , Vol+O2, 45348.00, 0.00, 0.00, 16.88
18:15:34.614 , Vol+O2, 45383.00, 0.00, 0.00, 16.88
18:15:34.614 , Vol+O2, 45418.00, 0.00, 0.00, 16.88
18:15:34.616 , Vol+O2, 45453.00, 0.00, 0.00, 16.88
18:15:34.616 , Vol+O2, 45488.00, 0.00, 0.00, 16.88
18:15:34.620 , Vol+O2, 45523.00, 0.00, 0.00, 16.88
18:15:34.620 , Vol+O2, 45558.00, 0.00, 0.00, 16.88
18:15:34.621 , Vol+O2, 45595.00, 0.00, 0.00, 16.88
18:15:34.621 , Vol+O2, 45630.00, 0.00, 0.00, 16.88
18:15:34.626 , Vol+O2, 45665.00, 0.00, 0.00, 16.92
18:15:34.626 , Vol+O2, 45700.00, 0.00, 0.00, 16.92
18:15:34.630 , Vol+O2, 45735.00, 0.00, 0.00, 16.92
18:15:34.630 , Vol+O2, 45772.00, 0.00, 0.00, 16.92
18:15:34.634 , Vol+O2, 45807.00, 0.00, 0.00, 16.91
18:15:34.634 , Vol+O2, 45842.00, 0.00, 0.00, 16.91
18:15:34.635 , Vol+O2, 45877.00, 0.00, 0.00, 16.91
18:15:34.635 , Vol+O2, 45913.00, 0.00, 0.00, 16.91
18:15:34.639 , Vol+O2, 45948.00, 0.00, 0.00, 16.91
18:15:34.639 , Vol+O2, 45984.00, 0.00, 0.00, 16.88
18:15:34.713 , Vol+O2, 46019.00, 0.00, 0.00, 16.88
18:15:34.713 , Vol+O2, 46054.00, 0.00, 0.00, 16.88
18:15:34.713 , Vol+O2, 46088.00, 0.00, 0.00, 16.88
18:15:34.715 , Vol+O2, 46123.00, 0.00, 0.00, 16.85
18:15:34.715 , Vol+O2, 46158.00, 0.00, 0.00, 16.85
18:15:34.742 , Vol+O2, 46193.00, 0.00, 0.00, 16.85
18:15:34.742 , Vol+O2, 46228.00, 0.00, 0.00, 16.85
18:15:34.745 , Vol+O2, 46263.00, 0.00, 0.00, 16.85
18:15:34.745 , Vol+O2, 46298.00, 0.00, 0.00, 16.85
18:15:34.765 , Vol+O2, 46333.00, 0.00, 0.00, 16.85
18:15:34.774 , Vol+O2, 46368.00, 0.00, 0.00, 16.85
18:15:34.774 , Vol+O2, 46403.00, 0.00, 0.00, 16.85
18:15:34.774 , Vol+O2, 46438.00, 0.00, 0.00, 16.82
18:15:34.776 , Vol+O2, 46473.00, 0.00, 0.00, 16.82
18:15:34.776 , Vol+O2, 46508.00, 0.00, 0.00, 16.82
18:15:34.779 , Vol+O2, 46543.00, 0.00, 0.00, 16.82
18:15:34.781 , Vol+O2, 46578.00, 0.00, 0.00, 16.82
18:15:34.781 , Vol+O2, 46613.00, 0.00, 0.00, 16.82
18:15:34.782 , Vol+O2, 46648.00, 0.00, 0.00, 16.82
18:15:34.782 , Vol+O2, 46683.00, 0.00, 0.00, 16.82
18:15:34.784 , Vol+O2, 46718.00, 0.00, 0.00, 16.82
18:15:34.784 , Vol+O2, 46753.00, 0.00, 0.00, 16.82
18:15:34.784 , Vol+O2, 46788.00, 0.00, 0.00, 16.82
18:15:34.784 , Vol+O2, 46823.00, 0.00, 0.00, 16.82
18:15:34.786 , Vol+O2, 46858.00, 0.00, 0.00, 16.82
18:15:34.786 , Vol+O2, 46893.00, 0.00, 0.00, 16.82
18:15:34.794 , Vol+O2, 46928.00, 0.00, 0.00, 16.82
18:15:34.794 , Vol+O2, 46963.00, 0.00, 0.00, 16.82
18:15:34.794 , Vol+O2, 46998.00, 0.00, 0.00, 16.82
18:15:34.797 , Vol+O2, 47033.00, 0.00, 0.00, 16.85
18:15:34.799 , Vol+O2, 47068.00, 0.00, 0.00, 16.85
18:15:34.799 , Vol+O2, 47103.00, 0.00, 0.00, 16.85
18:15:34.802 , Vol+O2, 47138.00, 0.00, 0.00, 16.85
18:15:34.802 , Vol+O2, 47173.00, 0.00, 0.00, 16.85
18:15:34.805 , Vol+O2, 47208.00, 0.00, 0.00, 16.85
18:15:34.805 , Vol+O2, 47243.00, 0.00, 0.00, 16.85
18:15:34.810 , Vol+O2, 47278.00, 0.00, 0.00, 16.85
18:15:34.810 , Vol+O2, 47313.00, 0.00, 0.00, 16.94
18:15:34.813 , Vol+O2, 47348.00, 0.00, 0.00, 16.94
18:15:34.813 , Vol+O2, 47383.00, 0.00, 0.00, 16.94
18:15:34.816 , Vol+O2, 47418.00, 0.00, 0.00, 16.94
18:15:34.816 , Vol+O2, 47453.00, 0.00, 0.00, 16.94
18:15:34.822 , Vol+O2, 47488.00, 0.00, 0.00, 16.97
18:15:34.822 , Vol+O2, 47523.00, 0.00, 0.00, 16.97
18:15:34.824 , Vol+O2, 47558.00, 0.00, 0.00, 16.97
18:15:34.824 , Vol+O2, 47593.00, 0.00, 0.00, 16.97
18:15:34.853 , Vol+O2, 47628.00, 0.00, 0.00, 17.06
18:15:34.853 , Vol+O2, 47663.00, 0.00, 0.00, 17.06
18:15:34.853 , Vol+O2, 47698.00, 0.00, 0.00, 17.06
18:15:34.899 , Vol+O2, 47733.00, 0.00, 0.00, 17.06
18:15:34.901 , Vol+O2, 47768.00, 0.00, 0.00, 17.12
18:15:34.901 , Vol+O2, 47803.00, 0.00, 0.00, 17.12
18:15:34.924 , Vol+O2, 47838.00, 0.00, 0.00, 17.12
18:15:34.924 , Vol+O2, 47873.00, 0.00, 0.00, 17.12
18:15:34.937 , Vol+O2, 47908.00, 0.00, 0.00, 17.12
18:15:34.937 , Vol+O2, 47943.00, 0.00, 0.00, 17.18
18:15:34.939 , Vol+O2, 47978.00, 0.00, 0.00, 17.18
18:15:34.939 , Vol+O2, 48013.00, 0.00, 0.00, 17.18
18:15:34.939 , Vol+O2, 48048.00, 0.00, 0.00, 17.18
18:15:34.939 , Vol+O2, 48083.00, 0.00, 0.00, 17.30
18:15:34.941 , Vol+O2, 48118.00, 0.00, 0.00, 17.30
18:15:34.941 , Vol+O2, 48153.00, 0.00, 0.00, 17.30
18:15:34.943 , Vol+O2, 48188.00, 0.00, 0.00, 17.30
18:15:34.943 , Vol+O2, 48223.00, 0.00, 0.00, 17.37
18:15:34.945 , Vol+O2, 48258.00, 0.00, 0.00, 17.37
18:15:34.982 , Vol+O2, 48293.00, 0.00, 0.00, 17.37
18:15:34.982 , Vol+O2, 48328.00, 0.00, 0.00, 17.37
18:15:34.982 , Vol+O2, 48363.00, 0.00, 0.00, 17.45
18:15:34.985 , Vol+O2, 48398.00, 0.00, 0.00, 17.45
18:15:34.985 , Vol+O2, 48433.00, 0.00, 0.00, 17.45
18:15:34.985 , Vol+O2, 48468.00, 0.00, 0.00, 17.45
18:15:34.985 , Vol+O2, 48503.00, 0.00, 0.00, 17.45
18:15:34.987 , Vol+O2, 48538.00, 0.00, 0.00, 17.51
18:15:34.987 , Vol+O2, 48573.00, 0.00, 0.00, 17.51
18:15:34.987 , Vol+O2, 48608.00, 0.00, 0.00, 17.51
18:15:35.008 , Vol+O2, 48643.00, 0.00, 0.00, 17.51
18:15:35.008 , Vol+O2, 48678.00, 0.00, 0.00, 17.60
18:15:35.008 , Vol+O2, 48713.00, 0.00, 0.00, 17.60
18:15:35.008 , Vol+O2, 48748.00, 0.00, 0.00, 17.60
18:15:35.010 , Vol+O2, 48783.00, 0.00, 0.00, 17.60
18:15:35.010 , Vol+O2, 48818.00, 0.00, 0.00, 17.69
18:15:35.011 , Vol+O2, 48853.00, 0.00, 0.00, 17.69
18:15:35.011 , Vol+O2, 48888.00, 0.00, 0.00, 17.69
18:15:35.012 , Vol+O2, 48923.00, 0.00, 0.00, 17.69
18:15:35.012 , Vol+O2, 48958.00, 0.00, 0.00, 17.69
18:15:35.019 , Vol+O2, 48993.00, 0.00, 0.00, 17.78
18:15:35.019 , Vol+O2, 49028.00, 0.00, 0.00, 17.78
18:15:35.021 , Vol+O2, 49063.00, 0.00, 0.00, 17.78
18:15:35.021 , Vol+O2, 49098.00, 0.00, 0.00, 17.78
18:15:35.024 , Vol+O2, 49133.00, 0.00, 0.00, 17.87
18:15:35.024 , Vol+O2, 49168.00, 0.00, 0.00, 17.87
18:15:35.050 , Vol+O2, 49203.00, 0.00, 0.00, 17.87
18:15:35.050 , Vol+O2, 49238.00, 0.00, 0.00, 17.87
18:15:35.062 , Vol+O2, 49273.00, 0.00, 0.00, 17.96
18:15:35.062 , Vol+O2, 49308.00, 0.00, 0.00, 17.96
18:15:35.064 , Vol+O2, 49343.00, 0.00, 0.00, 17.96
18:15:35.064 , Vol+O2, 49378.00, 0.00, 0.00, 17.96
18:15:35.069 , Vol+O2, 49413.00, 0.00, 0.00, 18.05
18:15:35.069 , Vol+O2, 49448.00, 0.00, 0.00, 18.05
18:15:35.072 , Vol+O2, 49483.00, 0.00, 0.00, 18.05
18:15:35.072 , Vol+O2, 49518.00, 0.00, 0.00, 18.05
18:15:35.072 , Vol+O2, 49553.00, 0.00, 0.00, 18.05
18:15:35.074 , Vol+O2, 49588.00, 0.00, 0.00, 18.11
18:15:35.074 , Vol+O2, 49623.00, 0.00, 0.00, 18.11
18:15:35.074 , Vol+O2, 49658.00, 0.00, 0.00, 18.11
18:15:35.074 , Vol+O2, 49693.00, 0.00, 0.00, 18.11
18:15:35.082 , Vol+O2, 49728.00, 0.00, 0.00, 18.20
18:15:35.082 , Vol+O2, 49763.00, 0.00, 0.00, 18.20
18:15:35.087 , Vol+O2, 49798.00, 0.00, 0.00, 18.20
18:15:35.087 , Vol+O2, 49833.00, 0.00, 0.00, 18.20
18:15:35.090 , Vol+O2, 49868.00, 0.00, 0.00, 18.29
18:15:35.090 , Vol+O2, 49903.00, 0.00, 0.00, 18.29
18:15:35.092 , Vol+O2, 49938.00, 0.00, 0.00, 18.29
18:15:35.092 , Vol+O2, 49973.00, 0.00, 0.00, 18.29
18:15:35.095 , Vol+O2, 50008.00, 0.00, 0.00, 18.29
18:15:35.095 , Vol+O2, 50043.00, 0.00, 0.00, 18.38
18:15:35.100 , Vol+O2, 50078.00, 0.00, 0.00, 18.38
18:15:35.100 , Vol+O2, 50113.00, 0.00, 0.00, 18.38
18:15:35.102 , Vol+O2, 50148.00, 0.00, 0.00, 18.38
18:15:35.102 , Vol+O2, 50183.00, 0.00, 0.00, 18.47
18:15:35.121 , Vol+O2, 50218.00, 0.00, 0.00, 18.47
18:15:35.121 , Vol+O2, 50253.00, 0.00, 0.00, 18.47
18:15:35.124 , Vol+O2, 50288.00, 0.00, 0.00, 18.47
18:15:35.124 , Vol+O2, 50323.00, 0.00, 0.00, 18.53
18:15:35.126 , Vol+O2, 50358.00, 0.00, 0.00, 18.53
18:15:35.126 , Vol+O2, 50393.00, 0.00, 0.00, 18.53
18:15:35.127 , Vol+O2, 50428.00, 0.00, 0.00, 18.53
18:15:35.127 , Vol+O2, 50463.00, 0.00, 0.00, 18.62
18:15:35.128 , Vol+O2, 50498.00, 0.00, 0.00, 18.62
18:15:35.128 , Vol+O2, 50533.00, 0.00, 0.00, 18.62
18:15:35.129 , Vol+O2, 50568.00, 0.00, 0.00, 18.62
18:15:35.129 , Vol+O2, 50603.00, 0.00, 0.00, 18.62
18:15:35.136 , Vol+O2, 50638.00, 0.00, 0.00, 18.68
18:15:35.136 , Vol+O2, 50673.00, 0.00, 0.00, 18.68
18:15:35.138 , Vol+O2, 50708.00, 0.00, 0.00, 18.68
18:15:35.138 , Vol+O2, 50743.00, 0.00, 0.00, 18.68
18:15:35.140 , Vol+O2, 50778.00, 0.00, 0.00, 18.74
18:15:35.140 , Vol+O2, 50813.00, 0.00, 0.00, 18.74
18:15:35.145 , Vol+O2, 50848.00, 0.00, 0.00, 18.74
18:15:35.145 , Vol+O2, 50883.00, 0.00, 0.00, 18.74
18:15:35.145 , Vol+O2, 50918.00, 0.00, 0.00, 18.80
18:15:35.147 , Vol+O2, 50953.00, 0.00, 0.00, 18.80
18:15:35.200 , Vol+O2, 50988.00, 0.00, 0.00, 18.80
18:15:35.200 , Vol+O2, 51024.00, 0.00, 0.00, 18.80
