20:08:57.105 , TTPPH, 21553, 26.76, 26.65, 100076.09, 100053.60, 46.49
20:09:07.156 , Vol+O2, 26686.00, -4.27, -4.27, 20.96
20:09:07.157 , Vol+O2, 26723.00, 0.41, 0.63, 20.96
20:09:07.158 , Vol+O2, 26760.00, 0.00, -0.26, 20.96
20:09:07.158 , Vol+O2, 26797.00, 0.00, -0.26, 20.96
20:09:07.163 , Vol+O2, 26834.00, 0.00, -0.26, 20.96
20:09:07.163 , Vol+O2, 26870.00, 0.00, -0.26, 20.96
20:09:07.164 , Vol+O2, 26907.00, 0.00, -0.26, 20.96
20:09:07.164 , Vol+O2, 26944.00, -0.32, -0.26, 20.93
20:09:07.165 , Vol+O2, 26981.00, -0.32, -0.46, 20.93
20:09:07.168 , Vol+O2, 27018.00, 0.00, -0.26, 20.93
20:09:07.168 , Vol+O2, 27055.00, 0.00, -0.26, 20.93
20:09:07.168 , Vol+O2, 27092.00, 0.00, -0.46, 20.93
20:09:07.173 , Vol+O2, 27129.00, -0.50, -0.46, 20.93
20:09:07.173 , Vol+O2, 27166.00, 0.00, -0.26, 20.93
20:09:07.220 , Vol+O2, 27203.00, 0.00, -0.26, 20.93
20:09:07.221 , Vol+O2, 27240.00, -0.32, -0.46, 20.93
20:09:07.221 , Vol+O2, 27277.00, 0.00, 0.00, 20.93
20:09:07.223 , Vol+O2, 27314.00, 0.00, -0.26, 20.93
20:09:07.223 , Vol+O2, 27351.00, -0.50, -0.26, 20.93
20:09:07.225 , Vol+O2, 27388.00, -0.50, 0.00, 20.93
20:09:07.225 , Vol+O2, 27425.00, -0.32, -0.86, 20.93
20:09:07.225 , Vol+O2, 27462.00, 0.29, -1.25, 20.93
20:09:07.225 , Vol+O2, 27498.00, 0.00, -0.26, 20.93
20:09:07.306 , Vol+O2, 27534.00, 0.00, -0.26, 20.93
20:09:07.308 , Vol+O2, 27571.00, -0.50, -0.26, 20.93
20:09:07.308 , Vol+O2, 27608.00, 0.00, -0.46, 20.93
20:09:07.310 , Vol+O2, 27645.00, 0.00, -0.26, 20.93
20:09:07.310 , Vol+O2, 27682.00, 0.00, -0.26, 20.93
20:09:07.311 , Vol+O2, 27719.00, 0.00, -0.26, 20.93
20:09:07.311 , Vol+O2, 27756.00, 0.00, -0.26, 20.93
20:09:07.313 , Vol+O2, 27793.00, 0.00, -0.46, 20.93
20:09:07.313 , Vol+O2, 27830.00, 0.00, -0.46, 20.93
20:09:07.315 , Vol+O2, 27867.00, 0.00, -0.26, 20.93
20:09:07.315 , Vol+O2, 27904.00, 0.00, -0.26, 20.93
20:09:07.319 , Vol+O2, 27941.00, 0.00, -0.26, 20.93
20:09:07.319 , Vol+O2, 27978.00, -0.50, -0.26, 20.96
20:09:07.321 , Vol+O2, 28015.00, 0.00, -0.26, 20.96
20:09:07.321 , Vol+O2, 28052.00, 0.00, -0.26, 20.96
20:09:07.326 , Vol+O2, 28089.00, 0.00, -0.26, 20.96
20:09:07.326 , Vol+O2, 28126.00, -0.32, -0.46, 20.96
20:09:07.326 , Vol+O2, 28163.00, 0.00, -0.26, 20.96
20:09:07.328 , Vol+O2, 28200.00, 0.00, -0.26, 20.96
20:09:07.357 , Vol+O2, 28237.00, 0.00, -0.46, 20.96
20:09:07.357 , Vol+O2, 28274.00, 0.00, -0.26, 20.96
20:09:07.408 , Vol+O2, 28311.00, 0.00, -0.46, 20.96
20:09:07.408 , Vol+O2, 28348.00, 0.00, -0.26, 20.96
20:09:07.410 , Vol+O2, 28385.00, -0.32, -0.26, 20.96
20:09:07.412 , Vol+O2, 28422.00, 0.00, -0.46, 20.96
20:09:07.412 , Vol+O2, 28459.00, -0.32, -0.46, 20.93
20:09:07.413 , Vol+O2, 28496.00, -0.32, -0.26, 20.93
20:09:07.413 , Vol+O2, 28533.00, -0.50, -0.26, 20.93
20:09:07.416 , Vol+O2, 28570.00, -0.50, -0.26, 20.93
20:09:07.416 , Vol+O2, 28607.00, 0.00, -0.26, 20.93
20:09:07.419 , Vol+O2, 28644.00, -0.32, -0.26, 20.93
20:09:07.419 , Vol+O2, 28681.00, 0.00, -0.46, 20.93
20:09:07.420 , Vol+O2, 28718.00, 0.00, -0.26, 20.93
20:09:07.420 , Vol+O2, 28755.00, 0.00, -0.26, 20.93
20:09:07.424 , Vol+O2, 28792.00, 0.00, -0.46, 20.93
20:09:07.424 , Vol+O2, 28829.00, 0.00, -0.26, 20.93
20:09:07.449 , Vol+O2, 28866.00, -0.32, -0.26, 20.93
20:09:07.449 , Vol+O2, 28902.00, 0.00, -0.26, 20.93
20:09:07.450 , Vol+O2, 28939.00, 0.00, -0.26, 20.93
20:09:07.451 , Vol+O2, 28976.00, 0.00, -0.46, 20.93
20:09:07.451 , Vol+O2, 29013.00, 0.00, -0.46, 20.93
20:09:07.453 , Vol+O2, 29050.00, 0.00, -0.46, 20.93
20:09:07.453 , Vol+O2, 29087.00, 0.00, -0.26, 20.93
20:09:07.455 , Vol+O2, 29124.00, 0.00, -0.26, 20.93
20:09:07.455 , Vol+O2, 29161.00, 0.00, -0.46, 20.93
20:09:07.482 , Vol+O2, 29198.00, 0.00, -0.26, 20.93
20:09:07.482 , Vol+O2, 29235.00, 0.00, -0.46, 20.93
20:09:07.524 , Vol+O2, 29272.00, 0.00, -0.26, 20.93
20:09:07.524 , Vol+O2, 29309.00, 0.00, -0.46, 20.93
20:09:07.526 , Vol+O2, 29346.00, 0.00, -0.26, 20.93
20:09:07.526 , Vol+O2, 29383.00, 0.00, -0.46, 20.93
20:09:07.527 , Vol+O2, 29420.00, -0.32, -0.26, 20.93
20:09:07.527 , Vol+O2, 29457.00, -0.32, -0.26, 20.93
20:09:07.530 , Vol+O2, 29494.00, 0.00, -0.26, 20.93
20:09:07.532 , Vol+O2, 29531.00, 0.00, -0.26, 20.93
20:09:07.532 , Vol+O2, 29568.00, 0.00, -0.46, 20.93
20:09:07.535 , Vol+O2, 29605.00, 0.00, -0.26, 20.93
20:09:07.535 , Vol+O2, 29642.00, 0.00, -0.26, 20.93
20:09:07.539 , Vol+O2, 29679.00, 0.00, -0.26, 20.93
20:09:07.539 , Vol+O2, 29716.00, 0.00, -0.26, 20.93
20:09:07.544 , Vol+O2, 29753.00, 0.00, -0.26, 20.93
20:09:07.544 , Vol+O2, 29790.00, 0.00, -0.26, 20.93
20:09:07.546 , Vol+O2, 29827.00, 0.00, -0.26, 20.93
20:09:07.546 , Vol+O2, 29864.00, 0.00, -0.46, 20.93
20:09:07.549 , Vol+O2, 29901.00, 0.00, -0.26, 20.93
20:09:07.578 , Vol+O2, 29938.00, 0.00, -0.26, 20.93
20:09:07.578 , Vol+O2, 29975.00, 0.00, -0.46, 20.93
20:09:07.602 , Vol+O2, 30012.00, 0.00, -0.26, 20.93
20:09:07.602 , Vol+O2, 30049.00, 0.00, -0.26, 20.93
20:09:07.606 , Vol+O2, 30086.00, 0.00, -0.26, 20.93
20:09:07.606 , Vol+O2, 30123.00, 0.00, -0.26, 20.93
20:09:07.607 , Vol+O2, 30160.00, 0.00, -0.26, 20.93
20:09:07.607 , Vol+O2, 30197.00, 0.00, -0.26, 20.93
20:09:07.610 , Vol+O2, 30234.00, 0.00, -0.27, 20.93
20:09:07.610 , Vol+O2, 30270.00, -0.32, -0.46, 20.93
20:09:07.612 , Vol+O2, 30307.00, 0.00, -0.27, 20.93
20:09:07.612 , Vol+O2, 30344.00, -0.32, -0.26, 20.93
20:09:07.610 , Vol+O2, 30381.00, -0.32, -0.26, 20.93
20:09:07.618 , Vol+O2, 30418.00, -0.32, -0.46, 20.93
20:09:07.618 , Vol+O2, 30455.00, -0.32, -0.26, 20.93
20:09:07.643 , Vol+O2, 30492.00, -0.32, -0.27, 20.93
20:09:07.643 , Vol+O2, 30529.00, 0.00, -0.26, 20.93
20:09:07.644 , Vol+O2, 30566.00, 0.00, -0.27, 20.93
20:09:07.644 , Vol+O2, 30603.00, 0.00, -0.26, 20.93
20:09:07.645 , Vol+O2, 30640.00, 0.00, -0.26, 20.93
20:09:07.646 , Vol+O2, 30677.00, 0.21, -0.27, 20.93
20:09:07.646 , Vol+O2, 30714.00, -0.50, -0.27, 20.96
20:09:07.647 , Vol+O2, 30751.00, -0.32, -0.46, 20.96
20:09:07.647 , Vol+O2, 30788.00, -0.32, -0.27, 20.96
20:09:07.690 , Vol+O2, 30825.00, -0.70, -0.27, 20.96
20:09:07.690 , Vol+O2, 30862.00, 0.00, -0.27, 20.96
20:09:07.692 , Vol+O2, 30899.00, 0.00, -0.27, 20.93
20:09:07.692 , Vol+O2, 30936.00, 0.00, -0.46, 20.93
20:09:07.695 , Vol+O2, 30973.00, 0.00, -0.27, 20.93
20:09:07.695 , Vol+O2, 31010.00, 0.00, -0.27, 20.93
20:09:07.696 , Vol+O2, 31047.00, -0.32, -0.27, 20.93
20:09:07.697 , Vol+O2, 31084.00, -0.32, -0.46, 20.93
20:09:07.697 , Vol+O2, 31121.00, 0.00, -0.27, 20.93
20:09:07.710 , Vol+O2, 31158.00, 0.00, -0.27, 20.93
20:09:07.710 , Vol+O2, 31195.00, 0.00, -0.46, 20.93
20:09:07.712 , Vol+O2, 31232.00, 0.00, -0.27, 20.93
20:09:07.712 , Vol+O2, 31269.00, 0.00, -0.27, 20.93
20:09:07.714 , Vol+O2, 31306.00, 0.00, -0.27, 20.93
20:09:07.714 , Vol+O2, 31343.00, 0.00, -0.27, 20.93
20:09:07.715 , Vol+O2, 31380.00, 0.00, -0.27, 20.93
20:09:07.715 , Vol+O2, 31417.00, 0.00, -0.27, 20.93
20:09:07.717 , Vol+O2, 31454.00, 0.00, -0.27, 20.93
20:09:07.718 , Vol+O2, 31491.00, 0.00, -0.27, 20.93
20:09:07.718 , Vol+O2, 31528.00, 0.00, -0.27, 20.93
20:09:07.719 , Vol+O2, 31565.00, 0.00, -0.27, 20.93
20:09:12.737 , Vol+O2, 31602.00, 0.00, -0.27, 20.93
20:09:12.756 , Vol+O2, 31642.00, 0.00, -0.27, 20.93
20:09:12.759 , Vol+O2, 31678.00, 0.00, -0.27, 20.93
20:09:12.759 , Vol+O2, 31715.00, 0.00, -0.27, 20.93
20:09:12.762 , Vol+O2, 31752.00, 0.00, -0.46, 20.93
20:09:12.762 , Vol+O2, 31788.00, 0.00, -0.27, 20.93
20:09:12.763 , Vol+O2, 31825.00, 0.00, -0.27, 20.93
20:09:12.763 , Vol+O2, 31862.00, 0.00, -0.27, 20.93
20:09:12.766 , Vol+O2, 31900.00, 0.00, -0.27, 20.93
20:09:12.766 , Vol+O2, 31937.00, 0.00, -0.27, 20.93
20:09:12.771 , Vol+O2, 31974.00, 0.00, -0.46, 20.93
20:09:12.771 , Vol+O2, 32011.00, 0.00, -0.46, 20.93
20:09:12.774 , Vol+O2, 32047.00, 0.00, -0.27, 20.93
20:09:12.774 , Vol+O2, 32085.00, 0.00, -0.27, 20.93
20:09:12.777 , Vol+O2, 32126.00, 0.00, -0.46, 20.93
20:09:12.777 , Vol+O2, 32162.00, 0.00, -0.27, 20.93
20:09:12.779 , Vol+O2, 32198.00, 0.00, -0.27, 20.93
20:09:12.779 , Vol+O2, 32235.00, 0.00, -0.27, 20.95
20:09:12.785 , Vol+O2, 32272.00, 0.00, -0.46, 20.95
20:09:12.785 , Vol+O2, 32309.00, 0.00, -0.27, 20.95
20:09:12.788 , Vol+O2, 32346.00, 0.00, -0.27, 20.95
20:09:12.788 , Vol+O2, 32383.00, 0.00, -0.27, 20.95
20:09:12.790 , Vol+O2, 32420.00, 0.00, -0.27, 20.96
20:09:12.790 , Vol+O2, 32457.00, 0.00, -0.27, 20.96
20:09:12.844 , Vol+O2, 32494.00, 0.00, -0.27, 20.96
20:09:12.844 , Vol+O2, 32531.00, 0.00, -0.27, 20.96
20:09:12.844 , Vol+O2, 32568.00, 0.00, -0.27, 20.93
20:09:12.844 , Vol+O2, 32605.00, 0.00, -0.27, 20.93
20:09:12.846 , Vol+O2, 32642.00, 0.00, -0.27, 20.93
20:09:12.844 , Vol+O2, 32679.00, 0.00, -0.27, 20.93
20:09:12.847 , Vol+O2, 32716.00, 0.00, -0.46, 20.93
20:09:12.848 , Vol+O2, 32753.00, 0.00, -0.27, 20.93
20:09:12.848 , Vol+O2, 32790.00, 0.00, -0.27, 20.93
20:09:12.855 , Vol+O2, 32827.00, 0.00, -0.27, 20.93
20:09:12.855 , Vol+O2, 32864.00, 0.00, -0.27, 20.93
20:09:12.881 , Vol+O2, 32901.00, 0.00, -0.27, 20.93
20:09:12.881 , Vol+O2, 32938.00, 0.00, -0.46, 20.93
20:09:12.882 , Vol+O2, 32975.00, 0.00, -0.27, 20.93
20:09:12.882 , Vol+O2, 33012.00, 0.00, -0.27, 20.77
20:09:12.884 , Vol+O2, 33049.00, 0.00, -0.27, 20.77
20:09:12.884 , Vol+O2, 33086.00, 0.00, -0.27, 20.77
20:09:12.887 , Vol+O2, 33123.00, 0.00, -0.46, 20.77
20:09:12.887 , Vol+O2, 33159.00, 0.00, -0.46, 20.93
20:09:12.892 , Vol+O2, 33196.00, 0.00, -0.46, 20.93
20:09:12.892 , Vol+O2, 33233.00, 0.00, -0.27, 20.93
20:09:12.898 , Vol+O2, 33270.00, 0.00, -0.27, 20.93
20:09:12.898 , Vol+O2, 33307.00, 0.00, -0.27, 20.93
20:09:12.901 , Vol+O2, 33344.00, 0.00, -0.46, 20.93
20:09:12.901 , Vol+O2, 33381.00, 0.00, -0.27, 20.93
20:09:12.903 , Vol+O2, 33418.00, 0.00, -0.27, 20.93
20:09:12.928 , Vol+O2, 33455.00, 0.00, -0.27, 20.96
20:09:12.928 , Vol+O2, 33492.00, 0.00, -0.27, 20.96
20:09:12.936 , Vol+O2, 33529.00, 0.00, -0.27, 20.96
20:09:12.936 , Vol+O2, 33566.00, 0.00, -0.27, 20.96
20:09:12.938 , Vol+O2, 33603.00, 0.00, -0.27, 20.93
20:09:12.938 , Vol+O2, 33640.00, 0.00, -0.46, 20.93
20:09:12.938 , Vol+O2, 33677.00, 0.00, -0.27, 20.93
20:09:12.940 , Vol+O2, 33714.00, 0.00, -0.27, 20.93
20:09:12.943 , Vol+O2, 33751.00, 0.00, -0.27, 20.93
20:09:12.943 , Vol+O2, 33788.00, 0.00, -0.27, 20.96
20:09:12.959 , Vol+O2, 33825.00, 0.00, -0.27, 20.96
20:09:12.959 , Vol+O2, 33862.00, 0.00, -0.46, 20.96
20:09:12.959 , Vol+O2, 33899.00, 0.00, -0.27, 20.96
20:09:12.959 , Vol+O2, 33936.00, 0.00, -0.27, 20.93
20:09:12.963 , Vol+O2, 33973.00, 0.00, -0.46, 20.93
20:09:12.963 , Vol+O2, 34010.00, 0.00, -0.27, 20.93
20:09:12.963 , Vol+O2, 34047.00, 0.00, -0.27, 20.93
20:09:12.963 , Vol+O2, 34084.00, 0.00, -0.46, 20.93
20:09:12.992 , Vol+O2, 34121.00, 0.00, -0.27, 20.93
20:09:13.003 , Vol+O2, 34158.00, 0.00, -0.27, 20.93
20:09:13.003 , Vol+O2, 34195.00, 0.00, -0.27, 20.93
20:09:13.005 , Vol+O2, 34232.00, 0.00, -0.46, 20.93
20:09:13.005 , Vol+O2, 34269.00, 0.00, -0.27, 20.93
20:09:13.016 , Vol+O2, 34306.00, 0.00, -0.27, 20.93
20:09:13.016 , Vol+O2, 34343.00, 0.00, -0.27, 20.93
20:09:13.038 , Vol+O2, 34380.00, 0.00, -0.27, 20.93
20:09:13.039 , Vol+O2, 34417.00, 0.00, -0.46, 20.93
20:09:13.039 , Vol+O2, 34454.00, 0.00, -0.27, 20.93
20:09:13.041 , Vol+O2, 34491.00, 0.00, -0.27, 20.93
20:09:13.041 , Vol+O2, 34527.00, 0.00, -0.27, 20.93
20:09:13.044 , Vol+O2, 34564.00, 0.00, -0.27, 20.93
20:09:13.044 , Vol+O2, 34601.00, 0.00, -0.46, 20.93
20:09:13.044 , Vol+O2, 34638.00, 0.00, -0.27, 20.93
20:09:13.044 , Vol+O2, 34675.00, 0.00, -0.27, 20.93
20:09:13.046 , Vol+O2, 34712.00, 0.00, -0.27, 20.93
20:09:13.047 , Vol+O2, 34749.00, 0.00, -0.27, 20.93
20:09:13.047 , Vol+O2, 34786.00, 0.00, -0.27, 20.93
20:09:13.048 , Vol+O2, 34823.00, 0.00, -0.46, 20.93
20:09:13.048 , Vol+O2, 34860.00, 0.00, -0.27, 20.93
20:09:13.059 , Vol+O2, 34897.00, 0.00, -0.27, 20.93
20:09:13.059 , Vol+O2, 34934.00, 0.00, -0.27, 20.93
20:09:13.062 , Vol+O2, 34971.00, 0.00, -0.27, 20.96
20:09:13.062 , Vol+O2, 35008.00, 0.00, -0.27, 20.96
20:09:13.063 , Vol+O2, 35045.00, 0.00, -0.27, 20.96
20:09:13.063 , Vol+O2, 35082.00, -0.32, -0.27, 20.96
20:09:13.067 , Vol+O2, 35119.00, 0.00, -0.46, 20.96
20:09:13.067 , Vol+O2, 35156.00, 0.00, -0.27, 20.96
20:09:13.070 , Vol+O2, 35193.00, -0.32, -0.27, 20.96
20:09:13.070 , Vol+O2, 35230.00, 0.00, -0.46, 20.96
20:09:13.076 , Vol+O2, 35267.00, 0.00, -0.27, 20.96
20:09:13.076 , Vol+O2, 35304.00, 0.00, -0.27, 20.94
20:09:13.079 , Vol+O2, 35341.00, 0.00, -0.27, 20.94
20:09:13.079 , Vol+O2, 35378.00, 0.00, -0.27, 20.94
20:09:13.147 , Vol+O2, 35415.00, 0.00, -0.27, 20.94
20:09:13.147 , Vol+O2, 35452.00, 0.00, -0.46, 20.93
20:09:13.149 , Vol+O2, 35489.00, 0.00, -0.27, 20.93
20:09:13.149 , Vol+O2, 35526.00, 0.00, -0.27, 20.93
20:09:13.149 , Vol+O2, 35563.00, 0.00, -0.27, 20.93
20:09:13.149 , Vol+O2, 35600.00, 0.00, -0.27, 20.93
20:09:13.151 , Vol+O2, 35637.00, 0.00, -0.27, 20.93
20:09:13.151 , Vol+O2, 35674.00, 0.00, -0.27, 20.93
20:09:13.152 , Vol+O2, 35711.00, 0.00, -0.46, 20.93
20:09:13.152 , Vol+O2, 35748.00, 0.00, -0.27, 20.93
20:09:13.159 , Vol+O2, 35785.00, 0.00, -0.27, 20.93
20:09:13.159 , Vol+O2, 35822.00, -0.32, -0.46, 20.93
20:09:13.163 , Vol+O2, 35859.00, 0.00, -0.27, 20.93
20:09:13.163 , Vol+O2, 35895.00, 0.00, -0.46, 20.93
20:09:13.165 , Vol+O2, 35932.00, 0.00, -0.27, 20.93
20:09:13.165 , Vol+O2, 35969.00, 0.00, -0.27, 20.93
20:09:13.167 , Vol+O2, 36006.00, 0.00, -0.27, 20.93
20:09:13.167 , Vol+O2, 36043.00, 0.00, -0.27, 20.93
20:09:13.170 , Vol+O2, 36080.00, 0.00, -0.27, 20.93
20:09:13.170 , Vol+O2, 36117.00, 0.00, -0.27, 20.93
20:09:13.170 , Vol+O2, 36154.00, 0.00, -0.46, 20.93
20:09:13.173 , Vol+O2, 36191.00, 0.00, -0.46, 20.93
20:09:13.173 , Vol+O2, 36228.00, 0.00, -0.27, 20.93
20:09:13.257 , Vol+O2, 36265.00, -0.32, -0.27, 20.93
20:09:13.257 , Vol+O2, 36302.00, -0.32, -0.27, 20.93
20:09:13.259 , Vol+O2, 36339.00, 0.00, -0.46, 20.96
20:09:13.260 , Vol+O2, 36376.00, 0.00, -0.27, 20.96
20:09:13.260 , Vol+O2, 36413.00, 0.00, -0.27, 20.96
20:09:13.262 , Vol+O2, 36449.00, -0.32, -0.27, 20.96
20:09:13.262 , Vol+O2, 36486.00, 0.42, -0.27, 20.96
20:09:13.266 , Vol+O2, 36523.00, -0.88, -0.27, 20.93
20:09:13.266 , Vol+O2, 36560.00, 0.00, -0.27, 20.93
20:09:13.267 , Vol+O2, 36597.00, 0.00, -0.46, 20.93
20:09:13.296 , Vol+O2, 36634.00, -0.50, -0.27, 20.93
20:09:13.296 , Vol+O2, 36671.00, -0.50, -0.27, 20.93
20:09:13.298 , Vol+O2, 36708.00, 0.00, -0.27, 20.93
20:09:13.298 , Vol+O2, 36745.00, 0.00, -0.27, 20.93
20:09:13.302 , Vol+O2, 36782.00, 0.00, -0.27, 20.93
20:09:13.302 , Vol+O2, 36819.00, -0.32, -0.46, 20.93
20:09:13.304 , Vol+O2, 36856.00, 0.00, -0.27, 20.93
20:09:13.304 , Vol+O2, 36893.00, 0.00, -0.46, 20.93
20:09:13.328 , Vol+O2, 36930.00, -0.32, -0.27, 20.93
20:09:13.328 , Vol+O2, 36967.00, 0.00, -0.27, 20.93
20:09:13.351 , Vol+O2, 37004.00, 0.00, -0.46, 20.93
20:09:13.351 , Vol+O2, 37041.00, 0.00, -0.27, 20.93
20:09:13.351 , Vol+O2, 37077.00, -0.50, -0.27, 20.93
20:09:13.353 , Vol+O2, 37113.00, -0.70, -0.27, 20.96
20:09:13.355 , Vol+O2, 37150.00, -0.32, -0.27, 20.96
20:09:18.541 , Vol+O2, 37189.00, 0.00, -0.46, 20.96
20:09:18.546 , Vol+O2, 37225.00, -0.32, -0.27, 20.96
20:09:18.546 , Vol+O2, 37264.00, 0.00, -0.27, 20.96
20:09:18.550 , Vol+O2, 37301.00, 0.00, -0.27, 20.96
20:09:18.550 , Vol+O2, 37338.00, 0.00, -0.27, 20.96
20:09:18.552 , Vol+O2, 37375.00, -0.32, -0.46, 20.96
20:09:18.552 , Vol+O2, 37412.00, 0.00, -0.27, 20.93
20:09:18.553 , Vol+O2, 37449.00, 0.00, -0.46, 20.93
20:09:18.553 , Vol+O2, 37488.00, 0.00, -0.27, 20.93
20:09:18.554 , Vol+O2, 37527.00, 0.00, -0.46, 20.93
20:09:18.555 , Vol+O2, 37565.00, 0.00, -0.27, 20.93
20:09:18.555 , Vol+O2, 37602.00, -0.32, -0.27, 20.93
20:09:18.560 , Vol+O2, 37641.00, -0.32, -0.27, 20.93
20:09:18.560 , Vol+O2, 37677.00, 0.00, -0.27, 20.93
20:09:18.561 , Vol+O2, 37714.00, 0.00, -0.46, 20.93
20:09:18.563 , Vol+O2, 37751.00, 0.00, -0.27, 20.93
20:09:18.563 , Vol+O2, 37788.00, 0.00, -0.27, 20.93
20:09:18.593 , Vol+O2, 37824.00, 0.00, -0.46, 20.93
20:09:18.593 , Vol+O2, 37861.00, 0.00, -0.27, 20.96
20:09:18.595 , Vol+O2, 37898.00, 0.00, -0.27, 20.96
20:09:18.595 , Vol+O2, 37935.00, 0.00, -0.27, 20.96
20:09:18.611 , Vol+O2, 37972.00, -0.32, -0.27, 20.96
20:09:18.611 , Vol+O2, 38009.00, 0.00, -0.27, 20.96
20:09:18.655 , Vol+O2, 38046.00, 0.00, -0.27, 20.96
20:09:18.655 , Vol+O2, 38083.00, 0.00, -0.27, 20.96
20:09:18.656 , Vol+O2, 38120.00, 0.00, -0.27, 20.96
20:09:18.656 , Vol+O2, 38157.00, 0.00, -0.46, 20.96
20:09:18.659 , Vol+O2, 38194.00, 0.00, -0.27, 20.93
20:09:18.659 , Vol+O2, 38231.00, 0.00, -0.27, 20.93
20:09:18.661 , Vol+O2, 38268.00, 0.00, -0.27, 20.93
20:09:18.661 , Vol+O2, 38305.00, 0.00, -0.27, 20.93
20:09:18.664 , Vol+O2, 38342.00, 0.00, -0.27, 20.93
20:09:18.664 , Vol+O2, 38379.00, 0.00, -0.27, 20.93
20:09:18.664 , Vol+O2, 38416.00, 0.00, -0.27, 20.93
20:09:18.666 , Vol+O2, 38453.00, 0.00, -0.46, 20.93
20:09:18.666 , Vol+O2, 38490.00, 0.46, -0.46, 20.93
20:09:18.667 , Vol+O2, 38527.00, 2.30, -0.27, 20.93
20:09:18.667 , Vol+O2, 38564.00, 4.18, -0.27, 20.93
20:09:18.669 , Vol+O2, 38601.00, 5.94, -0.27, 20.93
20:09:18.737 , Vol+O2, 38638.00, 6.66, -0.27, 20.93
20:09:18.737 , Vol+O2, 38675.00, 8.27, -0.27, 20.93
20:09:18.751 , Vol+O2, 38712.00, 8.90, -0.27, 20.93
20:09:18.751 , Vol+O2, 38749.00, 9.00, -0.46, 20.93
20:09:18.774 , Vol+O2, 38785.00, 9.18, -0.27, 20.93
20:09:18.780 , Vol+O2, 38822.00, 8.62, -0.27, 20.93
20:09:18.780 , Vol+O2, 38859.00, 8.22, -0.27, 20.93
20:09:18.782 , Vol+O2, 38896.00, 8.44, -0.46, 20.93
20:09:18.782 , Vol+O2, 38933.00, 8.62, -0.27, 20.93
20:09:18.783 , Vol+O2, 38970.00, 8.22, -0.27, 20.93
20:09:18.783 , Vol+O2, 39007.00, 8.78, -0.27, 20.93
20:09:18.783 , Vol+O2, 39044.00, 8.33, -0.27, 20.93
20:09:18.785 , Vol+O2, 39081.00, 9.63, -0.27, 20.93
20:09:18.785 , Vol+O2, 39118.00, 9.75, -0.27, 20.93
20:09:18.787 , Vol+O2, 39155.00, 10.28, -0.27, 20.93
20:09:18.787 , Vol+O2, 39192.00, 10.16, -0.27, 20.93
20:09:18.787 , Vol+O2, 39229.00, 11.00, -0.27, 20.96
20:09:18.790 , Vol+O2, 39266.00, 10.88, -0.27, 20.96
20:09:18.790 , Vol+O2, 39303.00, 10.34, -0.27, 20.96
20:09:18.794 , Vol+O2, 39339.00, 10.46, -0.27, 20.96
20:09:18.794 , Vol+O2, 39376.00, 11.00, -0.46, 20.96
20:09:18.799 , Vol+O2, 39413.00, 10.52, -0.27, 20.96
20:09:18.799 , Vol+O2, 39450.00, 10.52, -0.46, 20.96
20:09:18.799 , Vol+O2, 39487.00, 9.99, -0.27, 20.96
20:09:18.801 , Vol+O2, 39524.00, 10.28, -0.27, 20.96
20:09:18.801 , Vol+O2, 39561.00, 10.82, -0.27, 20.96
20:09:18.803 , Vol+O2, 39598.00, 10.70, -0.27, 20.96
20:09:18.803 , Vol+O2, 39635.00, 11.00, -0.27, 20.96
20:09:18.821 , Vol+O2, 39672.00, 11.25, -0.27, 20.96
20:09:18.821 , Vol+O2, 39709.00, 10.95, -0.27, 20.93
20:09:18.824 , Vol+O2, 39746.00, 10.82, -0.27, 20.93
20:09:18.824 , Vol+O2, 39783.00, 10.10, -0.46, 20.93
20:09:18.826 , Vol+O2, 39820.00, 10.12, -0.27, 20.93
20:09:18.826 , Vol+O2, 39857.00, 10.46, -0.27, 20.93
20:09:18.827 , Vol+O2, 39894.00, 10.22, -0.27, 20.93
20:09:18.827 , Vol+O2, 39931.00, 10.70, -0.27, 20.93
20:09:18.827 , Vol+O2, 39967.00, 9.75, -0.27, 20.93
20:09:18.856 , Vol+O2, 40003.00, 8.78, -0.27, 20.93
20:09:18.856 , Vol+O2, 40040.00, 8.90, -0.46, 20.93
20:09:18.856 , Vol+O2, 40077.00, 9.59, -0.46, 20.93
20:09:18.859 , Vol+O2, 40114.00, 9.63, -0.27, 20.93
20:09:18.859 , Vol+O2, 40151.00, 9.52, -0.27, 20.93
20:09:18.860 , Vol+O2, 40188.00, 9.18, -0.46, 20.93
20:09:18.860 , Vol+O2, 40225.00, 9.00, -0.27, 20.93
20:09:18.862 , Vol+O2, 40262.00, 9.29, -0.46, 20.93
20:09:18.862 , Vol+O2, 40299.00, 8.73, -0.27, 20.93
20:09:18.864 , Vol+O2, 40336.00, 8.84, -0.27, 20.93
20:09:18.870 , Vol+O2, 40373.00, 9.59, -0.27, 20.93
20:09:18.870 , Vol+O2, 40410.00, 9.52, -0.27, 20.93
20:09:18.891 , Vol+O2, 40447.00, 9.52, -0.27, 20.96
20:09:18.891 , Vol+O2, 40484.00, 9.36, -0.27, 20.96
20:09:18.893 , Vol+O2, 40521.00, 9.46, -0.27, 20.96
20:09:18.893 , Vol+O2, 40558.00, 9.35, -0.27, 20.96
20:09:18.895 , Vol+O2, 40595.00, 9.58, -0.46, 20.96
20:09:18.895 , Vol+O2, 40632.00, 9.47, -0.46, 20.95
20:09:18.898 , Vol+O2, 40669.00, 8.95, -0.27, 20.95
20:09:18.898 , Vol+O2, 40706.00, 8.85, -0.46, 20.95
20:09:18.900 , Vol+O2, 40743.00, 9.35, -0.27, 20.95
20:09:18.900 , Vol+O2, 40780.00, 9.23, -0.27, 20.93
20:09:18.906 , Vol+O2, 40817.00, 9.07, -0.27, 20.93
20:09:18.906 , Vol+O2, 40854.00, 8.16, -0.27, 20.93
20:09:18.909 , Vol+O2, 40891.00, 7.47, -0.27, 20.93
20:09:18.909 , Vol+O2, 40928.00, 6.20, -0.27, 20.93
20:09:18.910 , Vol+O2, 40965.00, 5.44, -0.27, 20.93
20:09:18.910 , Vol+O2, 41002.00, 5.06, -0.27, 20.93
20:09:18.966 , Vol+O2, 41039.00, 4.89, -0.27, 20.93
20:09:18.966 , Vol+O2, 41076.00, 4.94, -0.46, 20.93
20:09:18.966 , Vol+O2, 41113.00, 4.38, -0.27, 20.93
20:09:18.983 , Vol+O2, 41150.00, 3.27, -0.46, 20.93
20:09:18.983 , Vol+O2, 41187.00, 3.05, -0.27, 20.93
20:09:18.985 , Vol+O2, 41224.00, 2.50, -0.27, 20.93
20:09:18.987 , Vol+O2, 41261.00, 1.97, -0.27, 20.93
20:09:18.987 , Vol+O2, 41298.00, 1.62, -0.27, 20.93
20:09:18.988 , Vol+O2, 41335.00, 1.30, -0.46, 20.93
20:09:18.988 , Vol+O2, 41372.00, 0.92, -0.27, 20.96
20:09:18.991 , Vol+O2, 41409.00, 0.83, -0.27, 20.96
20:09:18.991 , Vol+O2, 41446.00, 0.46, -0.27, 20.96
20:09:18.992 , Vol+O2, 41483.00, 0.42, -0.46, 20.96
20:09:18.992 , Vol+O2, 41520.00, 0.33, -0.27, 20.96
20:09:18.996 , Vol+O2, 41557.00, 0.42, -0.27, 20.96
20:09:18.996 , Vol+O2, 41594.00, 0.63, -0.27, 20.96
20:09:18.997 , Vol+O2, 41631.00, 0.71, -0.46, 20.96
20:09:18.997 , Vol+O2, 41668.00, 0.59, -0.27, 20.96
20:09:19.003 , Vol+O2, 41705.00, 0.00, -0.27, 20.96
20:09:19.003 , Vol+O2, 41742.00, 0.00, -0.27, 20.96
20:09:19.006 , Vol+O2, 41779.00, 0.25, -0.27, 20.96
20:09:19.006 , Vol+O2, 41816.00, 0.00, -0.27, 20.95
20:09:19.009 , Vol+O2, 41853.00, 0.21, -0.27, 20.95
20:09:19.009 , Vol+O2, 41890.00, 0.25, -0.46, 20.95
20:09:19.013 , Vol+O2, 41927.00, 0.33, -0.27, 20.95
20:09:19.013 , Vol+O2, 41964.00, 0.42, -0.27, 20.95
20:09:19.015 , Vol+O2, 42001.00, 0.42, -0.46, 20.96
20:09:19.015 , Vol+O2, 42038.00, 0.29, -0.46, 20.96
20:09:19.020 , Vol+O2, 42075.00, -1.08, -0.27, 20.96
20:09:19.020 , Vol+O2, 42112.00, -1.45, -0.46, 20.96
20:09:19.057 , Vol+O2, 42149.00, 0.00, -0.27, 20.93
20:09:19.057 , Vol+O2, 42186.00, 0.50, -0.27, 20.93
20:09:19.060 , Vol+O2, 42223.00, 0.46, -0.27, 20.93
20:09:19.060 , Vol+O2, 42260.00, 0.00, -0.27, 20.93
20:09:19.062 , Vol+O2, 42297.00, -1.26, -0.27, 20.93
20:09:19.062 , Vol+O2, 42334.00, 0.00, -0.27, 20.93
20:09:19.064 , Vol+O2, 42371.00, 0.00, -0.27, 20.93
20:09:19.064 , Vol+O2, 42408.00, -0.51, -0.27, 20.93
20:09:19.066 , Vol+O2, 42445.00, -0.70, -0.27, 20.93
20:09:19.066 , Vol+O2, 42482.00, -0.32, -0.27, 20.93
20:09:19.069 , Vol+O2, 42519.00, 0.00, -0.27, 20.93
20:09:19.069 , Vol+O2, 42556.00, 0.00, -0.27, 20.93
20:09:19.073 , Vol+O2, 42593.00, 0.00, -0.27, 20.93
20:09:19.073 , Vol+O2, 42630.00, 0.00, -0.27, 20.93
20:09:19.097 , Vol+O2, 42667.00, -0.51, -0.27, 20.93
20:09:19.099 , Vol+O2, 42704.00, 0.00, -0.46, 20.93
20:09:19.099 , Vol+O2, 42740.00, 0.33, -0.27, 20.93
20:09:19.099 , Vol+O2, 42777.00, 0.25, -0.27, 20.93
20:09:24.099 , Vol+O2, 42815.00, 0.00, -0.46, 20.93
20:09:24.107 , Vol+O2, 42851.00, -1.83, -0.27, 20.93
20:09:24.107 , Vol+O2, 42888.00, -1.26, 0.00, 20.93
20:09:24.111 , Vol+O2, 42925.00, 0.46, 0.00, 20.93
20:09:24.112 , Vol+O2, 42962.00, 0.33, -0.46, 20.93
20:09:24.112 , Vol+O2, 42999.00, 0.29, -0.27, 20.93
20:09:24.112 , Vol+O2, 43039.00, 0.00, -0.27, 20.93
20:09:24.114 , Vol+O2, 43078.00, -0.70, -0.27, 20.93
20:09:24.114 , Vol+O2, 43115.00, -1.08, -0.27, 20.93
20:09:24.116 , Vol+O2, 43152.00, 0.00, -0.27, 20.93
20:09:24.116 , Vol+O2, 43189.00, 0.00, -0.46, 20.93
20:09:24.118 , Vol+O2, 43226.00, 0.25, -0.27, 20.93
20:09:24.119 , Vol+O2, 43264.00, -0.51, -0.46, 20.93
20:09:24.119 , Vol+O2, 43302.00, 0.00, -0.27, 20.93
20:09:24.126 , Vol+O2, 43342.00, 0.00, -0.27, 20.93
20:09:24.126 , Vol+O2, 43380.00, 0.00, -0.27, 20.93
20:09:24.150 , Vol+O2, 43418.00, 0.00, -0.27, 20.93
20:09:24.150 , Vol+O2, 43455.00, -1.26, -0.27, 20.93
20:09:24.152 , Vol+O2, 43495.00, -0.51, -0.27, 20.96
20:09:24.175 , Vol+O2, 43533.00, 0.00, -0.27, 20.96
20:09:24.175 , Vol+O2, 43568.00, 0.00, -0.27, 20.96
20:09:24.219 , Vol+O2, 43606.00, 0.00, -0.27, 20.96
20:09:24.219 , Vol+O2, 43643.00, -0.32, -0.27, 20.99
20:09:24.223 , Vol+O2, 43680.00, -0.51, -0.46, 20.99
20:09:24.223 , Vol+O2, 43717.00, 0.00, -0.27, 20.99
20:09:24.223 , Vol+O2, 43754.00, 0.00, -0.27, 20.99
20:09:24.223 , Vol+O2, 43791.00, 0.00, -0.27, 20.99
20:09:24.225 , Vol+O2, 43828.00, -0.51, -0.27, 20.96
20:09:24.225 , Vol+O2, 43865.00, -0.88, -0.27, 20.96
20:09:24.225 , Vol+O2, 43902.00, -0.32, -0.27, 20.96
20:09:24.226 , Vol+O2, 43939.00, 0.00, -0.46, 20.96
20:09:24.226 , Vol+O2, 43976.00, 0.00, -0.27, 20.93
20:09:24.228 , Vol+O2, 44013.00, -0.88, -0.27, 20.93
20:09:24.228 , Vol+O2, 44050.00, -1.45, 0.00, 20.93
20:09:24.232 , Vol+O2, 44087.00, 0.71, 1.73, 20.93
20:09:24.232 , Vol+O2, 44124.00, -4.27, 2.93, 20.93
20:09:24.237 , Vol+O2, 44161.00, 0.88, 10.15, 20.93
20:09:24.237 , Vol+O2, 44198.00, 0.00, 12.80, 20.93
20:09:24.264 , Vol+O2, 44235.00, 0.00, 18.96, 20.93
20:09:24.264 , Vol+O2, 44272.00, 0.00, 19.04, 20.93
20:09:24.332 , Vol+O2, 44309.00, 0.00, 21.86, 20.93
20:09:24.332 , Vol+O2, 44346.00, -0.32, 19.54, 20.93
20:09:24.334 , Vol+O2, 44383.00, 0.00, 16.16, 20.93
20:09:24.334 , Vol+O2, 44420.00, 0.00, 15.40, 20.93
20:09:24.337 , Vol+O2, 44457.00, 0.00, 13.89, 20.93
20:09:24.337 , Vol+O2, 44494.00, 0.00, 13.96, 20.93
20:09:24.339 , Vol+O2, 44531.00, 0.00, 12.60, 20.93
20:09:24.339 , Vol+O2, 44568.00, 0.00, 13.00, 20.93
20:09:24.342 , Vol+O2, 44605.00, 0.00, 11.95, 20.93
20:09:24.342 , Vol+O2, 44642.00, 0.00, 10.81, 20.93
20:09:24.343 , Vol+O2, 44679.00, 0.00, 10.32, 20.93
20:09:24.343 , Vol+O2, 44716.00, 0.00, 9.60, 20.95
20:09:24.344 , Vol+O2, 44753.00, 0.00, 8.67, 20.95
20:09:24.344 , Vol+O2, 44790.00, 0.00, 8.79, 20.95
20:09:24.345 , Vol+O2, 44827.00, -0.32, 8.79, 20.95
20:09:24.345 , Vol+O2, 44864.00, 0.00, 7.72, 20.94
20:09:24.349 , Vol+O2, 44901.00, 0.00, 8.39, 20.94
20:09:24.349 , Vol+O2, 44938.00, 0.00, 8.39, 20.94
20:09:24.351 , Vol+O2, 44975.00, -0.32, 7.33, 20.94
20:09:24.351 , Vol+O2, 45012.00, 0.00, 7.33, 20.93
20:09:24.354 , Vol+O2, 45049.00, 0.00, 7.60, 20.93
20:09:24.377 , Vol+O2, 45086.00, 0.00, 6.85, 20.93
20:09:24.377 , Vol+O2, 45123.00, 0.00, 7.66, 20.93
20:09:24.389 , Vol+O2, 45160.00, 0.00, 7.33, 20.93
20:09:24.389 , Vol+O2, 45197.00, -0.32, 7.22, 20.90
20:09:24.390 , Vol+O2, 45234.00, 0.00, 6.74, 20.90
20:09:24.390 , Vol+O2, 45271.00, 0.00, 7.00, 20.90
20:09:24.391 , Vol+O2, 45308.00, 0.00, 6.68, 20.90
20:09:24.391 , Vol+O2, 45345.00, 0.00, 6.53, 20.84
20:09:24.393 , Vol+O2, 45382.00, 0.00, 6.12, 20.84
20:09:24.393 , Vol+O2, 45419.00, 0.00, 6.26, 20.84
20:09:24.395 , Vol+O2, 45456.00, 0.00, 6.26, 20.84
20:09:24.395 , Vol+O2, 45493.00, 0.00, 5.85, 20.75
20:09:24.424 , Vol+O2, 45530.00, 0.00, 5.77, 20.75
20:09:24.424 , Vol+O2, 45567.00, 0.00, 5.77, 20.75
20:09:24.424 , Vol+O2, 45604.00, 0.00, 5.24, 20.75
20:09:24.426 , Vol+O2, 45641.00, 0.00, 5.50, 20.66
20:09:24.428 , Vol+O2, 45678.00, 0.00, 5.72, 20.66
20:09:24.428 , Vol+O2, 45715.00, 0.00, 6.16, 20.66
20:09:24.428 , Vol+O2, 45752.00, 0.00, 5.85, 20.66
20:09:24.428 , Vol+O2, 45789.00, 0.00, 4.83, 20.54
20:09:24.431 , Vol+O2, 45826.00, 0.00, 5.45, 20.54
20:09:24.431 , Vol+O2, 45863.00, 0.00, 6.26, 20.54
20:09:24.435 , Vol+O2, 45900.00, 0.00, 5.68, 20.54
20:09:24.435 , Vol+O2, 45936.00, -0.32, 5.90, 20.45
20:09:24.460 , Vol+O2, 45973.00, -0.32, 6.85, 20.45
20:09:24.482 , Vol+O2, 46010.00, 0.00, 6.95, 20.45
20:09:24.482 , Vol+O2, 46047.00, 0.00, 8.33, 20.45
20:09:24.485 , Vol+O2, 46084.00, 0.00, 6.03, 20.33
20:09:24.485 , Vol+O2, 46121.00, 0.00, 5.24, 20.33
20:09:24.488 , Vol+O2, 46158.00, -0.32, 5.72, 20.33
20:09:24.488 , Vol+O2, 46195.00, 0.00, 5.28, 20.33
20:09:24.524 , Vol+O2, 46232.00, 0.00, 5.64, 20.21
20:09:24.524 , Vol+O2, 46269.00, 0.00, 5.37, 20.21
20:09:24.527 , Vol+O2, 46306.00, 0.00, 5.95, 20.21
20:09:24.527 , Vol+O2, 46343.00, 0.00, 5.24, 20.21
20:09:24.529 , Vol+O2, 46380.00, -0.32, 5.01, 20.12
20:09:24.529 , Vol+O2, 46417.00, 0.00, 5.64, 20.12
20:09:24.529 , Vol+O2, 46454.00, 0.00, 5.72, 20.12
20:09:24.534 , Vol+O2, 46490.00, 0.00, 5.59, 20.12
20:09:24.534 , Vol+O2, 46527.00, 0.00, 4.44, 20.12
20:09:24.534 , Vol+O2, 46564.00, -0.32, 4.08, 20.00
20:09:24.534 , Vol+O2, 46601.00, -0.51, 3.68, 20.00
20:09:24.534 , Vol+O2, 46638.00, -0.32, 3.64, 20.00
20:09:24.534 , Vol+O2, 46675.00, -0.32, 3.02, 20.00
20:09:24.537 , Vol+O2, 46712.00, -4.27, 1.65, 19.88
20:09:24.542 , Vol+O2, 46749.00, -1.45, 0.99, 19.88
20:09:24.542 , Vol+O2, 46786.00, -1.26, 0.80, 19.88
20:09:24.632 , Vol+O2, 46823.00, -4.27, 0.63, 19.88
20:09:24.632 , Vol+O2, 46860.00, -4.27, 0.41, 19.76
20:09:24.634 , Vol+O2, 46897.00, -4.27, 0.32, 19.76
20:09:24.634 , Vol+O2, 46934.00, -3.72, 0.59, 19.76
20:09:24.635 , Vol+O2, 46971.00, -2.21, 1.52, 19.76
20:09:24.635 , Vol+O2, 47008.00, 0.50, 2.14, 19.67
20:09:24.636 , Vol+O2, 47045.00, 1.42, 2.27, 19.67
20:09:24.636 , Vol+O2, 47082.00, 1.30, 0.80, 19.67
20:09:24.640 , Vol+O2, 47119.00, 0.63, 0.00, 19.67
20:09:24.640 , Vol+O2, 47156.00, -1.08, -1.85, 19.55
20:09:24.643 , Vol+O2, 47193.00, -4.10, -3.05, 19.55
20:09:24.668 , Vol+O2, 47230.00, -4.27, -3.45, 19.55
20:09:24.668 , Vol+O2, 47267.00, -2.40, 0.00, 19.55
20:09:24.670 , Vol+O2, 47303.00, 0.75, 1.04, 19.43
20:09:24.670 , Vol+O2, 47340.00, 0.71, 0.50, 19.43
20:09:24.670 , Vol+O2, 47377.00, 0.37, -0.27, 19.43
20:09:24.672 , Vol+O2, 47414.00, -1.45, -1.66, 19.43
20:09:24.673 , Vol+O2, 47451.00, -0.70, -0.66, 19.34
20:09:24.673 , Vol+O2, 47488.00, 0.00, 0.00, 19.34
20:09:24.674 , Vol+O2, 47525.00, 0.00, -0.27, 19.34
20:09:24.674 , Vol+O2, 47562.00, 0.00, 0.00, 19.34
20:09:24.721 , Vol+O2, 47599.00, 0.00, 0.00, 19.28
20:09:24.721 , Vol+O2, 47636.00, 0.00, 0.00, 19.28
20:09:24.743 , Vol+O2, 47673.00, 0.00, -0.27, 19.28
20:09:24.743 , Vol+O2, 47710.00, 0.00, -0.27, 19.28
20:09:24.743 , Vol+O2, 47747.00, 0.00, -0.46, 19.28
20:09:24.743 , Vol+O2, 47784.00, 0.00, -0.27, 19.16
20:09:24.747 , Vol+O2, 47821.00, 0.00, -0.27, 19.16
20:09:24.747 , Vol+O2, 47858.00, 0.00, -0.27, 19.16
20:09:24.747 , Vol+O2, 47895.00, 0.00, -0.27, 19.16
20:09:24.748 , Vol+O2, 47932.00, 0.00, -0.27, 19.07
20:09:24.748 , Vol+O2, 47969.00, 0.00, 0.00, 19.07
20:09:24.754 , Vol+O2, 48006.00, 0.00, -0.46, 19.07
20:09:24.754 , Vol+O2, 48043.00, 0.00, -0.27, 19.07
20:09:24.780 , Vol+O2, 48080.00, 0.00, -0.46, 18.98
20:09:24.780 , Vol+O2, 48117.00, -0.51, -0.27, 18.98
20:09:24.782 , Vol+O2, 48154.00, 0.00, -0.27, 18.98
20:09:24.782 , Vol+O2, 48191.00, 0.00, -0.27, 18.98
20:09:24.782 , Vol+O2, 48228.00, 0.00, -0.27, 18.89
20:09:24.782 , Vol+O2, 48265.00, 0.00, -0.46, 18.89
20:09:24.785 , Vol+O2, 48302.00, 0.00, -0.27, 18.89
20:09:24.785 , Vol+O2, 48339.00, 0.00, -0.46, 18.89
20:09:24.787 , Vol+O2, 48376.00, 0.00, -0.27, 18.80
20:09:24.787 , Vol+O2, 48413.00, 0.00, -0.46, 18.80
20:09:24.804 , Vol+O2, 48450.00, -0.32, -0.27, 18.80
20:09:24.808 , Vol+O2, 48487.00, 0.00, -0.27, 18.80
20:09:24.808 , Vol+O2, 48523.00, 0.00, -0.46, 18.74
20:09:29.927 , Vol+O2, 48560.00, 0.00, -0.46, 18.74
20:09:29.930 , Vol+O2, 48598.00, 0.00, -0.27, 18.74
20:09:29.931 , Vol+O2, 48634.00, 0.00, -0.46, 18.74
20:09:29.931 , Vol+O2, 48671.00, 0.00, -0.27, 18.65
20:09:29.930 , Vol+O2, 48710.00, -0.32, -0.27, 18.65
20:09:29.935 , Vol+O2, 48746.00, 0.00, -0.27, 18.65
20:09:29.936 , Vol+O2, 48783.00, 0.00, -0.27, 18.65
20:09:29.938 , Vol+O2, 48824.00, 0.00, -0.27, 18.56
20:09:29.938 , Vol+O2, 48863.00, 0.00, -0.27, 18.56
20:09:29.939 , Vol+O2, 48901.00, 0.00, -0.46, 18.56
20:09:29.939 , Vol+O2, 48937.00, 0.00, -0.27, 18.56
20:09:29.939 , Vol+O2, 48974.00, 0.00, -0.46, 18.50
20:09:29.939 , Vol+O2, 49014.00, 0.00, -0.27, 18.50
20:09:29.941 , Vol+O2, 49050.00, 0.00, -0.46, 18.50
20:09:29.941 , Vol+O2, 49087.00, 0.00, -0.27, 18.50
20:09:29.950 , Vol+O2, 49124.00, 0.00, -0.27, 18.44
20:09:29.950 , Vol+O2, 49164.00, 0.00, -0.27, 18.44
20:09:29.972 , Vol+O2, 49201.00, 0.00, -0.27, 18.44
20:09:29.972 , Vol+O2, 49238.00, 0.00, -0.46, 18.44
20:09:29.973 , Vol+O2, 49275.00, 0.00, -0.27, 18.38
20:09:29.973 , Vol+O2, 49312.00, -0.32, -0.27, 18.38
20:09:29.974 , Vol+O2, 49349.00, 0.00, -0.27, 18.38
20:09:29.976 , Vol+O2, 49385.00, 0.00, -0.27, 18.38
20:09:29.976 , Vol+O2, 49422.00, 0.00, -0.27, 18.38
20:09:29.978 , Vol+O2, 49459.00, 0.00, -0.46, 18.32
20:09:29.978 , Vol+O2, 49496.00, 0.00, -0.27, 18.32
20:09:30.006 , Vol+O2, 49533.00, 0.00, -0.27, 18.32
20:09:30.006 , Vol+O2, 49570.00, 0.00, -0.47, 18.32
20:09:30.016 , Vol+O2, 49607.00, 0.00, -0.27, 18.23
20:09:30.016 , Vol+O2, 49644.00, 0.00, -0.27, 18.23
20:09:30.018 , Vol+O2, 49681.00, 0.00, -0.47, 18.23
20:09:30.018 , Vol+O2, 49718.00, 0.00, -0.27, 18.23
20:09:30.023 , Vol+O2, 49755.00, 0.00, -0.27, 18.21
20:09:30.023 , Vol+O2, 49792.00, 0.00, -0.46, 18.21
20:09:30.023 , Vol+O2, 49829.00, 0.00, -0.27, 18.21
20:09:30.026 , Vol+O2, 49866.00, -0.51, -0.27, 18.21
20:09:30.026 , Vol+O2, 49903.00, 0.00, -0.46, 18.11
20:09:30.028 , Vol+O2, 49940.00, -0.32, -0.46, 18.11
20:09:30.028 , Vol+O2, 49977.00, 0.00, -0.27, 18.11
20:09:30.054 , Vol+O2, 50014.00, 0.00, -0.27, 18.11
20:09:30.054 , Vol+O2, 50051.00, -0.32, -0.46, 18.08
20:09:30.064 , Vol+O2, 50088.00, 0.00, -0.27, 18.08
20:09:30.064 , Vol+O2, 50125.00, 0.00, -0.27, 18.08
20:09:30.066 , Vol+O2, 50162.00, -0.32, -0.27, 18.08
20:09:30.067 , Vol+O2, 50198.00, 0.00, -0.27, 18.05
20:09:30.067 , Vol+O2, 50235.00, 0.00, -0.46, 18.05
20:09:30.068 , Vol+O2, 50272.00, -0.32, -0.47, 18.05
20:09:30.068 , Vol+O2, 50309.00, 0.00, -0.27, 18.05
20:09:30.071 , Vol+O2, 50346.00, 0.00, -0.27, 17.99
20:09:30.071 , Vol+O2, 50383.00, 0.00, -0.27, 17.99
20:09:30.074 , Vol+O2, 50420.00, 0.00, -0.27, 17.99
20:09:30.074 , Vol+O2, 50457.00, 0.00, -0.27, 17.99
20:09:30.081 , Vol+O2, 50494.00, 0.00, -0.47, 17.96
20:09:30.082 , Vol+O2, 50531.00, 0.00, -0.47, 17.96
20:09:30.082 , Vol+O2, 50568.00, -1.08, -0.27, 17.96
20:09:30.085 , Vol+O2, 50605.00, -0.70, -0.46, 17.96
20:09:30.085 , Vol+O2, 50642.00, 0.00, -0.27, 17.96
20:09:30.087 , Vol+O2, 50679.00, 0.00, -0.27, 17.90
20:09:30.087 , Vol+O2, 50716.00, 0.00, -0.47, 17.90
20:09:30.126 , Vol+O2, 50753.00, -0.32, -0.27, 17.90
20:09:30.126 , Vol+O2, 50790.00, 0.00, -0.27, 17.90
20:09:30.126 , Vol+O2, 50827.00, 0.00, -0.27, 17.87
20:09:30.128 , Vol+O2, 50864.00, 0.00, -0.27, 17.87
20:09:30.128 , Vol+O2, 50901.00, 0.00, -0.27, 17.87
20:09:30.164 , Vol+O2, 50938.00, 0.00, -0.27, 17.87
20:09:30.164 , Vol+O2, 50975.00, 0.00, -0.27, 17.84
20:09:30.167 , Vol+O2, 51012.00, -0.51, -0.27, 17.84
20:09:30.167 , Vol+O2, 51049.00, 0.00, -0.27, 17.84
20:09:30.169 , Vol+O2, 51086.00, 0.00, -0.27, 17.84
20:09:30.169 , Vol+O2, 51123.00, 0.00, -0.27, 17.78
20:09:30.171 , Vol+O2, 51160.00, 0.00, -0.27, 17.78
20:09:30.171 , Vol+O2, 51197.00, 0.00, -0.27, 17.78
20:09:30.174 , Vol+O2, 51234.00, 0.00, -0.27, 17.78
20:09:30.175 , Vol+O2, 51271.00, 0.00, -0.46, 17.75
20:09:30.175 , Vol+O2, 51308.00, 0.00, -0.27, 17.75
20:09:30.177 , Vol+O2, 51345.00, 0.00, -0.27, 17.75
20:09:30.177 , Vol+O2, 51382.00, 0.00, -0.46, 17.75
20:09:30.180 , Vol+O2, 51418.00, 0.00, -0.46, 17.72
20:09:30.180 , Vol+O2, 51455.00, 0.00, -0.27, 17.72
20:09:30.181 , Vol+O2, 51492.00, 0.00, -0.27, 17.72
20:09:30.181 , Vol+O2, 51529.00, 0.00, -0.47, 17.72
20:09:30.184 , Vol+O2, 51566.00, -0.32, -0.27, 17.69
20:09:30.184 , Vol+O2, 51603.00, 0.00, -0.27, 17.69
20:09:30.189 , Vol+O2, 51640.00, 0.00, -0.27, 17.69
20:09:30.215 , Vol+O2, 51677.00, 0.00, -0.27, 17.69
20:09:30.215 , Vol+O2, 51714.00, 0.00, -0.27, 17.63
20:09:30.239 , Vol+O2, 51751.00, 0.00, -0.27, 17.63
20:09:30.239 , Vol+O2, 51788.00, -0.32, -0.27, 17.63
20:09:30.283 , Vol+O2, 51825.00, 0.00, -0.27, 17.63
20:09:30.283 , Vol+O2, 51862.00, 0.00, -0.27, 17.62
20:09:30.285 , Vol+O2, 51899.00, 0.00, -0.46, 17.62
20:09:30.285 , Vol+O2, 51936.00, 0.00, -0.27, 17.62
20:09:30.287 , Vol+O2, 51973.00, 0.00, -0.27, 17.62
20:09:30.287 , Vol+O2, 52010.00, 0.00, -0.27, 17.62
20:09:30.289 , Vol+O2, 52047.00, 0.00, -0.27, 17.60
20:09:30.289 , Vol+O2, 52084.00, 0.00, -0.27, 17.60
20:09:30.292 , Vol+O2, 52121.00, 0.00, -0.27, 17.60
20:09:30.292 , Vol+O2, 52158.00, 0.00, -0.27, 17.60
20:09:30.294 , Vol+O2, 52195.00, 0.00, -0.27, 17.57
20:09:30.294 , Vol+O2, 52232.00, 0.00, -0.27, 17.57
20:09:30.294 , Vol+O2, 52269.00, 0.00, -0.27, 17.57
20:09:30.294 , Vol+O2, 52306.00, 0.00, -0.47, 17.57
20:09:30.295 , Vol+O2, 52343.00, 0.00, -0.27, 17.54
20:09:30.296 , Vol+O2, 52380.00, 0.00, -0.47, 17.54
20:09:30.296 , Vol+O2, 52417.00, -0.32, -0.27, 17.54
20:09:30.303 , Vol+O2, 52454.00, 0.00, -0.27, 17.54
20:09:30.303 , Vol+O2, 52491.00, 0.00, -0.27, 17.51
20:09:30.379 , Vol+O2, 52528.00, 0.00, -0.47, 17.51
20:09:30.379 , Vol+O2, 52565.00, 0.00, -0.27, 17.51
20:09:30.400 , Vol+O2, 52602.00, 0.00, -0.27, 17.51
20:09:30.400 , Vol+O2, 52639.00, 0.00, -0.27, 17.48
20:09:30.401 , Vol+O2, 52676.00, 0.00, -0.47, 17.48
20:09:30.424 , Vol+O2, 52713.00, 0.00, -0.27, 17.48
20:09:30.424 , Vol+O2, 52750.00, 0.00, -0.27, 17.48
20:09:30.426 , Vol+O2, 52786.00, 0.00, -0.47, 17.46
20:09:30.426 , Vol+O2, 52823.00, 0.00, -0.27, 17.46
20:09:30.428 , Vol+O2, 52860.00, 0.00, -0.27, 17.46
20:09:30.428 , Vol+O2, 52897.00, 0.00, -0.27, 17.46
20:09:30.454 , Vol+O2, 52934.00, 0.00, -0.27, 17.45
20:09:30.454 , Vol+O2, 52971.00, 0.00, -0.27, 17.45
20:09:30.466 , Vol+O2, 53008.00, 0.00, -0.27, 17.45
20:09:30.466 , Vol+O2, 53045.00, 0.00, -0.27, 17.45
20:09:30.466 , Vol+O2, 53082.00, 0.00, -0.47, 17.42
20:09:30.466 , Vol+O2, 53119.00, 0.00, -0.27, 17.42
20:09:30.471 , Vol+O2, 53156.00, 0.00, -0.27, 17.42
20:09:30.555 , Vol+O2, 53193.00, 0.00, -0.47, 17.42
20:09:30.555 , Vol+O2, 53230.00, 0.00, -0.27, 17.42
20:09:30.569 , Vol+O2, 53267.00, 0.00, -0.47, 17.42
20:09:30.569 , Vol+O2, 53304.00, 0.00, -0.27, 17.42
20:09:30.572 , Vol+O2, 53340.00, 0.00, -0.27, 17.42
20:09:30.572 , Vol+O2, 53377.00, 0.00, -0.27, 17.42
20:09:30.572 , Vol+O2, 53414.00, 0.00, -0.27, 17.39
20:09:30.594 , Vol+O2, 53451.00, 0.00, -0.27, 17.39
20:09:30.594 , Vol+O2, 53488.00, 0.00, -0.27, 17.39
20:09:30.596 , Vol+O2, 53525.00, 0.00, -0.47, 17.39
20:09:30.596 , Vol+O2, 53562.00, 0.00, -0.27, 17.36
20:09:30.596 , Vol+O2, 53599.00, 0.00, -0.47, 17.36
20:09:30.596 , Vol+O2, 53636.00, 0.00, -0.27, 17.36
20:09:30.598 , Vol+O2, 53673.00, 0.00, -0.27, 17.36
20:09:30.600 , Vol+O2, 53710.00, 0.97, -0.27, 17.33
20:09:30.600 , Vol+O2, 53747.00, 1.25, -0.27, 17.33
20:09:30.603 , Vol+O2, 53784.00, 1.71, -0.27, 17.33
20:09:30.603 , Vol+O2, 53821.00, 2.13, -0.47, 17.33
20:09:30.603 , Vol+O2, 53858.00, 3.01, -0.27, 17.33
20:09:30.603 , Vol+O2, 53895.00, 4.22, -0.27, 17.33
20:09:30.603 , Vol+O2, 53932.00, 5.03, -0.27, 17.33
20:09:30.603 , Vol+O2, 53968.00, 5.81, -0.47, 17.33
20:09:30.607 , Vol+O2, 54004.00, 6.20, -0.27, 17.30
20:09:30.607 , Vol+O2, 54041.00, 8.23, -0.27, 17.30
20:09:30.613 , Vol+O2, 54078.00, 9.82, -0.27, 17.30
20:09:30.613 , Vol+O2, 54115.00, 10.65, -0.27, 17.30
20:09:30.634 , Vol+O2, 54152.00, 10.35, -0.47, 17.30
20:09:30.634 , Vol+O2, 54189.00, 9.76, -0.27, 17.30
20:09:30.634 , Vol+O2, 54226.00, 11.50, -0.27, 17.30
20:09:35.622 , Vol+O2, 54264.00, 10.18, -0.27, 17.30
20:09:35.623 , Vol+O2, 54300.00, 9.53, -0.27, 17.27
20:09:35.626 , Vol+O2, 54337.00, 8.85, -0.27, 17.27
20:09:35.626 , Vol+O2, 54374.00, 8.96, -0.27, 17.27
20:09:35.629 , Vol+O2, 54412.00, 8.85, -0.27, 17.27
20:09:35.629 , Vol+O2, 54451.00, 9.19, -0.27, 17.27
20:09:35.633 , Vol+O2, 54489.00, 8.74, -0.27, 17.27
20:09:35.633 , Vol+O2, 54525.00, 8.96, -0.27, 17.27
20:09:35.635 , Vol+O2, 54565.00, 8.96, -0.27, 17.27
20:09:35.635 , Vol+O2, 54602.00, 9.02, -0.27, 17.27
20:09:35.639 , Vol+O2, 54639.00, 9.65, -0.47, 17.27
20:09:35.639 , Vol+O2, 54676.00, 9.88, -0.27, 17.27
20:09:35.639 , Vol+O2, 54715.00, 9.70, -0.27, 17.27
20:09:35.639 , Vol+O2, 54752.00, 9.36, -0.47, 17.27
20:09:35.641 , Vol+O2, 54789.00, 9.76, -0.47, 17.27
20:09:35.648 , Vol+O2, 54826.00, 9.36, -0.27, 17.27
20:09:35.648 , Vol+O2, 54865.00, 9.13, -0.27, 17.27
20:09:35.648 , Vol+O2, 54902.00, 9.25, -0.27, 17.27
20:09:35.650 , Vol+O2, 54940.00, 9.65, -0.27, 17.27
20:09:35.650 , Vol+O2, 54978.00, 9.47, -0.27, 17.27
20:09:35.655 , Vol+O2, 55015.00, 8.85, -0.27, 17.27
20:09:35.655 , Vol+O2, 55054.00, 9.13, -0.27, 17.27
20:09:35.658 , Vol+O2, 55091.00, 9.02, -0.47, 17.24
20:09:35.658 , Vol+O2, 55128.00, 8.29, -0.27, 17.24
20:09:35.659 , Vol+O2, 55165.00, 8.96, -0.27, 17.24
20:09:35.659 , Vol+O2, 55202.00, 8.96, -0.27, 17.24
20:09:35.698 , Vol+O2, 55239.00, 9.30, -0.27, 17.21
20:09:35.698 , Vol+O2, 55276.00, 9.53, -0.27, 17.21
20:09:35.701 , Vol+O2, 55313.00, 9.65, -0.27, 17.21
20:09:35.701 , Vol+O2, 55350.00, 10.00, -0.27, 17.21
20:09:35.701 , Vol+O2, 55387.00, 9.02, -0.27, 17.18
20:09:35.703 , Vol+O2, 55424.00, 9.47, -0.27, 17.18
20:09:35.703 , Vol+O2, 55461.00, 10.48, -0.27, 17.18
20:09:35.707 , Vol+O2, 55498.00, 9.76, -0.27, 17.18
20:09:35.707 , Vol+O2, 55535.00, 9.36, -0.27, 17.18
20:09:35.707 , Vol+O2, 55572.00, 9.02, -0.27, 17.18
20:09:35.707 , Vol+O2, 55609.00, 8.12, -0.27, 17.18
20:09:35.707 , Vol+O2, 55646.00, 8.57, -0.27, 17.18
20:09:35.713 , Vol+O2, 55683.00, 9.88, -0.27, 17.18
20:09:35.713 , Vol+O2, 55720.00, 8.91, -0.27, 17.18
20:09:35.719 , Vol+O2, 55757.00, 8.57, -0.27, 17.18
20:09:35.719 , Vol+O2, 55793.00, 8.51, -0.27, 17.18
20:09:35.743 , Vol+O2, 55830.00, 9.02, -0.27, 17.18
20:09:35.743 , Vol+O2, 55867.00, 8.51, -0.27, 17.18
20:09:35.746 , Vol+O2, 55904.00, 8.51, -0.27, 17.18
20:09:35.746 , Vol+O2, 55941.00, 8.23, -0.27, 17.18
20:09:35.782 , Vol+O2, 55978.00, 7.74, -0.27, 17.15
20:09:35.782 , Vol+O2, 56015.00, 8.63, -0.27, 17.15
20:09:35.784 , Vol+O2, 56052.00, 8.07, -0.47, 17.15
20:09:35.784 , Vol+O2, 56089.00, 7.25, -0.27, 17.15
20:09:35.787 , Vol+O2, 56126.00, 7.36, -0.27, 17.15
20:09:35.787 , Vol+O2, 56163.00, 7.03, -0.27, 17.15
20:09:35.789 , Vol+O2, 56200.00, 6.56, -0.47, 17.15
20:09:35.789 , Vol+O2, 56237.00, 6.10, -0.27, 17.15
20:09:35.792 , Vol+O2, 56274.00, 5.81, -0.27, 17.15
20:09:35.792 , Vol+O2, 56311.00, 5.40, -0.27, 17.15
20:09:35.794 , Vol+O2, 56348.00, 5.23, -0.27, 17.15
20:09:35.794 , Vol+O2, 56385.00, 5.27, -0.47, 17.15
20:09:35.794 , Vol+O2, 56422.00, 6.04, -0.27, 17.15
20:09:35.813 , Vol+O2, 56459.00, 5.90, -0.27, 17.15
20:09:35.813 , Vol+O2, 56496.00, 5.57, -0.27, 17.15
20:09:35.815 , Vol+O2, 56533.00, 5.15, -0.47, 17.15
20:09:35.815 , Vol+O2, 56570.00, 4.85, -0.47, 17.15
20:09:35.816 , Vol+O2, 56607.00, 4.18, -0.27, 17.16
20:09:35.852 , Vol+O2, 56644.00, 4.14, -0.27, 17.16
20:09:35.852 , Vol+O2, 56681.00, 4.10, -0.47, 17.16
20:09:35.855 , Vol+O2, 56718.00, 4.52, -0.27, 17.16
20:09:35.855 , Vol+O2, 56755.00, 4.77, -0.27, 17.12
20:09:35.871 , Vol+O2, 56792.00, 4.02, -0.27, 17.12
20:09:35.871 , Vol+O2, 56829.00, 3.13, -0.47, 17.12
20:09:35.874 , Vol+O2, 56866.00, 2.13, -0.27, 17.12
20:09:35.874 , Vol+O2, 56903.00, 1.30, -0.27, 17.12
20:09:35.875 , Vol+O2, 56940.00, 1.38, -0.27, 17.12
20:09:35.875 , Vol+O2, 56977.00, 1.80, -0.27, 17.12
20:09:35.875 , Vol+O2, 57014.00, 2.05, -0.27, 17.12
20:09:35.903 , Vol+O2, 57051.00, 1.71, -0.27, 17.09
20:09:35.903 , Vol+O2, 57088.00, 1.05, -0.47, 17.09
20:09:35.903 , Vol+O2, 57125.00, 1.13, -0.47, 17.09
20:09:35.937 , Vol+O2, 57162.00, 1.10, -0.47, 17.09
20:09:35.937 , Vol+O2, 57198.00, 0.97, -0.47, 17.09
20:09:35.939 , Vol+O2, 57235.00, 1.17, -0.27, 17.09
20:09:35.939 , Vol+O2, 57272.00, 0.92, -0.47, 17.09
20:09:35.942 , Vol+O2, 57309.00, 0.42, -0.27, 17.09
20:09:35.942 , Vol+O2, 57346.00, 0.25, -0.27, 17.09
20:09:35.943 , Vol+O2, 57383.00, 0.00, -0.27, 17.09
20:09:35.943 , Vol+O2, 57420.00, 0.00, -0.27, 17.09
20:09:35.945 , Vol+O2, 57457.00, -0.51, -0.27, 17.09
20:09:35.947 , Vol+O2, 57494.00, -0.32, -0.27, 17.09
20:09:35.947 , Vol+O2, 57531.00, 0.00, -0.27, 17.09
20:09:35.948 , Vol+O2, 57568.00, 0.25, -0.27, 17.09
20:09:35.948 , Vol+O2, 57605.00, 0.25, -0.27, 17.09
20:09:35.950 , Vol+O2, 57642.00, 0.46, -0.27, 17.12
20:09:35.950 , Vol+O2, 57679.00, 0.25, -0.27, 17.12
20:09:35.951 , Vol+O2, 57716.00, 0.00, -0.27, 17.12
20:09:35.951 , Vol+O2, 57752.00, -0.51, -0.47, 17.12
20:09:35.955 , Vol+O2, 57789.00, 0.00, -0.27, 17.12
20:09:35.955 , Vol+O2, 57826.00, 0.50, -0.27, 17.09
20:09:35.963 , Vol+O2, 57863.00, 0.42, -0.27, 17.09
20:09:35.963 , Vol+O2, 57900.00, -0.70, -0.27, 17.09
20:09:35.964 , Vol+O2, 57937.00, -2.59, -0.27, 17.09
20:09:35.964 , Vol+O2, 57974.00, 0.21, 0.00, 17.09
20:09:35.966 , Vol+O2, 58011.00, 0.00, -1.06, 17.09
20:09:35.966 , Vol+O2, 58048.00, 0.00, -0.47, 17.09
20:09:35.970 , Vol+O2, 58085.00, -0.51, -0.27, 17.09
20:09:35.970 , Vol+O2, 58122.00, 0.00, -0.47, 17.12
20:09:35.970 , Vol+O2, 58159.00, 0.00, -0.27, 17.12
20:09:35.973 , Vol+O2, 58196.00, 0.00, -0.27, 17.12
20:09:35.973 , Vol+O2, 58233.00, 0.00, -0.47, 17.12
20:09:36.014 , Vol+O2, 58270.00, 0.00, -0.47, 17.12
20:09:36.014 , Vol+O2, 58307.00, 0.00, -0.27, 17.12
20:09:36.014 , Vol+O2, 58344.00, 0.00, -0.27, 17.12
20:09:36.017 , Vol+O2, 58380.00, -0.70, -0.47, 17.12
20:09:36.017 , Vol+O2, 58416.00, 0.00, -0.27, 17.12
20:09:36.017 , Vol+O2, 58453.00, -0.32, -0.27, 17.12
20:09:36.018 , Vol+O2, 58490.00, 0.00, -0.27, 17.12
20:09:36.018 , Vol+O2, 58527.00, 0.00, -0.27, 17.12
20:09:36.019 , Vol+O2, 58564.00, 0.00, -0.27, 17.12
20:09:36.019 , Vol+O2, 58601.00, -0.51, -0.27, 17.12
20:09:36.021 , Vol+O2, 58638.00, 0.00, -0.27, 17.12
20:09:36.021 , Vol+O2, 58675.00, -0.32, -0.27, 17.12
20:09:36.024 , Vol+O2, 58712.00, 0.00, -0.27, 17.15
20:09:36.024 , Vol+O2, 58749.00, 0.00, -0.27, 17.15
20:09:36.030 , Vol+O2, 58786.00, 0.00, -0.27, 17.15
20:09:36.030 , Vol+O2, 58823.00, 0.00, -0.27, 17.15
20:09:36.033 , Vol+O2, 58860.00, 0.00, -0.47, 17.15
20:09:36.033 , Vol+O2, 58897.00, 0.00, -0.27, 17.15
20:09:36.035 , Vol+O2, 58934.00, 0.00, -0.27, 17.15
20:09:36.040 , Vol+O2, 58971.00, 0.00, -0.47, 17.15
20:09:36.040 , Vol+O2, 59008.00, -0.32, -0.47, 17.15
20:09:36.040 , Vol+O2, 59045.00, 0.00, -0.27, 17.15
20:09:36.043 , Vol+O2, 59082.00, -0.32, -0.27, 17.15
20:09:36.043 , Vol+O2, 59119.00, 0.00, -0.27, 17.15
20:09:36.045 , Vol+O2, 59156.00, 0.00, -0.27, 17.15
20:09:36.045 , Vol+O2, 59193.00, 0.00, -0.27, 17.15
20:09:36.073 , Vol+O2, 59230.00, 0.00, -0.47, 17.15
20:09:36.087 , Vol+O2, 59267.00, -0.32, -0.27, 17.15
20:09:36.087 , Vol+O2, 59304.00, 0.00, -0.27, 17.15
20:09:36.088 , Vol+O2, 59341.00, 0.00, -0.27, 17.16
20:09:36.088 , Vol+O2, 59378.00, 0.00, -0.47, 17.16
20:09:36.089 , Vol+O2, 59415.00, 0.00, -0.27, 17.16
20:09:36.089 , Vol+O2, 59452.00, 0.00, -0.27, 17.16
20:09:36.090 , Vol+O2, 59489.00, 0.00, -0.27, 17.18
20:09:36.090 , Vol+O2, 59526.00, 0.00, -0.27, 17.18
20:09:36.092 , Vol+O2, 59563.00, 0.00, -0.27, 17.18
20:09:36.099 , Vol+O2, 59600.00, -0.32, -0.27, 17.18
20:09:36.099 , Vol+O2, 59637.00, 0.00, -0.27, 17.18
20:09:36.102 , Vol+O2, 59674.00, 0.00, -0.27, 17.18
20:09:36.102 , Vol+O2, 59711.00, 0.00, -0.27, 17.18
20:09:36.104 , Vol+O2, 59748.00, -0.32, -0.27, 17.18
20:09:36.104 , Vol+O2, 59784.00, 0.00, -0.27, 17.21
20:09:36.107 , Vol+O2, 59821.00, 0.00, -0.27, 17.21
20:09:36.107 , Vol+O2, 59858.00, 0.00, -0.27, 17.21
20:09:36.111 , Vol+O2, 59895.00, 0.00, -0.47, 17.21
20:09:36.111 , Vol+O2, 59932.00, 0.00, -0.27, 17.24
20:09:36.115 , Vol+O2, 59969.00, 0.00, -0.27, 17.24
20:09:36.115 , Vol+O2, 60006.00, -0.32, -0.27, 17.24
20:09:36.116 , Vol+O2, 60043.00, 0.00, -0.27, 17.24
20:09:41.317 , Vol+O2, 60082.00, 0.00, -0.27, 17.24
20:09:41.318 , Vol+O2, 60118.00, 0.00, -0.27, 17.24
20:09:41.318 , Vol+O2, 60158.00, -0.32, -0.47, 17.24
20:09:41.322 , Vol+O2, 60196.00, 0.00, -0.27, 17.24
20:09:41.322 , Vol+O2, 60235.00, -0.32, -0.27, 17.27
20:09:41.322 , Vol+O2, 60274.00, 0.00, -0.27, 17.27
20:09:41.324 , Vol+O2, 60311.00, 0.00, -0.27, 17.27
20:09:41.324 , Vol+O2, 60349.00, -0.32, -0.27, 17.27
20:09:41.324 , Vol+O2, 60386.00, 0.00, -0.27, 17.27
20:09:41.331 , Vol+O2, 60426.00, 0.00, -0.27, 17.27
20:09:41.331 , Vol+O2, 60463.00, 0.00, -0.27, 17.27
20:09:41.358 , Vol+O2, 60502.00, 0.00, -0.27, 17.27
20:09:41.358 , Vol+O2, 60540.00, 0.00, -0.47, 17.30
20:09:41.360 , Vol+O2, 60577.00, -0.32, -0.27, 17.30
20:09:41.363 , Vol+O2, 60613.00, 0.00, -0.27, 17.30
20:09:41.363 , Vol+O2, 60650.00, -0.32, -0.27, 17.30
20:09:41.365 , Vol+O2, 60687.00, -0.32, -0.27, 17.30
20:09:41.365 , Vol+O2, 60724.00, 0.00, -0.27, 17.30
20:09:41.391 , Vol+O2, 60760.00, 0.00, -0.27, 17.30
20:09:41.391 , Vol+O2, 60798.00, 0.00, -0.27, 17.30
20:09:41.405 , Vol+O2, 60835.00, -0.32, -0.27, 17.36
20:09:41.405 , Vol+O2, 60872.00, -0.32, -0.47, 17.36
20:09:41.405 , Vol+O2, 60909.00, 0.00, -0.27, 17.36
20:09:41.408 , Vol+O2, 60945.00, 0.00, -0.27, 17.36
20:09:41.411 , Vol+O2, 60982.00, 0.00, -0.27, 17.36
20:09:41.411 , Vol+O2, 61019.00, -0.32, -0.27, 17.33
20:09:41.411 , Vol+O2, 61056.00, 0.00, -0.47, 17.33
20:09:41.413 , Vol+O2, 61093.00, 0.00, -0.27, 17.33
20:09:41.413 , Vol+O2, 61130.00, -0.32, -0.27, 17.33
20:09:41.414 , Vol+O2, 61167.00, 0.00, -0.27, 17.33
20:09:41.414 , Vol+O2, 61204.00, -0.32, -0.27, 17.33
20:09:41.419 , Vol+O2, 61241.00, -2.59, 0.00, 17.33
20:09:41.419 , Vol+O2, 61278.00, -4.27, 3.92, 17.33
20:09:41.445 , Vol+O2, 61315.00, 1.17, 22.43, 17.36
20:09:41.445 , Vol+O2, 61352.00, 0.29, 32.40, 17.36
20:09:41.447 , Vol+O2, 61389.00, -0.70, 32.95, 17.36
20:09:41.447 , Vol+O2, 61426.00, -0.32, 29.37, 17.36
20:09:41.448 , Vol+O2, 61463.00, 0.00, 26.63, 17.37
20:09:41.485 , Vol+O2, 61500.00, 0.00, 26.63, 17.37
20:09:41.485 , Vol+O2, 61537.00, 0.00, 26.34, 17.37
20:09:41.485 , Vol+O2, 61574.00, -0.51, 24.25, 17.37
20:09:41.487 , Vol+O2, 61611.00, 0.00, 21.02, 17.42
20:09:41.489 , Vol+O2, 61648.00, 0.00, 21.20, 17.42
20:09:41.489 , Vol+O2, 61685.00, 0.00, 20.67, 17.42
20:09:41.492 , Vol+O2, 61722.00, 0.00, 19.24, 17.42
20:09:41.492 , Vol+O2, 61758.00, 0.00, 16.74, 17.48
20:09:41.495 , Vol+O2, 61795.00, 0.00, 16.19, 17.48
20:09:41.495 , Vol+O2, 61832.00, -0.32, 14.69, 17.48
20:09:41.496 , Vol+O2, 61869.00, 0.00, 14.48, 17.48
20:09:41.496 , Vol+O2, 61906.00, 0.00, 12.89, 17.53
20:09:41.498 , Vol+O2, 61943.00, 0.00, 11.34, 17.53
20:09:41.498 , Vol+O2, 61980.00, -0.51, 11.65, 17.53
20:09:41.499 , Vol+O2, 62017.00, -0.32, 9.99, 17.53
20:09:41.499 , Vol+O2, 62054.00, 0.00, 9.62, 17.66
20:09:41.507 , Vol+O2, 62091.00, 0.00, 9.10, 17.66
20:09:41.507 , Vol+O2, 62128.00, 0.00, 10.17, 17.66
20:09:41.509 , Vol+O2, 62165.00, 0.00, 9.80, 17.66
20:09:41.509 , Vol+O2, 62202.00, 0.00, 8.24, 17.66
20:09:41.511 , Vol+O2, 62239.00, 0.00, 6.54, 17.69
20:09:41.511 , Vol+O2, 62276.00, 0.00, 7.51, 17.69
20:09:41.550 , Vol+O2, 62313.00, 0.00, 7.57, 17.69
20:09:41.550 , Vol+O2, 62350.00, -0.32, 5.87, 17.69
20:09:41.551 , Vol+O2, 62387.00, -0.32, 6.10, 17.69
20:09:41.551 , Vol+O2, 62424.00, 0.00, 5.87, 17.69
20:09:41.553 , Vol+O2, 62461.00, 0.00, 5.16, 17.69
20:09:41.553 , Vol+O2, 62498.00, -0.32, 4.81, 17.69
20:09:41.582 , Vol+O2, 62535.00, 0.00, 5.12, 17.73
20:09:41.582 , Vol+O2, 62572.00, 0.00, 4.45, 17.73
20:09:41.584 , Vol+O2, 62609.00, 1.63, 4.76, 17.73
20:09:41.584 , Vol+O2, 62646.00, -4.27, 2.50, 17.73
20:09:41.585 , Vol+O2, 62683.00, 1.89, 5.03, 17.69
20:09:41.586 , Vol+O2, 62720.00, -4.27, 2.85, 17.69
20:09:41.586 , Vol+O2, 62757.00, 1.38, 4.09, 17.69
20:09:41.587 , Vol+O2, 62794.00, -3.92, 3.87, 17.69
20:09:41.587 , Vol+O2, 62831.00, -4.27, 1.74, 17.66
20:09:41.586 , Vol+O2, 62868.00, 1.34, 3.34, 17.66
20:09:41.589 , Vol+O2, 62905.00, -0.89, 4.32, 17.66
20:09:41.598 , Vol+O2, 62942.00, -4.27, 1.92, 17.66
20:09:41.598 , Vol+O2, 62978.00, 1.21, 3.25, 17.63
20:09:41.599 , Vol+O2, 63015.00, 0.00, 4.18, 17.63
20:09:41.599 , Vol+O2, 63052.00, -4.27, 1.74, 17.63
20:09:41.602 , Vol+O2, 63089.00, -2.59, 1.65, 17.63
20:09:41.602 , Vol+O2, 63126.00, 0.59, 2.53, 17.60
20:09:41.607 , Vol+O2, 63163.00, 2.01, 3.87, 17.60
20:09:41.607 , Vol+O2, 63200.00, 0.21, 3.87, 17.60
20:09:41.609 , Vol+O2, 63237.00, -4.27, 2.36, 17.60
20:09:41.609 , Vol+O2, 63274.00, -4.27, 1.70, 17.54
20:09:41.637 , Vol+O2, 63311.00, 0.63, 2.45, 17.54
20:09:41.674 , Vol+O2, 63348.00, 1.01, 4.63, 17.54
20:09:41.674 , Vol+O2, 63385.00, -4.27, 2.53, 17.54
20:09:41.677 , Vol+O2, 63422.00, -4.27, 1.74, 17.51
20:09:41.677 , Vol+O2, 63459.00, 0.29, 2.19, 17.51
20:09:41.677 , Vol+O2, 63496.00, 1.80, 4.14, 17.51
20:09:41.679 , Vol+O2, 63532.00, 0.00, 3.56, 17.51
20:09:41.679 , Vol+O2, 63569.00, -4.27, 2.85, 17.51
20:09:41.679 , Vol+O2, 63606.00, -4.27, 1.57, 17.45
20:09:41.681 , Vol+O2, 63643.00, -4.27, 1.21, 17.45
20:09:41.681 , Vol+O2, 63680.00, 0.00, 1.97, 17.45
20:09:41.682 , Vol+O2, 63717.00, 1.38, 2.50, 17.45
20:09:41.682 , Vol+O2, 63754.00, 2.05, 4.14, 17.42
20:09:41.688 , Vol+O2, 63791.00, 1.17, 3.92, 17.42
20:09:41.713 , Vol+O2, 63828.00, 0.71, 3.38, 17.42
20:09:41.713 , Vol+O2, 63865.00, 1.30, 3.47, 17.42
20:09:41.715 , Vol+O2, 63902.00, 1.47, 3.42, 17.39
20:09:41.715 , Vol+O2, 63939.00, 1.34, 2.05, 17.39
20:09:41.750 , Vol+O2, 63976.00, 0.55, 0.81, 17.39
20:09:41.750 , Vol+O2, 64013.00, 0.00, 0.68, 17.39
20:09:41.750 , Vol+O2, 64050.00, -3.35, 0.28, 17.33
20:09:41.751 , Vol+O2, 64087.00, -3.92, 0.45, 17.33
20:09:41.751 , Vol+O2, 64124.00, -2.59, 1.25, 17.33
20:09:41.777 , Vol+O2, 64160.00, 1.05, 2.41, 17.33
20:09:41.788 , Vol+O2, 64196.00, 1.01, 1.39, 17.30
20:09:41.788 , Vol+O2, 64233.00, 0.00, 0.00, 17.30
20:09:41.789 , Vol+O2, 64270.00, -4.27, -1.46, 17.30
20:09:41.789 , Vol+O2, 64307.00, -4.27, -0.66, 17.30
20:09:41.792 , Vol+O2, 64344.00, -2.78, 0.50, 17.24
20:09:41.792 , Vol+O2, 64381.00, -1.83, 1.21, 17.24
20:09:41.795 , Vol+O2, 64418.00, 0.71, 2.01, 17.24
20:09:41.795 , Vol+O2, 64455.00, 1.75, 1.92, 17.24
20:09:41.795 , Vol+O2, 64492.00, 0.88, 0.37, 17.21
20:09:41.796 , Vol+O2, 64529.00, -0.51, -1.46, 17.21
20:09:41.796 , Vol+O2, 64566.00, -4.27, -3.25, 17.21
20:09:41.802 , Vol+O2, 64603.00, -3.92, -3.25, 17.21
20:09:41.802 , Vol+O2, 64640.00, -2.21, 0.00, 17.18
20:09:41.827 , Vol+O2, 64677.00, 0.96, 1.08, 17.18
20:09:41.827 , Vol+O2, 64714.00, 1.05, 0.81, 17.18
20:09:41.829 , Vol+O2, 64751.00, 0.42, 0.00, 17.18
20:09:41.829 , Vol+O2, 64788.00, -1.27, -1.66, 17.18
20:09:41.830 , Vol+O2, 64825.00, -2.78, -2.65, 17.12
20:09:41.830 , Vol+O2, 64862.00, -2.03, -1.26, 17.12
20:09:41.832 , Vol+O2, 64899.00, 0.00, 0.00, 17.12
20:09:41.832 , Vol+O2, 64936.00, 0.00, -0.47, 17.12
20:09:41.835 , Vol+O2, 64973.00, 0.00, -0.27, 17.09
20:09:41.861 , Vol+O2, 65010.00, 0.00, -0.27, 17.09
20:09:41.861 , Vol+O2, 65047.00, 0.00, -0.27, 17.09
20:09:41.873 , Vol+O2, 65084.00, 0.00, 0.00, 17.09
20:09:41.873 , Vol+O2, 65121.00, 0.00, -0.27, 17.03
20:09:41.875 , Vol+O2, 65158.00, 0.00, -0.27, 17.03
20:09:41.875 , Vol+O2, 65195.00, 0.00, -0.27, 17.03
20:09:41.876 , Vol+O2, 65232.00, 0.00, -0.27, 17.03
20:09:41.876 , Vol+O2, 65269.00, 0.00, -0.27, 16.97
20:09:41.876 , Vol+O2, 65306.00, -0.32, 0.00, 16.97
20:09:41.879 , Vol+O2, 65343.00, 0.00, -0.47, 16.97
20:09:41.879 , Vol+O2, 65380.00, 0.00, -0.27, 16.97
20:09:41.885 , Vol+O2, 65417.00, 0.00, -0.47, 16.94
20:09:41.885 , Vol+O2, 65454.00, 0.00, -0.47, 16.94
20:09:41.911 , Vol+O2, 65491.00, 0.00, -0.27, 16.94
20:09:41.911 , Vol+O2, 65528.00, 0.00, -0.47, 16.94
20:09:41.911 , Vol+O2, 65564.00, -0.32, -0.27, 16.91
20:09:46.894 , Vol+O2, 65600.00, 0.00, -0.47, 16.91
20:09:46.918 , Vol+O2, 65637.00, -0.32, -0.47, 16.91
20:09:46.928 , Vol+O2, 65674.00, 0.00, -0.47, 16.91
20:09:46.928 , Vol+O2, 65711.00, 0.00, -0.27, 16.88
20:09:46.928 , Vol+O2, 65748.00, 0.00, -0.27, 16.88
20:09:46.930 , Vol+O2, 65785.00, 0.00, -0.27, 16.88
20:09:46.930 , Vol+O2, 65821.00, 0.00, -0.47, 16.88
20:09:46.937 , Vol+O2, 65860.00, 0.00, -0.47, 16.85
20:09:46.937 , Vol+O2, 65897.00, 0.00, -0.27, 16.85
20:09:46.937 , Vol+O2, 65933.00, 0.00, -0.27, 16.85
20:09:46.938 , Vol+O2, 65972.00, 0.00, -0.27, 16.85
20:09:46.938 , Vol+O2, 66008.00, 0.00, -0.47, 16.85
20:09:46.938 , Vol+O2, 66045.00, 0.00, -0.27, 16.81
20:09:46.938 , Vol+O2, 66084.00, 0.00, -0.27, 16.81
20:09:46.942 , Vol+O2, 66120.00, 0.00, -0.27, 16.81
20:09:46.942 , Vol+O2, 66160.00, 0.00, -0.27, 16.81
20:09:46.948 , Vol+O2, 66196.00, 0.00, -0.27, 16.79
20:09:46.974 , Vol+O2, 66233.00, 0.00, -0.47, 16.79
20:09:46.974 , Vol+O2, 66271.00, 0.00, -0.47, 16.79
20:09:46.976 , Vol+O2, 66312.00, 0.00, -0.27, 16.79
20:09:46.976 , Vol+O2, 66348.00, 0.00, -0.47, 16.77
20:09:46.976 , Vol+O2, 66384.00, 0.00, -0.47, 16.77
20:09:46.976 , Vol+O2, 66421.00, 0.00, -0.47, 16.77
20:09:46.998 , Vol+O2, 66458.00, -0.32, -0.27, 16.77
20:09:47.012 , Vol+O2, 66495.00, 0.00, -0.27, 16.70
20:09:47.012 , Vol+O2, 66532.00, 0.00, -0.47, 16.70
20:09:47.014 , Vol+O2, 66569.00, 0.00, -0.47, 16.70
20:09:47.014 , Vol+O2, 66606.00, 0.00, -0.27, 16.70
20:09:47.017 , Vol+O2, 66643.00, 0.00, -0.27, 16.67
20:09:47.017 , Vol+O2, 66680.00, 0.00, -0.27, 16.67
20:09:47.020 , Vol+O2, 66717.00, 0.00, -0.27, 16.67
20:09:47.020 , Vol+O2, 66754.00, 0.00, -0.27, 16.67
20:09:47.021 , Vol+O2, 66791.00, -0.32, -0.47, 16.64
20:09:47.021 , Vol+O2, 66828.00, 0.00, -0.27, 16.64
20:09:47.023 , Vol+O2, 66865.00, 0.00, -0.27, 16.64
20:09:47.023 , Vol+O2, 66902.00, 0.00, -0.27, 16.64
20:09:47.026 , Vol+O2, 66939.00, 0.00, -0.27, 16.64
20:09:47.026 , Vol+O2, 66976.00, 0.00, -0.27, 16.64
20:09:47.032 , Vol+O2, 67013.00, 0.00, -0.27, 16.64
20:09:47.032 , Vol+O2, 67050.00, 0.00, -0.27, 16.64
20:09:47.034 , Vol+O2, 67086.00, 0.00, -0.27, 16.61
20:09:47.034 , Vol+O2, 67123.00, 0.00, -0.27, 16.61
20:09:47.036 , Vol+O2, 67160.00, 0.00, -0.47, 16.61
20:09:47.036 , Vol+O2, 67197.00, 0.00, -0.27, 16.61
20:09:47.039 , Vol+O2, 67234.00, 0.00, -0.47, 16.58
20:09:47.039 , Vol+O2, 67271.00, 0.00, -0.27, 16.58
20:09:47.045 , Vol+O2, 67308.00, 0.00, -0.27, 16.58
20:09:47.045 , Vol+O2, 67345.00, 0.00, -0.27, 16.58
20:09:47.045 , Vol+O2, 67382.00, 0.00, -0.47, 16.58
20:09:47.046 , Vol+O2, 67419.00, 0.00, -0.47, 16.58
20:09:47.046 , Vol+O2, 67456.00, 0.00, -0.27, 16.58
20:09:47.051 , Vol+O2, 67492.00, 0.00, -0.27, 16.58
20:09:47.051 , Vol+O2, 67529.00, 0.29, -0.27, 16.58
20:09:47.077 , Vol+O2, 67566.00, 0.37, -0.27, 16.56
20:09:47.077 , Vol+O2, 67603.00, 0.96, -0.47, 16.56
20:09:47.088 , Vol+O2, 67640.00, 2.35, -0.27, 16.56
20:09:47.089 , Vol+O2, 67677.00, 3.98, -0.27, 16.56
20:09:47.089 , Vol+O2, 67714.00, 5.82, -0.27, 16.52
20:09:47.091 , Vol+O2, 67751.00, 6.84, -0.27, 16.52
20:09:47.091 , Vol+O2, 67788.00, 8.65, -0.27, 16.52
20:09:47.091 , Vol+O2, 67825.00, 10.13, -0.27, 16.52
20:09:47.091 , Vol+O2, 67862.00, 11.09, -0.27, 16.49
20:09:47.093 , Vol+O2, 67899.00, 11.34, -0.27, 16.49
20:09:47.121 , Vol+O2, 67936.00, 10.68, -0.27, 16.49
20:09:47.121 , Vol+O2, 67973.00, 10.85, -0.27, 16.49
20:09:47.121 , Vol+O2, 68010.00, 10.31, -0.27, 16.46
20:09:47.123 , Vol+O2, 68047.00, 10.68, -0.27, 16.46
20:09:47.123 , Vol+O2, 68084.00, 10.91, -0.27, 16.46
20:09:47.124 , Vol+O2, 68120.00, 10.68, -0.27, 16.46
20:09:47.124 , Vol+O2, 68156.00, 11.28, -0.27, 16.43
20:09:47.125 , Vol+O2, 68193.00, 11.15, -0.27, 16.43
20:09:47.125 , Vol+O2, 68230.00, 10.68, -0.47, 16.43
20:09:47.128 , Vol+O2, 68267.00, 11.46, -0.27, 16.43
20:09:47.132 , Vol+O2, 68304.00, 10.85, -0.47, 16.43
20:09:47.132 , Vol+O2, 68341.00, 11.40, -0.27, 16.43
20:09:47.135 , Vol+O2, 68378.00, 11.65, -0.27, 16.43
20:09:47.135 , Vol+O2, 68415.00, 11.65, -0.27, 16.43
20:09:47.151 , Vol+O2, 68452.00, 11.58, -0.47, 16.40
20:09:47.151 , Vol+O2, 68489.00, 12.15, -0.27, 16.40
20:09:47.154 , Vol+O2, 68526.00, 11.34, -0.27, 16.40
20:09:47.154 , Vol+O2, 68563.00, 11.03, -0.27, 16.40
20:09:47.155 , Vol+O2, 68600.00, 10.97, -0.27, 16.40
20:09:47.155 , Vol+O2, 68637.00, 11.77, -0.27, 16.40
20:09:47.158 , Vol+O2, 68674.00, 11.83, -0.27, 16.40
20:09:47.158 , Vol+O2, 68711.00, 11.52, -0.27, 16.40
20:09:47.163 , Vol+O2, 68748.00, 11.77, -0.27, 16.40
20:09:47.163 , Vol+O2, 68785.00, 11.83, -0.27, 16.36
20:09:47.165 , Vol+O2, 68822.00, 11.71, -0.27, 16.36
20:09:47.165 , Vol+O2, 68859.00, 12.02, -0.27, 16.36
20:09:47.169 , Vol+O2, 68896.00, 12.47, -0.27, 16.36
20:09:47.170 , Vol+O2, 68933.00, 11.96, -0.27, 16.37
20:09:47.170 , Vol+O2, 68970.00, 11.96, -0.47, 16.37
20:09:47.171 , Vol+O2, 69007.00, 12.21, -0.27, 16.37
20:09:47.171 , Vol+O2, 69044.00, 11.71, -0.27, 16.37
20:09:47.171 , Vol+O2, 69081.00, 11.58, -0.27, 16.37
20:09:47.174 , Vol+O2, 69118.00, 11.77, -0.27, 16.37
20:09:47.174 , Vol+O2, 69155.00, 12.59, -0.27, 16.37
20:09:47.179 , Vol+O2, 69192.00, 11.90, -0.27, 16.37
20:09:47.179 , Vol+O2, 69229.00, 12.92, -0.47, 16.34
20:09:47.192 , Vol+O2, 69266.00, 12.59, -0.47, 16.34
20:09:47.192 , Vol+O2, 69303.00, 11.96, -0.27, 16.34
20:09:47.192 , Vol+O2, 69340.00, 11.52, -0.47, 16.34
20:09:47.195 , Vol+O2, 69377.00, 11.34, -0.27, 16.34
20:09:47.195 , Vol+O2, 69414.00, 11.22, -0.27, 16.34
20:09:47.198 , Vol+O2, 69451.00, 11.34, -0.27, 16.34
20:09:47.198 , Vol+O2, 69488.00, 10.79, -0.27, 16.34
20:09:47.200 , Vol+O2, 69524.00, 11.15, -0.47, 16.31
20:09:47.200 , Vol+O2, 69561.00, 11.71, -0.27, 16.31
20:09:47.206 , Vol+O2, 69598.00, 11.40, -0.47, 16.31
20:09:47.206 , Vol+O2, 69635.00, 10.37, -0.27, 16.31
20:09:47.206 , Vol+O2, 69672.00, 9.38, -0.27, 16.31
20:09:47.209 , Vol+O2, 69709.00, 9.55, -0.27, 16.31
20:09:47.209 , Vol+O2, 69746.00, 9.38, -0.27, 16.31
20:09:47.212 , Vol+O2, 69783.00, 10.49, -0.27, 16.31
20:09:47.217 , Vol+O2, 69820.00, 10.19, -0.27, 16.28
20:09:47.217 , Vol+O2, 69857.00, 9.96, -0.47, 16.28
20:09:47.218 , Vol+O2, 69894.00, 9.55, -0.27, 16.28
20:09:47.218 , Vol+O2, 69931.00, 8.19, -0.27, 16.28
20:09:47.281 , Vol+O2, 69968.00, 6.62, -0.27, 16.28
20:09:47.281 , Vol+O2, 70005.00, 6.00, -0.27, 16.28
20:09:47.281 , Vol+O2, 70042.00, 6.04, -0.27, 16.28
20:09:47.281 , Vol+O2, 70078.00, 5.28, -0.27, 16.28
20:09:47.281 , Vol+O2, 70115.00, 4.57, -0.27, 16.28
20:09:47.284 , Vol+O2, 70152.00, 2.81, -0.47, 16.28
20:09:47.284 , Vol+O2, 70189.00, 2.26, -0.27, 16.28
20:09:47.281 , Vol+O2, 70226.00, 2.09, -0.27, 16.28
20:09:47.285 , Vol+O2, 70263.00, 1.34, -0.27, 16.28
20:09:47.285 , Vol+O2, 70300.00, 1.10, -0.27, 16.29
20:09:47.286 , Vol+O2, 70337.00, 0.50, -0.27, 16.29
20:09:47.286 , Vol+O2, 70374.00, 0.00, -0.27, 16.29
20:09:47.287 , Vol+O2, 70411.00, 0.00, -0.47, 16.29
20:09:47.287 , Vol+O2, 70448.00, 0.42, -0.27, 16.25
20:09:47.290 , Vol+O2, 70485.00, 0.55, -0.47, 16.25
20:09:47.290 , Vol+O2, 70522.00, 0.67, -0.27, 16.25
20:09:47.298 , Vol+O2, 70559.00, 0.88, -0.47, 16.25
20:09:47.298 , Vol+O2, 70596.00, 0.88, -0.27, 16.23
20:09:47.299 , Vol+O2, 70633.00, 0.42, -0.27, 16.23
20:09:47.299 , Vol+O2, 70670.00, 0.00, -0.27, 16.23
20:09:47.302 , Vol+O2, 70706.00, -0.70, -0.27, 16.23
20:09:47.302 , Vol+O2, 70742.00, -1.27, -0.27, 16.22
20:09:47.307 , Vol+O2, 70779.00, -0.70, -0.27, 16.22
20:09:47.308 , Vol+O2, 70816.00, 0.00, -0.47, 16.22
20:09:47.308 , Vol+O2, 70853.00, 0.29, -0.47, 16.22
20:09:47.337 , Vol+O2, 70890.00, 0.00, -0.27, 16.22
20:09:47.337 , Vol+O2, 70927.00, 0.00, -0.27, 16.22
20:09:47.356 , Vol+O2, 70964.00, -0.32, -0.27, 16.22
20:09:47.356 , Vol+O2, 71001.00, -0.70, -0.27, 16.22
20:09:47.398 , Vol+O2, 71038.00, -0.89, -0.27, 16.22
20:09:47.398 , Vol+O2, 71075.00, 0.00, -0.47, 16.22
20:09:47.400 , Vol+O2, 71112.00, 0.25, -0.27, 16.22
20:09:47.402 , Vol+O2, 71149.00, 0.00, -0.27, 16.22
20:09:47.402 , Vol+O2, 71186.00, -1.08, -0.27, 16.22
20:09:47.413 , Vol+O2, 71223.00, -1.27, -0.27, 16.22
20:09:47.413 , Vol+O2, 71260.00, 0.00, 0.00, 16.22
20:09:47.415 , Vol+O2, 71297.00, 0.00, -0.47, 16.22
20:09:47.441 , Vol+O2, 71334.00, 0.00, -0.27, 16.22
20:09:52.701 , Vol+O2, 71372.00, 0.00, 0.00, 16.22
20:09:52.704 , Vol+O2, 71410.00, 0.00, -0.66, 16.22
20:09:52.706 , Vol+O2, 71447.00, 0.00, -0.47, 16.22
20:09:52.706 , Vol+O2, 71484.00, 0.00, -0.27, 16.22
20:09:52.708 , Vol+O2, 71523.00, -0.32, -0.27, 16.22
20:09:52.708 , Vol+O2, 71561.00, -0.51, -0.27, 16.22
20:09:52.708 , Vol+O2, 71599.00, 0.00, -0.47, 16.22
20:09:52.708 , Vol+O2, 71635.00, 0.21, -0.27, 16.22
20:09:52.717 , Vol+O2, 71672.00, -0.70, -0.47, 16.19
20:09:52.743 , Vol+O2, 71708.00, 0.00, -0.27, 16.19
20:09:52.743 , Vol+O2, 71745.00, 0.00, -0.27, 16.19
20:09:52.747 , Vol+O2, 71784.00, -0.32, -0.27, 16.19
20:09:52.747 , Vol+O2, 71820.00, 0.00, -0.27, 16.19
20:09:52.747 , Vol+O2, 71857.00, -0.32, -0.27, 16.19
20:09:52.747 , Vol+O2, 71894.00, 0.00, -0.27, 16.19
20:09:52.747 , Vol+O2, 71931.00, -0.32, -0.27, 16.19
20:09:52.750 , Vol+O2, 71968.00, 0.00, -0.27, 16.16
20:09:52.750 , Vol+O2, 72005.00, 0.00, -0.27, 16.16
20:09:52.793 , Vol+O2, 72042.00, 0.00, -0.47, 16.16
20:09:52.793 , Vol+O2, 72079.00, 0.00, -0.27, 16.16
20:09:52.795 , Vol+O2, 72116.00, 0.00, -0.27, 16.16
20:09:52.795 , Vol+O2, 72153.00, 0.00, -0.27, 16.16
20:09:52.799 , Vol+O2, 72190.00, 0.00, -0.47, 16.16
20:09:52.799 , Vol+O2, 72227.00, -0.51, -0.27, 16.16
20:09:52.800 , Vol+O2, 72263.00, 0.00, -0.47, 16.16
20:09:52.800 , Vol+O2, 72300.00, 0.00, -0.27, 16.16
20:09:52.800 , Vol+O2, 72337.00, 0.00, -0.27, 16.16
20:09:52.802 , Vol+O2, 72374.00, -0.32, -0.27, 16.16
20:09:52.802 , Vol+O2, 72411.00, 0.00, -0.27, 16.16
20:09:52.809 , Vol+O2, 72448.00, 0.00, -0.27, 16.16
20:09:52.809 , Vol+O2, 72485.00, 0.00, -0.27, 16.16
20:09:52.811 , Vol+O2, 72522.00, 0.00, -0.27, 16.16
20:09:52.811 , Vol+O2, 72559.00, 0.00, -0.27, 16.16
20:09:52.813 , Vol+O2, 72596.00, 0.00, -0.27, 16.16
20:09:52.819 , Vol+O2, 72633.00, 0.00, -0.27, 16.16
20:09:52.819 , Vol+O2, 72670.00, -0.32, -0.27, 16.16
20:09:52.820 , Vol+O2, 72707.00, 0.00, -0.27, 16.16
20:09:52.820 , Vol+O2, 72744.00, 0.00, -0.27, 16.16
20:09:52.825 , Vol+O2, 72781.00, 0.00, -0.47, 16.16
20:09:52.825 , Vol+O2, 72818.00, 0.00, -0.27, 16.16
20:09:52.826 , Vol+O2, 72855.00, 0.00, -0.47, 16.16
20:09:52.826 , Vol+O2, 72892.00, 0.00, -0.27, 16.17
20:09:52.832 , Vol+O2, 72929.00, 0.00, -0.27, 16.17
20:09:52.832 , Vol+O2, 72966.00, -0.32, -0.27, 16.17
20:09:52.856 , Vol+O2, 73003.00, -0.32, -0.27, 16.17
20:09:52.856 , Vol+O2, 73040.00, 0.00, -0.27, 16.13
20:09:52.867 , Vol+O2, 73077.00, -0.32, -0.47, 16.13
20:09:52.868 , Vol+O2, 73114.00, 0.00, -0.27, 16.13
20:09:52.868 , Vol+O2, 73151.00, -0.32, -0.27, 16.13
20:09:52.869 , Vol+O2, 73188.00, -2.03, 0.00, 16.16
20:09:52.869 , Vol+O2, 73225.00, 2.17, 3.12, 16.16
20:09:52.869 , Vol+O2, 73262.00, -4.27, 10.59, 16.16
20:09:52.869 , Vol+O2, 73299.00, 0.33, 16.66, 16.16
20:09:52.873 , Vol+O2, 73336.00, 0.00, 19.75, 16.16
20:09:52.873 , Vol+O2, 73373.00, -0.51, 17.97, 16.16
20:09:52.875 , Vol+O2, 73410.00, 0.00, 14.33, 16.16
20:09:52.875 , Vol+O2, 73447.00, 0.00, 13.23, 16.16
20:09:52.878 , Vol+O2, 73483.00, -0.32, 11.02, 16.16
20:09:52.878 , Vol+O2, 73520.00, -0.70, 11.46, 16.16
20:09:52.882 , Vol+O2, 73557.00, 0.00, 11.59, 16.16
20:09:52.882 , Vol+O2, 73594.00, 0.00, 10.17, 16.16
20:09:52.882 , Vol+O2, 73631.00, 0.00, 12.10, 16.22
20:09:52.884 , Vol+O2, 73668.00, 0.00, 11.34, 16.22
20:09:52.884 , Vol+O2, 73705.00, 0.00, 12.89, 16.22
20:09:52.949 , Vol+O2, 73742.00, 0.00, 11.15, 16.22
20:09:52.949 , Vol+O2, 73779.00, 0.00, 10.71, 16.28
20:09:52.949 , Vol+O2, 73816.00, -0.32, 10.13, 16.28
20:09:52.951 , Vol+O2, 73853.00, 0.00, 8.52, 16.28
20:09:52.951 , Vol+O2, 73890.00, 0.00, 6.54, 16.28
20:09:52.951 , Vol+O2, 73927.00, -0.70, 5.83, 16.40
20:09:52.965 , Vol+O2, 73964.00, 0.29, 5.38, 16.40
20:09:52.965 , Vol+O2, 74001.00, -0.89, 6.18, 16.40
20:09:52.971 , Vol+O2, 74037.00, -1.27, 6.10, 16.40
20:09:52.971 , Vol+O2, 74074.00, 0.21, 5.25, 16.40
20:09:52.973 , Vol+O2, 74111.00, 0.25, 6.06, 16.52
20:09:52.973 , Vol+O2, 74148.00, 0.29, 5.51, 16.52
20:09:52.988 , Vol+O2, 74185.00, 0.25, 5.62, 16.52
20:09:52.988 , Vol+O2, 74222.00, 0.00, 7.13, 16.52
20:09:52.990 , Vol+O2, 74259.00, -0.32, 7.96, 16.61
20:09:52.991 , Vol+O2, 74296.00, -0.32, 8.75, 16.61
20:09:52.991 , Vol+O2, 74333.00, -0.51, 8.30, 16.61
20:09:52.992 , Vol+O2, 74370.00, -0.32, 7.68, 16.61
20:09:52.992 , Vol+O2, 74407.00, 0.00, 7.08, 16.73
20:09:52.992 , Vol+O2, 74444.00, 0.00, 6.81, 16.73
20:09:52.994 , Vol+O2, 74481.00, -0.32, 6.49, 16.73
20:09:52.994 , Vol+O2, 74518.00, -0.32, 5.74, 16.73
20:09:52.997 , Vol+O2, 74555.00, 0.00, 5.60, 16.83
20:09:52.997 , Vol+O2, 74592.00, 0.00, 6.75, 16.83
20:09:53.006 , Vol+O2, 74629.00, -0.32, 6.49, 16.83
20:09:53.006 , Vol+O2, 74665.00, -0.32, 5.95, 16.83
20:09:53.007 , Vol+O2, 74701.00, 0.00, 5.65, 16.85
20:09:53.007 , Vol+O2, 74738.00, 0.00, 5.95, 16.85
20:09:53.009 , Vol+O2, 74775.00, 0.00, 5.65, 16.85
20:09:53.009 , Vol+O2, 74812.00, 0.00, 5.03, 16.85
20:09:53.012 , Vol+O2, 74849.00, 0.00, 5.83, 16.85
20:09:53.012 , Vol+O2, 74886.00, 0.00, 4.81, 16.85
20:09:53.016 , Vol+O2, 74923.00, -0.32, 3.96, 16.85
20:09:53.016 , Vol+O2, 74960.00, 0.00, 4.72, 16.85
20:09:53.016 , Vol+O2, 74997.00, 0.00, 4.67, 16.88
20:09:53.017 , Vol+O2, 75034.00, 0.00, 4.37, 16.88
20:09:53.045 , Vol+O2, 75071.00, -0.51, 4.05, 16.88
20:09:53.045 , Vol+O2, 75108.00, 0.00, 4.36, 16.88
20:09:53.048 , Vol+O2, 75145.00, 0.00, 4.63, 16.91
20:09:53.048 , Vol+O2, 75182.00, 0.00, 4.14, 16.91
20:09:53.050 , Vol+O2, 75219.00, -1.08, 3.87, 16.91
20:09:53.050 , Vol+O2, 75257.00, 0.55, 4.59, 16.91
20:09:53.054 , Vol+O2, 75294.00, 1.25, 4.67, 16.91
20:09:53.054 , Vol+O2, 75331.00, -4.27, 2.85, 16.91
20:09:53.057 , Vol+O2, 75368.00, 1.13, 3.20, 16.91
20:09:53.057 , Vol+O2, 75405.00, 0.00, 4.67, 16.91
20:09:53.059 , Vol+O2, 75442.00, -4.27, 2.02, 16.91
20:09:53.059 , Vol+O2, 75479.00, 1.89, 4.18, 16.88
20:09:53.062 , Vol+O2, 75516.00, -3.35, 4.15, 16.88
20:09:53.062 , Vol+O2, 75553.00, -2.97, 1.92, 16.88
20:09:53.064 , Vol+O2, 75590.00, 1.67, 5.51, 16.88
20:09:53.064 , Vol+O2, 75627.00, -4.27, 2.53, 16.88
20:09:53.071 , Vol+O2, 75664.00, -2.40, 1.66, 16.88
20:09:53.071 , Vol+O2, 75701.00, 1.59, 3.34, 16.88
20:09:53.071 , Vol+O2, 75738.00, 0.79, 4.14, 16.88
20:09:53.071 , Vol+O2, 75775.00, -4.27, 1.97, 16.85
20:09:53.073 , Vol+O2, 75812.00, -2.40, 1.43, 16.85
20:09:53.073 , Vol+O2, 75849.00, 0.84, 2.45, 16.85
20:09:53.077 , Vol+O2, 75886.00, 1.75, 3.87, 16.85
20:09:53.133 , Vol+O2, 75923.00, 0.37, 3.65, 16.82
20:09:53.133 , Vol+O2, 75960.00, -2.59, 2.67, 16.82
20:09:53.135 , Vol+O2, 75997.00, -4.27, 2.06, 16.82
20:09:53.135 , Vol+O2, 76033.00, -4.27, 1.61, 16.82
20:09:53.137 , Vol+O2, 76069.00, -3.73, 1.84, 16.82
20:09:53.137 , Vol+O2, 76106.00, -0.51, 2.50, 16.82
20:09:53.140 , Vol+O2, 76143.00, 0.71, 3.07, 16.82
20:09:53.140 , Vol+O2, 76180.00, 1.10, 3.31, 16.82
20:09:53.140 , Vol+O2, 76217.00, 1.38, 3.42, 16.82
20:09:53.142 , Vol+O2, 76254.00, 1.67, 3.12, 16.82
20:09:53.142 , Vol+O2, 76291.00, 1.75, 3.08, 16.82
20:09:53.144 , Vol+O2, 76328.00, 1.47, 2.22, 16.82
20:09:53.144 , Vol+O2, 76365.00, 0.84, 1.44, 16.79
20:09:53.148 , Vol+O2, 76402.00, 0.46, 0.59, 16.79
20:09:53.148 , Vol+O2, 76439.00, -2.59, 0.00, 16.79
20:09:53.153 , Vol+O2, 76476.00, -4.27, 0.41, 16.79
20:09:53.153 , Vol+O2, 76513.00, -4.27, 0.23, 16.77
20:09:53.154 , Vol+O2, 76550.00, -4.27, 0.59, 16.77
20:09:53.157 , Vol+O2, 76587.00, -3.16, 1.34, 16.77
20:09:53.157 , Vol+O2, 76623.00, -0.51, 2.28, 16.77
20:09:53.161 , Vol+O2, 76660.00, 1.17, 2.94, 16.77
20:09:53.161 , Vol+O2, 76697.00, 1.89, 1.92, 16.73
20:09:53.163 , Vol+O2, 76734.00, 0.93, 0.41, 16.73
20:09:53.163 , Vol+O2, 76771.00, -2.59, -3.05, 16.73
20:09:58.181 , Vol+O2, 76809.00, -4.27, -3.85, 16.73
20:09:58.181 , Vol+O2, 76845.00, -4.27, -3.65, 16.70
20:09:58.183 , Vol+O2, 76882.00, -2.97, 0.00, 16.70
20:09:58.183 , Vol+O2, 76919.00, 0.33, 0.73, 16.70
20:09:58.183 , Vol+O2, 76956.00, 1.01, 0.81, 16.70
20:09:58.183 , Vol+O2, 76993.00, 0.37, 0.00, 16.71
20:09:58.183 , Vol+O2, 77030.00, -0.70, -1.26, 16.71
20:09:58.185 , Vol+O2, 77067.00, -1.83, -1.66, 16.71
20:09:58.187 , Vol+O2, 77104.00, -0.89, -1.06, 16.71
20:09:58.187 , Vol+O2, 77141.00, -0.32, 0.00, 16.67
20:09:58.194 , Vol+O2, 77181.00, 0.00, 0.00, 16.67
20:09:58.194 , Vol+O2, 77219.00, 0.00, -0.27, 16.67
20:09:58.236 , Vol+O2, 77255.00, 0.00, -0.47, 16.67
20:09:58.236 , Vol+O2, 77294.00, 0.00, -0.67, 16.64
20:09:58.251 , Vol+O2, 77332.00, -0.32, -0.67, 16.64
20:09:58.251 , Vol+O2, 77369.00, 0.00, -0.47, 16.64
20:09:58.252 , Vol+O2, 77406.00, 0.00, -0.27, 16.64
20:09:58.252 , Vol+O2, 77442.00, 0.00, -0.47, 16.61
20:09:58.299 , Vol+O2, 77478.00, 0.00, -0.27, 16.61
20:09:58.299 , Vol+O2, 77514.00, -0.70, -0.27, 16.61
20:09:58.300 , Vol+O2, 77553.00, -0.32, -0.27, 16.61
20:09:58.317 , Vol+O2, 77591.00, 0.00, -0.27, 16.61
20:09:58.317 , Vol+O2, 77628.00, 0.00, -0.27, 16.61
20:09:58.321 , Vol+O2, 77665.00, 0.00, -0.27, 16.61
20:09:58.321 , Vol+O2, 77702.00, 0.00, -0.47, 16.61
20:09:58.321 , Vol+O2, 77739.00, -0.32, -0.47, 16.58
20:09:58.321 , Vol+O2, 77776.00, 0.00, -0.27, 16.58
20:09:58.321 , Vol+O2, 77813.00, 0.00, -0.27, 16.58
20:09:58.321 , Vol+O2, 77850.00, 0.00, -0.47, 16.58
20:09:58.324 , Vol+O2, 77887.00, 0.00, -0.27, 16.58
20:09:58.324 , Vol+O2, 77924.00, 0.00, -0.27, 16.58
20:09:58.331 , Vol+O2, 77961.00, 0.00, -0.27, 16.58
20:09:58.331 , Vol+O2, 77997.00, -0.32, -0.86, 16.58
20:09:58.334 , Vol+O2, 78034.00, 0.00, -0.47, 16.58
20:09:58.334 , Vol+O2, 78071.00, 0.00, -0.47, 16.52
20:09:58.336 , Vol+O2, 78108.00, 0.00, -0.27, 16.52
20:09:58.336 , Vol+O2, 78145.00, 0.00, -0.47, 16.52
20:09:58.339 , Vol+O2, 78182.00, 0.00, -0.47, 16.52
20:09:58.339 , Vol+O2, 78219.00, 0.00, -0.27, 16.49
20:09:58.343 , Vol+O2, 78256.00, 0.00, -0.27, 16.49
20:09:58.343 , Vol+O2, 78293.00, 0.00, -0.27, 16.49
20:09:58.347 , Vol+O2, 78330.00, 0.00, -0.27, 16.49
20:09:58.347 , Vol+O2, 78367.00, 0.25, -0.27, 16.46
20:09:58.351 , Vol+O2, 78404.00, 0.00, -0.27, 16.46
20:09:58.351 , Vol+O2, 78441.00, 0.00, -0.47, 16.46
20:09:58.377 , Vol+O2, 78478.00, -0.32, -0.27, 16.46
20:09:58.377 , Vol+O2, 78515.00, -0.32, -0.27, 16.46
20:09:58.392 , Vol+O2, 78552.00, -0.32, -0.47, 16.46
20:09:58.392 , Vol+O2, 78589.00, 0.00, -0.47, 16.46
20:09:58.395 , Vol+O2, 78625.00, 0.00, -0.47, 16.46
20:09:58.395 , Vol+O2, 78661.00, 0.00, -0.47, 16.43
20:09:58.396 , Vol+O2, 78698.00, 0.00, -0.27, 16.43
20:09:58.398 , Vol+O2, 78735.00, 0.00, -0.27, 16.43
20:09:58.398 , Vol+O2, 78772.00, 0.00, -0.27, 16.43
20:09:58.399 , Vol+O2, 78809.00, 0.00, -0.27, 16.40
20:09:58.399 , Vol+O2, 78846.00, 0.00, -0.47, 16.40
20:09:58.402 , Vol+O2, 78883.00, -0.51, -0.47, 16.40
20:09:58.402 , Vol+O2, 78920.00, 0.00, -0.47, 16.40
20:09:58.405 , Vol+O2, 78957.00, 0.00, -0.27, 16.40
20:09:58.405 , Vol+O2, 78994.00, -0.32, -0.27, 16.40
20:09:58.407 , Vol+O2, 79031.00, 0.00, -0.27, 16.40
20:09:58.407 , Vol+O2, 79068.00, 0.00, -0.27, 16.40
20:09:58.411 , Vol+O2, 79105.00, 0.00, 0.00, 16.40
20:09:58.411 , Vol+O2, 79142.00, -1.27, -0.67, 16.40
20:09:58.415 , Vol+O2, 79179.00, 0.00, -0.86, 16.40
20:09:58.415 , Vol+O2, 79216.00, -1.27, -0.86, 16.40
20:09:58.418 , Vol+O2, 79253.00, -0.51, -0.47, 16.40
20:09:58.486 , Vol+O2, 79290.00, -0.32, -0.47, 16.37
20:09:58.486 , Vol+O2, 79327.00, 0.00, -0.27, 16.37
20:09:58.486 , Vol+O2, 79364.00, 0.00, -0.27, 16.37
20:09:58.486 , Vol+O2, 79401.00, 0.00, -0.47, 16.37
20:09:58.489 , Vol+O2, 79438.00, 0.00, -0.27, 16.34
20:09:58.489 , Vol+O2, 79475.00, 0.00, -0.27, 16.34
20:09:58.491 , Vol+O2, 79512.00, 0.00, -0.47, 16.34
20:09:58.491 , Vol+O2, 79549.00, 0.00, -0.27, 16.34
20:09:58.493 , Vol+O2, 79586.00, 0.00, -0.47, 16.31
20:09:58.493 , Vol+O2, 79623.00, 0.00, -0.27, 16.31
20:09:58.500 , Vol+O2, 79660.00, 0.00, -0.27, 16.31
20:09:58.500 , Vol+O2, 79697.00, 0.00, -0.47, 16.31
20:09:58.524 , Vol+O2, 79734.00, 0.00, -0.27, 16.31
20:09:58.526 , Vol+O2, 79771.00, 0.00, -0.27, 16.31
20:09:58.526 , Vol+O2, 79808.00, -0.32, -0.27, 16.31
20:09:58.528 , Vol+O2, 79845.00, -0.51, -0.27, 16.31
20:09:58.528 , Vol+O2, 79882.00, -0.32, 0.00, 16.31
20:09:58.566 , Vol+O2, 79919.00, -0.32, -0.27, 16.31
20:09:58.566 , Vol+O2, 79956.00, 0.00, -0.27, 16.31
20:09:58.568 , Vol+O2, 79993.00, 0.00, -0.27, 16.31
20:09:58.568 , Vol+O2, 80030.00, 0.00, -0.27, 16.31
20:09:58.571 , Vol+O2, 80067.00, 0.00, -0.27, 16.31
20:09:58.571 , Vol+O2, 80104.00, 0.00, -0.27, 16.31
20:09:58.572 , Vol+O2, 80141.00, 0.00, -0.47, 16.31
20:09:58.572 , Vol+O2, 80178.00, 0.00, -0.27, 16.28
20:09:58.574 , Vol+O2, 80215.00, 0.00, -0.27, 16.28
20:09:58.574 , Vol+O2, 80252.00, 0.00, -0.27, 16.28
20:09:58.575 , Vol+O2, 80289.00, 0.00, -0.47, 16.28
20:09:58.575 , Vol+O2, 80326.00, 0.00, -0.27, 16.25
20:09:58.576 , Vol+O2, 80363.00, 0.00, -0.27, 16.25
20:09:58.579 , Vol+O2, 80400.00, 0.00, -0.27, 16.25
20:09:58.579 , Vol+O2, 80437.00, 0.00, -0.27, 16.25
20:09:58.583 , Vol+O2, 80474.00, 0.00, -0.27, 16.28
20:09:58.583 , Vol+O2, 80511.00, 0.00, -0.27, 16.28
20:09:58.609 , Vol+O2, 80548.00, 0.00, -0.27, 16.28
20:09:58.609 , Vol+O2, 80586.00, 0.00, -0.27, 16.28
20:09:58.610 , Vol+O2, 80623.00, 0.00, -0.27, 16.28
20:09:58.611 , Vol+O2, 80660.00, 0.00, -0.27, 16.25
20:09:58.611 , Vol+O2, 80697.00, 0.00, -0.27, 16.25
20:09:58.648 , Vol+O2, 80734.00, 0.00, -0.27, 16.25
20:09:58.648 , Vol+O2, 80771.00, 0.00, -0.27, 16.25
20:09:58.650 , Vol+O2, 80808.00, 0.00, -0.47, 16.22
20:09:58.650 , Vol+O2, 80845.00, 0.00, -0.27, 16.22
20:09:58.651 , Vol+O2, 80882.00, 0.00, -0.27, 16.22
20:09:58.651 , Vol+O2, 80919.00, 0.00, -0.27, 16.22
20:09:58.654 , Vol+O2, 80956.00, 0.00, -0.27, 16.22
20:09:58.654 , Vol+O2, 80993.00, 0.00, -0.27, 16.22
20:09:58.655 , Vol+O2, 81030.00, 0.00, -0.27, 16.22
20:09:58.655 , Vol+O2, 81067.00, 0.00, -0.27, 16.22
20:09:58.656 , Vol+O2, 81104.00, 0.00, -0.27, 16.23
20:09:58.656 , Vol+O2, 81141.00, 0.00, -0.27, 16.23
20:09:58.658 , Vol+O2, 81178.00, 0.00, -0.27, 16.23
20:09:58.661 , Vol+O2, 81215.00, 0.00, -0.27, 16.23
20:09:58.661 , Vol+O2, 81252.00, 0.00, -0.27, 16.19
20:09:58.665 , Vol+O2, 81289.00, 0.00, -0.27, 16.19
20:09:58.665 , Vol+O2, 81326.00, 0.00, -0.27, 16.19
20:09:58.691 , Vol+O2, 81362.00, 0.00, -0.27, 16.19
20:09:58.691 , Vol+O2, 81398.00, 0.00, -0.27, 16.19
20:09:58.692 , Vol+O2, 81435.00, 0.00, -0.27, 16.19
20:09:58.694 , Vol+O2, 81472.00, 0.00, -0.47, 16.19
20:09:58.694 , Vol+O2, 81509.00, 0.00, -0.27, 16.19
20:09:58.709 , Vol+O2, 81546.00, 0.00, -0.27, 16.16
20:09:58.709 , Vol+O2, 81583.00, 0.00, -0.27, 16.16
20:09:58.712 , Vol+O2, 81620.00, 0.00, -0.47, 16.16
20:09:58.712 , Vol+O2, 81657.00, 0.00, -0.27, 16.16
20:09:58.715 , Vol+O2, 81694.00, 0.00, -0.27, 16.19
20:09:58.715 , Vol+O2, 81731.00, 0.00, -0.27, 16.19
20:09:58.720 , Vol+O2, 81768.00, 0.00, -0.27, 16.19
20:09:58.720 , Vol+O2, 81805.00, 0.00, -0.27, 16.19
20:09:58.727 , Vol+O2, 81842.00, 0.00, -0.27, 16.19
20:09:58.727 , Vol+O2, 81879.00, 0.00, -0.47, 16.19
20:09:58.729 , Vol+O2, 81916.00, 0.00, -0.47, 16.19
20:09:58.729 , Vol+O2, 81953.00, 0.00, -0.47, 16.19
20:09:58.731 , Vol+O2, 81990.00, 0.00, -0.27, 16.19
20:09:58.731 , Vol+O2, 82027.00, 0.00, -0.27, 16.19
20:09:58.734 , Vol+O2, 82064.00, 0.00, -0.27, 16.19
20:09:58.797 , Vol+O2, 82101.00, 0.00, -0.27, 16.19
20:09:58.797 , Vol+O2, 82138.00, 0.00, -0.27, 16.19
20:09:58.798 , Vol+O2, 82175.00, 0.00, -0.27, 16.16
20:09:58.798 , Vol+O2, 82212.00, 0.00, -0.47, 16.16
20:09:58.799 , Vol+O2, 82249.00, 0.00, -0.47, 16.16
20:09:58.799 , Vol+O2, 82286.00, 0.00, -0.27, 16.16
20:09:58.801 , Vol+O2, 82323.00, 0.00, -0.27, 16.16
20:09:58.801 , Vol+O2, 82360.00, 0.00, -0.27, 16.16
20:09:58.803 , Vol+O2, 82397.00, 0.00, -0.27, 16.16
20:09:58.803 , Vol+O2, 82434.00, 0.00, -0.27, 16.16
20:09:58.804 , Vol+O2, 82471.00, 0.00, -0.27, 16.13
20:09:58.804 , Vol+O2, 82508.00, 0.00, -0.27, 16.13
20:09:58.810 , Vol+O2, 82545.00, 0.00, -0.27, 16.13
20:09:58.810 , Vol+O2, 82582.00, 0.00, -0.27, 16.13
20:09:58.813 , Vol+O2, 82619.00, 0.00, -0.27, 16.16
