16:01:03.073 , TTPPH, 15526, 27.32, 27.61, 99728.80, 99660.70, 93.34
17:54:57.895 , Vol+O2, 200467.00, 0.00, 0.00, 20.75
17:54:57.905 , Vol+O2, 200501.00, 0.00, 0.00, 20.75
17:54:57.907 , Vol+O2, 200536.00, 0.00, 0.00, 20.75
17:54:57.907 , Vol+O2, 200571.00, 0.00, 0.00, 20.75
17:54:57.908 , Vol+O2, 200606.00, 0.00, 0.00, 20.75
17:54:57.908 , Vol+O2, 200641.00, 0.00, 0.00, 20.75
17:54:57.910 , Vol+O2, 200676.00, 0.00, 0.00, 20.75
17:54:57.910 , Vol+O2, 200711.00, 0.00, 0.00, 20.75
17:54:57.912 , Vol+O2, 200746.00, 0.00, 0.00, 20.75
17:54:57.912 , Vol+O2, 200781.00, 0.00, 0.00, 20.75
17:54:57.914 , Vol+O2, 200816.00, 0.00, 0.00, 20.75
17:54:57.919 , Vol+O2, 200851.00, 0.00, 0.00, 20.75
17:54:57.919 , Vol+O2, 200886.00, 0.00, 0.00, 20.75
17:54:57.921 , Vol+O2, 200921.00, 0.00, 0.00, 20.75
17:54:57.921 , Vol+O2, 200956.00, 0.00, 0.00, 20.75
17:54:57.924 , Vol+O2, 200991.00, 0.00, 0.00, 20.75
17:54:57.924 , Vol+O2, 201026.00, 0.00, 0.00, 20.75
17:54:57.928 , Vol+O2, 201061.00, 0.00, 0.00, 20.75
17:54:57.928 , Vol+O2, 201096.00, 0.00, 0.00, 20.75
17:54:57.932 , Vol+O2, 201131.00, 0.00, 0.00, 20.75
17:54:57.932 , Vol+O2, 201166.00, 0.00, 0.00, 20.75
17:54:57.987 , Vol+O2, 201201.00, 0.00, 0.00, 20.75
17:54:57.987 , Vol+O2, 201236.00, 0.00, 0.00, 20.75
17:54:57.995 , Vol+O2, 201271.00, 0.00, 0.00, 20.78
17:54:57.995 , Vol+O2, 201306.00, 0.00, 0.00, 20.78
17:54:57.997 , Vol+O2, 201341.00, 0.00, 0.00, 20.78
17:54:57.997 , Vol+O2, 201376.00, 0.00, 0.00, 20.78
17:54:57.997 , Vol+O2, 201411.00, 0.00, 0.00, 20.78
17:54:57.998 , Vol+O2, 201446.00, 0.00, 0.00, 20.78
17:54:57.998 , Vol+O2, 201481.00, 0.00, 0.00, 20.78
17:54:57.999 , Vol+O2, 201516.00, 0.00, 0.00, 20.78
17:54:57.999 , Vol+O2, 201551.00, 0.00, 0.00, 20.78
17:54:58.001 , Vol+O2, 201586.00, 0.00, 0.00, 20.75
17:54:58.001 , Vol+O2, 201621.00, 0.00, 0.00, 20.75
17:54:58.011 , Vol+O2, 201656.00, 0.00, 0.00, 20.75
17:54:58.011 , Vol+O2, 201691.00, 0.00, 0.00, 20.75
17:54:58.012 , Vol+O2, 201726.00, 0.00, 0.00, 20.75
17:54:58.012 , Vol+O2, 201761.00, 0.00, 0.00, 20.75
17:54:58.015 , Vol+O2, 201796.00, 0.00, 0.00, 20.75
17:54:58.015 , Vol+O2, 201831.00, 0.00, 0.00, 20.75
17:54:58.019 , Vol+O2, 201866.00, 0.00, 0.00, 20.75
17:54:58.019 , Vol+O2, 201901.00, 0.00, 0.00, 20.75
17:54:58.021 , Vol+O2, 201936.00, 0.00, 0.00, 20.75
17:54:58.021 , Vol+O2, 201971.00, 0.00, 0.00, 20.75
17:54:58.061 , Vol+O2, 202006.00, 0.00, 0.00, 20.75
17:54:58.061 , Vol+O2, 202041.00, 0.00, 0.00, 20.75
17:54:58.062 , Vol+O2, 202076.00, 0.00, 0.00, 20.75
17:54:58.062 , Vol+O2, 202111.00, 0.00, 0.00, 20.75
17:54:58.065 , Vol+O2, 202146.00, 0.00, 0.00, 20.75
17:54:58.065 , Vol+O2, 202181.00, 0.00, 0.00, 20.75
17:54:58.068 , Vol+O2, 202216.00, 0.00, 0.00, 20.75
17:54:58.068 , Vol+O2, 202251.00, 0.00, 0.00, 20.75
17:54:58.071 , Vol+O2, 202286.00, 0.00, 0.00, 20.75
17:54:58.071 , Vol+O2, 202321.00, 0.00, 0.00, 20.75
17:54:58.074 , Vol+O2, 202356.00, 0.00, 0.00, 20.75
17:54:58.074 , Vol+O2, 202391.00, 0.00, 0.00, 20.75
17:54:58.076 , Vol+O2, 202426.00, 0.00, 0.00, 20.75
17:54:58.076 , Vol+O2, 202461.00, 0.00, 0.00, 20.78
17:54:58.080 , Vol+O2, 202496.00, 0.00, 0.00, 20.78
17:54:58.080 , Vol+O2, 202531.00, 0.00, 0.00, 20.78
17:54:58.083 , Vol+O2, 202566.00, 0.00, 0.00, 20.78
17:54:58.083 , Vol+O2, 202601.00, 0.00, 0.00, 20.78
17:54:58.086 , Vol+O2, 202636.00, 0.00, 0.00, 20.75
17:54:58.086 , Vol+O2, 202671.00, 0.00, 0.00, 20.75
17:54:58.089 , Vol+O2, 202706.00, 0.00, 0.00, 20.75
17:54:58.089 , Vol+O2, 202741.00, 0.00, 0.00, 20.75
17:54:58.093 , Vol+O2, 202776.00, 0.00, 0.00, 20.75
17:54:58.093 , Vol+O2, 202811.00, 0.00, 0.00, 20.75
17:54:58.096 , Vol+O2, 202846.00, 0.00, 0.00, 20.75
17:54:58.096 , Vol+O2, 202881.00, 0.00, 0.00, 20.75
17:54:58.133 , Vol+O2, 202916.00, 0.00, 0.00, 20.75
17:54:58.133 , Vol+O2, 202951.00, 0.00, 0.00, 20.75
17:54:58.135 , Vol+O2, 202986.00, 0.00, 0.00, 20.75
17:54:58.135 , Vol+O2, 203021.00, 0.00, 0.00, 20.75
17:54:58.142 , Vol+O2, 203056.00, 0.00, 0.00, 20.75
17:54:58.142 , Vol+O2, 203091.00, 0.00, 0.00, 20.75
17:54:58.437 , Vol+O2, 203126.00, 0.00, 0.00, 20.75
17:54:58.437 , Vol+O2, 203161.00, 0.00, 0.00, 20.75
17:54:58.439 , Vol+O2, 203196.00, 0.00, 0.00, 20.75
17:54:58.439 , Vol+O2, 203231.00, 0.00, 0.00, 20.75
17:54:58.931 , Vol+O2, 203266.00, 0.00, 0.00, 20.75
17:54:58.931 , Vol+O2, 203301.00, 0.00, 0.00, 20.75
17:54:58.934 , Vol+O2, 203336.00, 0.00, 0.00, 20.75
17:54:58.934 , Vol+O2, 203371.00, 0.00, 0.00, 20.75
17:54:58.942 , Vol+O2, 203406.00, 0.00, 0.00, 20.75
17:54:58.942 , Vol+O2, 203441.00, 0.00, 0.00, 20.75
17:54:58.942 , Vol+O2, 203476.00, 0.00, 0.00, 20.75
17:54:58.942 , Vol+O2, 203511.00, 0.00, 0.00, 20.78
17:54:58.945 , Vol+O2, 203546.00, 0.00, 0.00, 20.78
17:54:58.945 , Vol+O2, 203581.00, 0.00, 0.00, 20.78
17:54:58.945 , Vol+O2, 203616.00, 0.00, 0.00, 20.78
17:54:58.945 , Vol+O2, 203651.00, 0.00, 0.00, 20.78
17:54:58.945 , Vol+O2, 203686.00, 0.00, 0.00, 20.75
17:54:58.946 , Vol+O2, 203721.00, 0.00, 0.00, 20.75
17:54:58.946 , Vol+O2, 203756.00, 0.00, 0.00, 20.75
17:54:58.954 , Vol+O2, 203791.00, 0.00, 0.00, 20.75
17:54:58.954 , Vol+O2, 203826.00, 0.00, 0.00, 20.75
17:54:58.980 , Vol+O2, 203861.00, 0.00, 0.00, 20.75
17:54:58.980 , Vol+O2, 203896.00, 0.00, 0.00, 20.75
17:54:58.981 , Vol+O2, 203931.00, 0.00, 0.00, 20.75
17:54:58.981 , Vol+O2, 203966.00, 0.00, 0.00, 20.75
17:54:58.982 , Vol+O2, 204001.00, 0.00, 0.00, 20.75
17:54:58.982 , Vol+O2, 204036.00, 0.00, 0.00, 20.75
17:54:58.982 , Vol+O2, 204071.00, 0.00, 0.00, 20.75
17:54:58.984 , Vol+O2, 204106.00, 0.00, 0.00, 20.75
17:54:58.984 , Vol+O2, 204141.00, 0.00, 0.00, 20.75
17:54:59.009 , Vol+O2, 204176.00, 0.00, 0.00, 20.75
17:54:59.009 , Vol+O2, 204211.00, 0.00, 0.00, 20.75
17:54:59.011 , Vol+O2, 204246.00, 0.00, 0.00, 20.75
17:54:59.011 , Vol+O2, 204281.00, 0.00, 0.00, 20.75
17:54:59.013 , Vol+O2, 204316.00, 0.00, 0.00, 20.75
17:54:59.013 , Vol+O2, 204351.00, 0.00, 0.00, 20.75
17:54:59.013 , Vol+O2, 204386.00, 0.00, 0.00, 20.75
17:54:59.014 , Vol+O2, 204421.00, 0.00, 0.00, 20.75
17:54:59.014 , Vol+O2, 204456.00, 0.00, 0.00, 20.75
17:54:59.017 , Vol+O2, 204491.00, 0.00, 0.00, 20.75
17:54:59.017 , Vol+O2, 204526.00, 0.00, 0.00, 20.75
17:54:59.024 , Vol+O2, 204561.00, 0.00, 0.00, 20.75
17:54:59.024 , Vol+O2, 204596.00, 0.00, 0.00, 20.75
17:54:59.027 , Vol+O2, 204631.00, 0.00, 0.00, 20.75
17:54:59.027 , Vol+O2, 204666.00, 0.00, 0.00, 20.75
17:54:59.027 , Vol+O2, 204701.00, 0.00, 0.00, 20.75
17:54:59.030 , Vol+O2, 204736.00, 0.00, 0.00, 20.72
17:54:59.033 , Vol+O2, 204771.00, 0.00, 0.00, 20.72
17:54:59.033 , Vol+O2, 204806.00, 0.00, 0.00, 20.72
17:54:59.037 , Vol+O2, 204841.00, 0.00, 0.00, 20.72
17:54:59.037 , Vol+O2, 204876.00, 0.00, 0.00, 20.75
17:54:59.043 , Vol+O2, 204911.00, 0.00, 0.00, 20.75
17:54:59.043 , Vol+O2, 204946.00, 0.00, 0.00, 20.75
17:54:59.045 , Vol+O2, 204981.00, 0.00, 0.00, 20.75
17:54:59.045 , Vol+O2, 205016.00, 0.00, 0.00, 20.75
17:54:59.092 , Vol+O2, 205051.00, 0.00, 0.00, 20.75
17:54:59.092 , Vol+O2, 205086.00, 0.00, 0.00, 20.75
17:54:59.092 , Vol+O2, 205121.00, 0.00, 0.00, 20.75
17:54:59.092 , Vol+O2, 205156.00, 0.00, 0.00, 20.75
17:54:59.095 , Vol+O2, 205191.00, 0.00, 0.00, 20.75
17:54:59.095 , Vol+O2, 205226.00, 0.00, 0.00, 20.75
17:54:59.095 , Vol+O2, 205261.00, 0.00, 0.00, 20.75
17:54:59.097 , Vol+O2, 205296.00, 0.00, 0.00, 20.75
17:54:59.097 , Vol+O2, 205331.00, 0.00, 0.00, 20.75
17:54:59.099 , Vol+O2, 205366.00, 0.00, 0.00, 20.75
17:54:59.099 , Vol+O2, 205401.00, 0.00, 0.00, 20.75
17:54:59.106 , Vol+O2, 205436.00, 0.00, 0.00, 20.75
17:55:04.378 , Vol+O2, 205472.00, 0.00, 0.00, 20.75
17:55:04.383 , Vol+O2, 205509.00, 0.00, 0.00, 20.75
17:55:04.383 , Vol+O2, 205544.00, 0.00, 0.00, 20.75
17:55:04.386 , Vol+O2, 205579.00, 0.00, 0.00, 20.75
17:55:04.386 , Vol+O2, 205614.00, 0.00, 0.00, 20.75
17:55:04.387 , Vol+O2, 205649.00, 0.00, 0.00, 20.75
17:55:04.387 , Vol+O2, 205685.00, 0.00, 0.00, 20.75
17:55:04.389 , Vol+O2, 205719.00, 0.00, 0.00, 20.75
17:55:04.389 , Vol+O2, 205754.00, 0.00, 0.00, 20.75
17:55:04.389 , Vol+O2, 205789.00, 0.00, 0.00, 20.72
17:55:04.395 , Vol+O2, 205824.00, 0.00, 0.00, 20.72
17:55:04.395 , Vol+O2, 205859.00, 0.00, 0.00, 20.72
17:55:04.420 , Vol+O2, 205894.00, 0.00, 0.00, 20.72
17:55:04.420 , Vol+O2, 205929.00, 0.00, 0.00, 20.75
17:55:04.421 , Vol+O2, 205964.00, 0.00, 0.00, 20.75
17:55:04.421 , Vol+O2, 205999.00, 0.00, 0.00, 20.75
17:55:04.423 , Vol+O2, 206035.00, 0.00, 0.00, 20.75
17:55:04.423 , Vol+O2, 206070.00, 0.00, 0.00, 20.75
17:55:04.426 , Vol+O2, 206105.00, 0.00, 0.00, 20.72
17:55:04.426 , Vol+O2, 206140.00, 0.00, 0.00, 20.72
17:55:04.463 , Vol+O2, 206175.00, 0.00, 0.00, 20.72
17:55:04.463 , Vol+O2, 206210.00, 0.00, 0.00, 20.72
17:55:04.465 , Vol+O2, 206245.00, 0.00, 0.00, 20.75
17:55:04.465 , Vol+O2, 206280.00, 0.00, 0.00, 20.75
17:55:04.468 , Vol+O2, 206315.00, 0.00, 0.00, 20.75
17:55:04.468 , Vol+O2, 206350.00, 0.00, 0.00, 20.75
17:55:04.472 , Vol+O2, 206385.00, 0.00, 0.00, 20.72
17:55:04.472 , Vol+O2, 206420.00, 0.00, 0.00, 20.72
17:55:04.480 , Vol+O2, 206455.00, 0.00, 0.00, 20.72
17:55:04.480 , Vol+O2, 206490.00, 0.00, 0.00, 20.72
17:55:04.482 , Vol+O2, 206525.00, 0.00, 0.00, 20.72
17:55:04.482 , Vol+O2, 206560.00, 0.00, 0.24, 20.75
17:55:04.483 , Vol+O2, 206595.00, 0.00, 0.00, 20.75
17:55:04.483 , Vol+O2, 206630.00, 0.00, 0.00, 20.75
17:55:04.484 , Vol+O2, 206665.00, 0.00, 0.00, 20.75
17:55:04.484 , Vol+O2, 206700.00, 0.00, 0.00, 20.75
17:55:04.541 , Vol+O2, 206735.00, 0.00, 0.00, 20.75
17:55:04.541 , Vol+O2, 206770.00, 0.00, 0.00, 20.75
17:55:04.542 , Vol+O2, 206805.00, 0.00, 0.00, 20.75
17:55:04.542 , Vol+O2, 206841.00, 0.00, 0.00, 20.72
17:55:04.542 , Vol+O2, 206876.00, 0.00, 0.00, 20.72
17:55:04.542 , Vol+O2, 206911.00, 0.00, 0.00, 20.72
17:55:04.546 , Vol+O2, 206946.00, 0.00, 0.00, 20.72
17:55:04.546 , Vol+O2, 206981.00, 0.00, 0.00, 20.72
17:55:04.547 , Vol+O2, 207016.00, 0.00, 0.00, 20.75
17:55:04.547 , Vol+O2, 207051.00, 0.00, 0.00, 20.75
17:55:04.552 , Vol+O2, 207086.00, 0.00, 0.00, 20.75
17:55:04.554 , Vol+O2, 207121.00, 0.00, 0.00, 20.75
17:55:04.554 , Vol+O2, 207156.00, 0.00, 0.00, 20.72
17:55:04.557 , Vol+O2, 207191.00, 0.00, 0.00, 20.72
17:55:04.557 , Vol+O2, 207226.00, 0.00, 0.00, 20.72
17:55:04.561 , Vol+O2, 207261.00, 0.00, 0.00, 20.72
17:55:04.561 , Vol+O2, 207296.00, 0.00, 0.00, 20.75
17:55:04.566 , Vol+O2, 207331.00, 0.00, 0.00, 20.75
17:55:04.566 , Vol+O2, 207366.00, 0.00, 0.00, 20.75
17:55:04.568 , Vol+O2, 207401.00, 0.00, 0.00, 20.75
17:55:04.568 , Vol+O2, 207436.00, 0.00, 0.00, 20.75
17:55:04.571 , Vol+O2, 207471.00, 0.00, 0.00, 20.75
17:55:04.571 , Vol+O2, 207506.00, 0.00, 0.00, 20.75
17:55:04.574 , Vol+O2, 207541.00, 0.00, 0.00, 20.75
17:55:04.574 , Vol+O2, 207576.00, 0.00, 0.00, 20.75
17:55:04.577 , Vol+O2, 207611.00, 0.00, 0.00, 20.75
17:55:04.577 , Vol+O2, 207646.00, 0.00, 0.00, 20.75
17:55:04.603 , Vol+O2, 207681.00, 0.00, 0.00, 20.75
17:55:04.603 , Vol+O2, 207716.00, 0.00, 0.00, 20.75
17:55:04.605 , Vol+O2, 207751.00, 0.00, 0.00, 20.72
17:55:04.605 , Vol+O2, 207786.00, 0.00, 0.00, 20.72
17:55:04.608 , Vol+O2, 207821.00, 0.00, 0.00, 20.72
17:55:04.608 , Vol+O2, 207856.00, 0.00, 0.00, 20.72
17:55:04.608 , Vol+O2, 207891.00, 0.00, 0.00, 20.75
17:55:04.610 , Vol+O2, 207926.00, 0.00, 0.00, 20.75
17:55:04.610 , Vol+O2, 207961.00, 0.00, 0.00, 20.75
17:55:04.613 , Vol+O2, 207996.00, 0.00, 0.00, 20.75
17:55:04.613 , Vol+O2, 208031.00, 0.00, 0.00, 20.75
17:55:04.613 , Vol+O2, 208066.00, 0.00, 0.00, 20.72
17:55:04.616 , Vol+O2, 208101.00, 0.00, 0.00, 20.72
17:55:04.621 , Vol+O2, 208136.00, 0.00, 0.00, 20.72
17:55:04.621 , Vol+O2, 208171.00, 0.00, 0.42, 20.72
17:55:04.623 , Vol+O2, 208206.00, 0.00, 1.11, 20.75
17:55:04.623 , Vol+O2, 208241.00, 0.00, 0.61, 20.75
17:55:04.627 , Vol+O2, 208276.00, 0.00, 0.00, 20.75
17:55:04.627 , Vol+O2, 208311.00, 0.00, 1.88, 20.75
17:55:04.627 , Vol+O2, 208346.00, 0.00, 4.25, 20.72
17:55:04.629 , Vol+O2, 208381.00, 0.00, 2.65, 20.72
17:55:04.629 , Vol+O2, 208416.00, 0.00, 3.57, 20.72
17:55:04.633 , Vol+O2, 208451.00, 0.00, 3.94, 20.72
17:55:04.633 , Vol+O2, 208486.00, 0.00, 4.52, 20.75
17:55:04.641 , Vol+O2, 208521.00, 0.00, 3.44, 20.75
17:55:04.641 , Vol+O2, 208556.00, 0.00, 3.84, 20.75
17:55:04.642 , Vol+O2, 208591.00, 0.00, 4.35, 20.75
17:55:04.646 , Vol+O2, 208626.00, 0.00, 3.93, 20.75
17:55:04.646 , Vol+O2, 208661.00, 0.00, 3.76, 20.75
17:55:04.649 , Vol+O2, 208696.00, 0.00, 4.99, 20.75
17:55:04.649 , Vol+O2, 208731.00, 0.00, 3.80, 20.75
17:55:04.649 , Vol+O2, 208766.00, 0.00, 3.80, 20.75
17:55:04.651 , Vol+O2, 208801.00, 0.00, 2.75, 20.75
17:55:04.651 , Vol+O2, 208836.00, 0.00, 3.85, 20.75
17:55:04.653 , Vol+O2, 208871.00, 0.00, 3.43, 20.75
17:55:04.653 , Vol+O2, 208906.00, 0.00, 2.29, 20.75
17:55:04.655 , Vol+O2, 208941.00, 0.00, 0.28, 20.72
17:55:04.655 , Vol+O2, 208976.00, 0.00, 0.00, 20.72
17:55:04.661 , Vol+O2, 209011.00, 0.00, 0.00, 20.72
17:55:04.661 , Vol+O2, 209046.00, 0.00, 0.00, 20.72
17:55:04.666 , Vol+O2, 209081.00, 0.00, 0.00, 20.72
17:55:04.666 , Vol+O2, 209116.00, 0.00, 0.00, 20.72
17:55:04.672 , Vol+O2, 209151.00, 0.00, 0.00, 20.72
17:55:04.672 , Vol+O2, 209186.00, 0.00, 0.00, 20.72
17:55:04.674 , Vol+O2, 209221.00, 0.00, 0.00, 20.72
17:55:04.674 , Vol+O2, 209256.00, 0.00, 0.00, 20.72
17:55:04.676 , Vol+O2, 209291.00, 0.00, 0.00, 20.72
17:55:04.676 , Vol+O2, 209326.00, 0.00, 0.00, 20.72
17:55:04.678 , Vol+O2, 209361.00, 0.00, 0.24, 20.72
17:55:04.678 , Vol+O2, 209396.00, 0.00, 0.00, 20.72
17:55:04.682 , Vol+O2, 209431.00, 0.00, 0.00, 20.72
17:55:04.682 , Vol+O2, 209466.00, 0.00, 0.00, 20.72
17:55:04.685 , Vol+O2, 209501.00, 0.00, 0.29, 20.72
17:55:04.685 , Vol+O2, 209536.00, 0.00, 0.28, 20.78
17:55:04.710 , Vol+O2, 209571.00, 0.00, 0.00, 20.78
17:55:04.710 , Vol+O2, 209606.00, 0.00, 0.00, 20.78
17:55:04.722 , Vol+O2, 209641.00, 0.00, 0.00, 20.78
17:55:04.722 , Vol+O2, 209676.00, 0.00, 0.00, 20.78
17:55:04.725 , Vol+O2, 209711.00, 0.00, 0.00, 20.72
17:55:04.725 , Vol+O2, 209746.00, 0.00, 0.00, 20.72
17:55:04.729 , Vol+O2, 209781.00, 0.00, 0.00, 20.72
17:55:04.729 , Vol+O2, 209816.00, 0.00, 0.00, 20.72
17:55:04.730 , Vol+O2, 209851.00, 0.00, 0.00, 20.72
17:55:04.730 , Vol+O2, 209886.00, 0.00, 0.00, 20.72
17:55:04.732 , Vol+O2, 209921.00, 0.00, 0.00, 20.72
17:55:04.732 , Vol+O2, 209956.00, 0.00, 0.00, 20.72
17:55:04.738 , Vol+O2, 209991.00, 0.00, 0.00, 20.72
17:55:04.738 , Vol+O2, 210026.00, 0.00, 0.00, 20.72
17:55:04.741 , Vol+O2, 210061.00, 0.00, 0.00, 20.72
17:55:04.741 , Vol+O2, 210096.00, 0.00, 0.00, 20.72
17:55:04.743 , Vol+O2, 210131.00, 0.00, 0.00, 20.72
17:55:04.743 , Vol+O2, 210166.00, 0.00, 0.00, 20.72
17:55:04.746 , Vol+O2, 210201.00, 0.00, 0.00, 20.72
17:55:04.746 , Vol+O2, 210236.00, 0.00, 0.00, 20.72
17:55:04.750 , Vol+O2, 210271.00, 0.00, 0.00, 20.72
17:55:04.750 , Vol+O2, 210306.00, 0.00, 0.00, 20.72
17:55:04.753 , Vol+O2, 210341.00, 0.00, 0.00, 20.72
17:55:04.753 , Vol+O2, 210376.00, 0.00, 0.00, 20.72
17:55:04.755 , Vol+O2, 210411.00, 0.00, 0.00, 20.72
17:55:04.795 , Vol+O2, 210446.00, 0.00, 0.00, 20.72
17:55:04.795 , Vol+O2, 210481.00, 0.00, 0.00, 20.72
17:55:04.796 , Vol+O2, 210516.00, 0.00, 0.00, 20.72
17:55:04.796 , Vol+O2, 210551.00, 0.00, 0.00, 20.72
17:55:04.799 , Vol+O2, 210586.00, 0.00, 0.00, 20.72
17:55:04.799 , Vol+O2, 210621.00, 0.00, 0.00, 20.72
17:55:04.801 , Vol+O2, 210656.00, 0.00, 0.00, 20.72
17:55:04.801 , Vol+O2, 210691.00, 0.00, 0.00, 20.72
17:55:04.804 , Vol+O2, 210726.00, 0.00, 0.52, 20.72
17:55:04.804 , Vol+O2, 210761.00, 0.00, 1.57, 20.69
17:55:04.807 , Vol+O2, 210796.00, 0.00, 0.28, 20.69
17:55:04.807 , Vol+O2, 210831.00, 0.00, 1.75, 20.69
17:55:04.807 , Vol+O2, 210866.00, 0.00, 2.94, 20.69
17:55:04.813 , Vol+O2, 210901.00, 0.00, 5.96, 20.69
17:55:04.813 , Vol+O2, 210936.00, 0.00, 4.40, 20.69
17:55:04.814 , Vol+O2, 210971.00, 0.00, 4.67, 20.69
17:55:04.819 , Vol+O2, 211006.00, 0.00, 4.99, 20.69
17:55:04.819 , Vol+O2, 211041.00, 0.00, 5.45, 20.72
17:55:04.821 , Vol+O2, 211076.00, 0.00, 4.26, 20.72
17:55:04.821 , Vol+O2, 211111.00, 0.00, 5.87, 20.72
17:55:04.825 , Vol+O2, 211146.00, 0.00, 3.99, 20.72
17:55:04.825 , Vol+O2, 211181.00, 0.00, 4.62, 20.72
17:55:04.830 , Vol+O2, 211216.00, 0.00, 2.90, 20.69
17:55:04.830 , Vol+O2, 211251.00, 0.00, 2.48, 20.69
17:55:04.832 , Vol+O2, 211286.00, 0.00, 3.12, 20.69
17:55:04.832 , Vol+O2, 211321.00, 0.00, 4.03, 20.69
17:55:04.872 , Vol+O2, 211356.00, 0.00, 3.99, 20.69
17:55:04.872 , Vol+O2, 211391.00, 0.00, 1.98, 20.69
17:55:04.876 , Vol+O2, 211426.00, 0.00, 2.90, 20.69
17:55:04.876 , Vol+O2, 211461.00, 0.00, 0.00, 20.69
17:55:04.877 , Vol+O2, 211496.00, 0.00, 0.00, 20.69
17:55:04.877 , Vol+O2, 211531.00, 0.00, 0.00, 20.69
17:55:04.879 , Vol+O2, 211566.00, 0.00, 0.00, 20.69
17:55:04.879 , Vol+O2, 211601.00, 0.00, 0.00, 20.69
17:55:04.881 , Vol+O2, 211636.00, 0.00, 0.00, 20.71
17:55:09.858 , Vol+O2, 211671.00, 0.00, 0.00, 20.71
17:55:09.858 , Vol+O2, 211706.00, 0.00, 0.00, 20.71
17:55:09.858 , Vol+O2, 211741.00, 0.00, 0.24, 20.71
17:55:09.861 , Vol+O2, 211776.00, 0.00, 0.00, 20.71
17:55:09.861 , Vol+O2, 211811.00, 0.00, 0.00, 20.69
17:55:09.862 , Vol+O2, 211846.00, 0.00, 0.00, 20.69
17:55:09.862 , Vol+O2, 211881.00, 0.00, 0.00, 20.69
17:55:09.864 , Vol+O2, 211916.00, 0.00, 0.32, 20.69
17:55:09.864 , Vol+O2, 211951.00, 0.00, 0.28, 20.70
17:55:09.866 , Vol+O2, 211987.00, 0.00, 0.32, 20.70
17:55:09.866 , Vol+O2, 212023.00, 0.00, 0.00, 20.70
17:55:09.873 , Vol+O2, 212059.00, 0.00, 0.00, 20.70
17:55:09.873 , Vol+O2, 212093.00, 0.00, 0.00, 20.70
17:55:09.873 , Vol+O2, 212128.00, 0.00, 0.00, 20.69
17:55:09.911 , Vol+O2, 212165.00, 0.00, 0.00, 20.69
17:55:09.911 , Vol+O2, 212201.00, 0.00, 0.00, 20.69
17:55:09.914 , Vol+O2, 212235.00, 0.00, 0.00, 20.69
17:55:09.914 , Vol+O2, 212272.00, 0.00, 0.00, 20.69
17:55:09.914 , Vol+O2, 212306.00, 0.00, 0.00, 20.69
17:55:09.916 , Vol+O2, 212342.00, 0.00, 0.00, 20.69
17:55:09.916 , Vol+O2, 212377.00, 0.00, 0.00, 20.69
17:55:09.917 , Vol+O2, 212413.00, 0.00, 0.00, 20.69
17:55:09.916 , Vol+O2, 212447.00, 0.00, 0.00, 20.69
17:55:09.925 , Vol+O2, 212482.00, 0.00, 0.00, 20.69
17:55:09.925 , Vol+O2, 212517.00, 0.00, 0.00, 20.69
17:55:09.929 , Vol+O2, 212552.00, 0.00, 0.00, 20.69
17:55:09.929 , Vol+O2, 212587.00, 0.00, 0.00, 20.69
17:55:09.931 , Vol+O2, 212622.00, 0.00, 0.00, 20.72
17:55:09.931 , Vol+O2, 212657.00, 0.00, 0.00, 20.72
17:55:09.935 , Vol+O2, 212692.00, 0.00, 0.00, 20.72
17:55:09.935 , Vol+O2, 212727.00, 0.00, 0.00, 20.72
17:55:09.939 , Vol+O2, 212762.00, 0.00, 0.00, 20.72
17:55:09.939 , Vol+O2, 212797.00, 0.00, 0.00, 20.69
17:55:09.941 , Vol+O2, 212832.00, 0.00, 0.00, 20.69
17:55:09.941 , Vol+O2, 212867.00, 0.00, 0.00, 20.69
17:55:09.946 , Vol+O2, 212902.00, 0.00, 0.00, 20.69
17:55:09.946 , Vol+O2, 212937.00, 0.00, 0.00, 20.69
17:55:09.949 , Vol+O2, 212972.00, 0.00, 0.00, 20.69
17:55:09.949 , Vol+O2, 213007.00, 0.00, 0.00, 20.69
17:55:09.949 , Vol+O2, 213042.00, 0.00, 0.00, 20.69
17:55:09.986 , Vol+O2, 213077.00, 0.00, 0.00, 20.69
17:55:09.986 , Vol+O2, 213112.00, 0.00, 0.00, 20.69
17:55:09.988 , Vol+O2, 213147.00, 0.00, 0.00, 20.69
17:55:09.988 , Vol+O2, 213182.00, 0.00, 0.00, 20.69
17:55:09.990 , Vol+O2, 213217.00, 0.00, 0.00, 20.69
17:55:09.993 , Vol+O2, 213252.00, 0.00, 0.00, 20.69
17:55:09.993 , Vol+O2, 213287.00, 0.00, 0.00, 20.69
17:55:09.995 , Vol+O2, 213322.00, 0.00, 0.00, 20.69
17:55:09.995 , Vol+O2, 213357.00, 0.00, 0.52, 20.69
17:55:09.998 , Vol+O2, 213392.00, 0.00, 1.57, 20.69
17:55:09.998 , Vol+O2, 213427.00, 0.00, 0.52, 20.69
17:55:10.001 , Vol+O2, 213462.00, 0.00, 1.15, 20.69
17:55:10.001 , Vol+O2, 213497.00, 0.00, 4.49, 20.69
17:55:10.005 , Vol+O2, 213532.00, 0.00, 6.47, 20.72
17:55:10.005 , Vol+O2, 213567.00, 0.00, 5.59, 20.72
17:55:10.008 , Vol+O2, 213602.00, 0.00, 6.37, 20.72
17:55:10.008 , Vol+O2, 213637.00, 0.00, 5.54, 20.72
17:55:10.010 , Vol+O2, 213672.00, 0.00, 4.86, 20.75
17:55:10.010 , Vol+O2, 213707.00, 0.00, 4.44, 20.75
17:55:10.014 , Vol+O2, 213742.00, 0.00, 3.76, 20.75
17:55:10.014 , Vol+O2, 213777.00, 0.00, 4.77, 20.75
17:55:10.017 , Vol+O2, 213812.00, 0.00, 3.80, 20.75
17:55:10.017 , Vol+O2, 213847.00, 0.00, 3.48, 20.72
17:55:10.019 , Vol+O2, 213882.00, 0.00, 3.48, 20.72
17:55:10.019 , Vol+O2, 213917.00, 0.00, 4.16, 20.72
17:55:10.044 , Vol+O2, 213952.00, 0.00, 4.81, 20.72
17:55:10.044 , Vol+O2, 213987.00, 0.00, 1.62, 20.72
17:55:10.046 , Vol+O2, 214022.00, 0.00, 3.12, 20.72
17:55:10.046 , Vol+O2, 214057.00, 0.00, 0.46, 20.72
17:55:10.049 , Vol+O2, 214092.00, 0.00, 0.00, 20.72
17:55:10.049 , Vol+O2, 214127.00, 0.00, 0.00, 20.69
17:55:10.049 , Vol+O2, 214162.00, 0.00, 0.00, 20.69
17:55:10.052 , Vol+O2, 214197.00, 0.00, 0.00, 20.69
17:55:10.052 , Vol+O2, 214232.00, 0.00, 0.00, 20.69
17:55:10.054 , Vol+O2, 214267.00, 0.00, 0.00, 20.69
17:55:10.054 , Vol+O2, 214302.00, 0.00, 0.00, 20.72
17:55:10.057 , Vol+O2, 214337.00, 0.00, 0.00, 20.72
17:55:10.061 , Vol+O2, 214372.00, 0.00, 0.24, 20.72
17:55:10.061 , Vol+O2, 214407.00, 0.00, 0.00, 20.72
17:55:10.062 , Vol+O2, 214442.00, 0.00, 0.00, 20.72
17:55:10.062 , Vol+O2, 214477.00, 0.00, 0.24, 20.72
17:55:10.068 , Vol+O2, 214512.00, 0.00, 0.42, 20.72
17:55:10.068 , Vol+O2, 214547.00, 0.00, 0.28, 20.72
17:55:10.072 , Vol+O2, 214582.00, 0.00, 0.00, 20.72
17:55:10.072 , Vol+O2, 214617.00, 0.00, 0.00, 20.72
17:55:10.074 , Vol+O2, 214652.00, 0.00, 0.00, 20.72
17:55:10.074 , Vol+O2, 214687.00, 0.00, 0.00, 20.72
17:55:10.077 , Vol+O2, 214722.00, 0.00, 0.00, 20.75
17:55:10.077 , Vol+O2, 214757.00, 0.00, 0.00, 20.75
17:55:10.080 , Vol+O2, 214792.00, 0.00, 0.00, 20.75
17:55:10.080 , Vol+O2, 214827.00, 0.00, 0.00, 20.75
17:55:10.088 , Vol+O2, 214862.00, 0.00, 0.00, 20.75
17:55:10.088 , Vol+O2, 214897.00, 0.00, 0.00, 20.69
17:55:10.091 , Vol+O2, 214932.00, 0.00, 0.00, 20.69
17:55:10.091 , Vol+O2, 214967.00, 0.00, 0.00, 20.69
17:55:10.092 , Vol+O2, 215002.00, 0.00, 0.00, 20.69
17:55:10.088 , Vol+O2, 215037.00, 0.00, 0.00, 20.72
17:55:10.094 , Vol+O2, 215072.00, 0.00, 0.00, 20.72
17:55:10.094 , Vol+O2, 215107.00, 0.00, 0.00, 20.72
17:55:10.097 , Vol+O2, 215142.00, 0.00, 0.00, 20.72
17:55:10.097 , Vol+O2, 215177.00, 0.00, 0.00, 20.72
17:55:10.100 , Vol+O2, 215212.00, 0.00, 0.00, 20.72
17:55:10.100 , Vol+O2, 215247.00, 0.00, 0.00, 20.72
17:55:10.104 , Vol+O2, 215282.00, 0.00, 0.00, 20.72
17:55:10.104 , Vol+O2, 215317.00, 0.00, 0.00, 20.72
17:55:10.109 , Vol+O2, 215352.00, 0.00, 0.00, 20.72
17:55:10.109 , Vol+O2, 215387.00, 0.00, 0.00, 20.72
17:55:10.110 , Vol+O2, 215422.00, 0.00, 0.00, 20.72
17:55:10.110 , Vol+O2, 215457.00, 0.00, 0.00, 20.72
17:55:10.115 , Vol+O2, 215492.00, 0.00, 0.00, 20.72
17:55:10.115 , Vol+O2, 215527.00, 0.00, 0.00, 20.72
17:55:10.123 , Vol+O2, 215562.00, 0.00, 0.00, 20.72
17:55:10.123 , Vol+O2, 215597.00, 0.00, 0.00, 20.72
