17:49:13.472 , TTPPH, 12516, 29.27, 29.25, 96511.70, 96460.22, 98.57
17:49:16.866 , TTPPH, 15525, 29.29, 29.28, 96512.08, 96467.05, 98.60
17:49:19.477 , TTPPH, 18534, 29.30, 29.33, 96512.25, 96466.95, 98.55
17:49:22.497 , TTPPH, 21544, 29.31, 29.36, 96511.08, 96468.44, 98.57
17:49:25.507 , TTPPH, 24554, 29.33, 29.39, 96507.61, 96467.22, 98.55
17:49:28.745 , TTPPH, 27564, 29.33, 29.42, 96509.48, 96467.34, 98.50
17:49:31.530 , TTPPH, 30573, 29.35, 29.44, 96508.20, 96466.76, 98.47
17:49:34.521 , TTPPH, 33583, 29.35, 29.47, 96511.23, 96467.41, 98.39
17:49:37.542 , TTPPH, 36593, 29.37, 29.49, 96512.26, 96467.33, 98.35
17:49:40.624 , TTPPH, 39603, 29.37, 29.51, 96511.49, 96465.89, 98.34
17:49:43.561 , TTPPH, 42613, 29.38, 29.53, 96510.17, 96468.16, 98.26
17:49:46.564 , TTPPH, 45623, 29.38, 29.53, 96508.35, 96465.27, 98.22
17:49:49.590 , TTPPH, 48633, 29.39, 29.53, 96511.37, 96467.67, 98.16
17:49:53.000 , TTPPH, 51644, 29.39, 29.53, 96512.52, 96465.43, 98.10
17:49:55.605 , TTPPH, 54653, 29.40, 29.50, 96513.22, 96468.73, 98.07
17:49:58.617 , TTPPH, 57663, 29.40, 29.47, 96510.42, 96464.99, 97.98
17:50:01.616 , TTPPH, 60672, 29.40, 29.49, 96511.84, 96460.48, 97.95
17:50:04.885 , TTPPH, 63682, 29.41, 29.48, 96513.54, 96466.59, 97.83
17:50:07.634 , TTPPH, 66691, 29.41, 29.48, 96511.07, 96468.30, 97.81
17:50:10.641 , TTPPH, 69701, 29.41, 29.50, 96507.02, 96461.00, 97.69
17:50:13.658 , TTPPH, 72712, 29.42, 29.52, 96508.39, 96463.36, 97.70
17:50:16.763 , TTPPH, 75721, 29.42, 29.56, 96510.37, 96459.91, 97.66
17:50:54.600 , Vol+O2, 109850.00, 0.00, 0.00, 17.06
17:50:54.621 , Vol+O2, 109907.00, 0.00, 0.24, 17.06
17:50:54.623 , Vol+O2, 109944.00, 0.00, 1.47, 16.91
17:50:54.623 , Vol+O2, 109981.00, 0.00, 1.74, 16.91
17:50:54.627 , Vol+O2, 110018.00, 0.00, 1.73, 16.91
17:50:54.627 , Vol+O2, 110055.00, 0.00, 1.92, 16.91
17:50:54.629 , Vol+O2, 110091.00, 0.00, 1.83, 16.83
17:50:54.629 , Vol+O2, 110128.00, 0.00, 1.83, 16.83
17:50:54.629 , Vol+O2, 110165.00, 0.00, 1.83, 16.83
17:50:54.633 , Vol+O2, 110202.00, 0.00, 1.51, 16.83
17:50:54.638 , Vol+O2, 110239.00, 0.00, 0.74, 16.67
17:50:54.638 , Vol+O2, 110276.00, 0.00, 0.00, 16.67
17:50:54.641 , Vol+O2, 110313.00, 0.00, 0.00, 16.67
17:50:54.641 , Vol+O2, 110350.00, 0.00, 0.00, 16.67
17:50:54.644 , Vol+O2, 110387.00, 0.00, 0.00, 16.55
17:50:54.644 , Vol+O2, 110424.00, 0.00, 0.00, 16.55
17:50:54.647 , Vol+O2, 110461.00, 0.00, 0.00, 16.55
17:50:54.647 , Vol+O2, 110498.00, 0.00, 0.00, 16.55
17:50:54.651 , Vol+O2, 110535.00, 0.00, 0.00, 16.43
17:50:54.651 , Vol+O2, 110572.00, 0.43, 0.51, 16.43
17:50:54.655 , Vol+O2, 110609.00, 0.00, 0.00, 16.43
17:50:54.655 , Vol+O2, 110646.00, 0.00, 0.37, 16.43
17:50:54.657 , Vol+O2, 110683.00, 0.00, 0.70, 16.37
17:50:54.657 , Vol+O2, 110720.00, 0.00, 1.15, 16.37
17:50:54.682 , Vol+O2, 110757.00, 0.00, 0.87, 16.37
17:50:54.682 , Vol+O2, 110793.00, 0.00, 1.51, 16.37
17:50:54.683 , Vol+O2, 110830.00, 2.47, 0.00, 16.37
17:50:54.683 , Vol+O2, 110867.00, 40.97, 0.00, 16.25
17:50:54.686 , Vol+O2, 110904.00, 115.38, 0.00, 16.25
17:50:54.686 , Vol+O2, 110941.00, 213.99, 0.00, 16.25
17:50:54.687 , Vol+O2, 110978.00, 260.92, 0.00, 16.25
17:50:54.689 , Vol+O2, 111015.00, 263.51, 0.00, 16.16
17:50:54.689 , Vol+O2, 111052.00, 241.48, 0.00, 16.16
17:50:54.692 , Vol+O2, 111089.00, 236.00, 0.00, 16.16
17:50:54.692 , Vol+O2, 111126.00, 220.95, 0.00, 16.16
17:50:54.694 , Vol+O2, 111163.00, 213.50, 0.00, 16.07
17:50:54.694 , Vol+O2, 111200.00, 181.83, 0.00, 16.07
17:50:54.698 , Vol+O2, 111237.00, 161.25, 0.00, 16.07
17:50:54.698 , Vol+O2, 111274.00, 128.65, 0.00, 16.07
17:50:54.702 , Vol+O2, 111311.00, 96.47, 0.00, 15.98
17:50:54.702 , Vol+O2, 111348.00, 59.21, 0.00, 15.98
17:50:54.704 , Vol+O2, 111385.00, 21.06, 0.00, 15.98
17:50:54.704 , Vol+O2, 111422.00, 3.51, 0.00, 15.98
17:50:54.708 , Vol+O2, 111459.00, 0.00, 0.00, 15.89
17:50:54.708 , Vol+O2, 111496.00, 0.00, 1.11, 15.89
17:50:54.713 , Vol+O2, 111533.00, 0.00, 13.16, 15.89
17:50:54.713 , Vol+O2, 111570.00, 1.17, 120.19, 15.89
17:50:54.716 , Vol+O2, 111607.00, 0.47, 268.80, 15.83
17:50:54.716 , Vol+O2, 111644.00, 0.00, 263.33, 15.83
17:50:54.720 , Vol+O2, 111681.00, 1.77, 217.96, 15.83
17:50:54.720 , Vol+O2, 111718.00, 0.00, 183.29, 15.83
17:50:54.722 , Vol+O2, 111755.00, 0.26, 160.10, 15.74
17:50:54.722 , Vol+O2, 111792.00, 0.00, 154.03, 15.74
17:50:54.727 , Vol+O2, 111829.00, 0.43, 145.42, 15.74
17:50:54.727 , Vol+O2, 111866.00, 0.82, 136.39, 15.74
17:50:54.729 , Vol+O2, 111903.00, 0.00, 120.48, 15.71
17:50:54.729 , Vol+O2, 111940.00, 0.00, 95.80, 15.71
17:50:54.735 , Vol+O2, 111977.00, 0.22, 72.38, 15.71
17:50:54.735 , Vol+O2, 112014.00, 0.00, 54.13, 15.71
17:50:54.737 , Vol+O2, 112051.00, 0.00, 35.56, 15.74
17:50:54.737 , Vol+O2, 112088.00, 0.00, 25.52, 15.74
17:50:54.739 , Vol+O2, 112125.00, 0.00, 21.21, 15.74
17:50:54.739 , Vol+O2, 112162.00, 0.00, 16.90, 15.74
17:50:54.745 , Vol+O2, 112198.00, 0.00, 12.16, 15.74
17:50:54.745 , Vol+O2, 112235.00, 0.00, 9.73, 15.74
17:50:54.747 , Vol+O2, 112272.00, 0.00, 8.60, 15.74
17:50:54.747 , Vol+O2, 112309.00, 0.00, 7.20, 15.74
17:50:54.748 , Vol+O2, 112346.00, 0.00, 4.65, 15.77
17:50:54.748 , Vol+O2, 112383.00, 0.00, 0.32, 15.77
17:50:54.780 , Vol+O2, 112420.00, 2.39, 0.42, 15.77
17:50:54.780 , Vol+O2, 112457.00, 8.40, 0.00, 15.77
17:50:54.780 , Vol+O2, 112494.00, 33.93, 0.00, 15.80
17:50:54.780 , Vol+O2, 112531.00, 108.11, 0.00, 15.80
17:50:54.808 , Vol+O2, 112568.00, 185.12, 0.00, 15.80
17:50:54.808 , Vol+O2, 112605.00, 248.52, 0.00, 15.80
17:50:54.836 , Vol+O2, 112642.00, 268.80, 0.00, 15.83
17:50:54.836 , Vol+O2, 112679.00, 268.80, 0.00, 15.83
17:50:54.838 , Vol+O2, 112716.00, 267.25, 0.00, 15.83
17:50:54.838 , Vol+O2, 112753.00, 258.69, 0.00, 15.83
17:50:54.840 , Vol+O2, 112790.00, 246.02, 0.00, 15.86
17:50:54.840 , Vol+O2, 112827.00, 234.40, 0.00, 15.86
17:50:54.841 , Vol+O2, 112864.00, 211.07, 0.00, 15.86
17:50:54.843 , Vol+O2, 112900.00, 176.97, 0.00, 15.86
17:50:54.843 , Vol+O2, 112937.00, 130.40, 0.00, 15.86
17:50:54.846 , Vol+O2, 112974.00, 77.08, 0.00, 15.86
17:50:54.846 , Vol+O2, 113011.00, 35.80, 0.00, 15.86
17:50:54.876 , Vol+O2, 113048.00, 9.50, 0.00, 15.86
17:50:54.876 , Vol+O2, 113085.00, 0.00, 0.60, 15.86
17:50:54.877 , Vol+O2, 113122.00, 1.25, 1.42, 15.89
17:50:54.877 , Vol+O2, 113159.00, 0.00, 3.97, 15.89
17:50:54.879 , Vol+O2, 113196.00, 2.78, 17.22, 15.89
17:50:54.879 , Vol+O2, 113233.00, 0.00, 81.47, 15.89
17:50:54.879 , Vol+O2, 113270.00, 1.90, 195.84, 15.89
17:50:54.882 , Vol+O2, 113307.00, 0.00, 216.92, 15.89
17:50:54.882 , Vol+O2, 113344.00, 0.00, 181.57, 15.89
17:50:54.885 , Vol+O2, 113381.00, 1.09, 161.90, 15.89
17:50:54.885 , Vol+O2, 113418.00, 0.00, 132.54, 15.95
17:50:54.891 , Vol+O2, 113455.00, 1.09, 120.19, 15.95
17:50:54.891 , Vol+O2, 113492.00, 0.47, 108.52, 15.95
17:50:54.893 , Vol+O2, 113529.00, 0.26, 101.55, 15.95
17:50:54.893 , Vol+O2, 113566.00, 0.26, 89.76, 16.04
17:51:00.321 , Vol+O2, 113603.00, 0.00, 78.82, 16.04
17:51:00.325 , Vol+O2, 113642.00, 0.00, 64.25, 16.04
17:51:00.325 , Vol+O2, 113678.00, 0.00, 62.38, 16.04
17:51:00.325 , Vol+O2, 113715.00, 0.00, 59.38, 16.04
17:51:00.328 , Vol+O2, 113753.00, 0.00, 53.66, 16.13
17:51:00.328 , Vol+O2, 113791.00, 0.00, 46.26, 16.13
17:51:00.329 , Vol+O2, 113828.00, 0.00, 39.75, 16.13
17:51:00.329 , Vol+O2, 113865.00, 0.00, 32.72, 16.13
17:51:00.350 , Vol+O2, 113902.00, 0.00, 28.51, 16.13
17:51:00.353 , Vol+O2, 113938.00, 0.00, 17.06, 16.22
17:51:00.353 , Vol+O2, 113976.00, 0.00, 12.43, 16.22
17:51:00.355 , Vol+O2, 114013.00, 0.00, 8.79, 16.22
17:51:00.355 , Vol+O2, 114050.00, 0.00, 3.19, 16.22
17:51:00.355 , Vol+O2, 114086.00, 0.00, 0.00, 16.27
17:51:00.355 , Vol+O2, 114123.00, 3.55, 0.00, 16.27
17:51:00.357 , Vol+O2, 114160.00, 6.44, 0.00, 16.27
17:51:00.357 , Vol+O2, 114197.00, 14.41, 0.00, 16.27
17:51:00.366 , Vol+O2, 114234.00, 49.41, 0.00, 16.37
17:51:00.366 , Vol+O2, 114271.00, 130.40, 0.00, 16.37
17:51:00.366 , Vol+O2, 114308.00, 206.32, 0.00, 16.37
17:51:00.369 , Vol+O2, 114345.00, 232.28, 0.00, 16.37
17:51:00.369 , Vol+O2, 114382.00, 250.66, 0.00, 16.43
17:51:00.370 , Vol+O2, 114419.00, 260.30, 0.00, 16.43
17:51:00.370 , Vol+O2, 114456.00, 268.80, 0.00, 16.43
17:51:00.373 , Vol+O2, 114493.00, 253.86, 0.00, 16.43
17:51:00.373 , Vol+O2, 114530.00, 244.87, 0.00, 16.49
17:51:00.376 , Vol+O2, 114567.00, 236.00, 0.00, 16.49
17:51:00.376 , Vol+O2, 114604.00, 216.45, 0.00, 16.49
17:51:00.406 , Vol+O2, 114641.00, 163.80, 0.00, 16.49
17:51:00.406 , Vol+O2, 114678.00, 110.90, 0.00, 16.55
17:51:00.409 , Vol+O2, 114715.00, 54.53, 0.00, 16.55
17:51:00.409 , Vol+O2, 114752.00, 16.19, 0.00, 16.55
17:51:00.412 , Vol+O2, 114788.00, 0.65, 0.00, 16.55
17:51:00.412 , Vol+O2, 114825.00, 0.00, 0.00, 16.55
17:51:00.414 , Vol+O2, 114862.00, 0.00, 0.65, 16.61
17:51:00.414 , Vol+O2, 114899.00, 2.16, 9.79, 16.61
17:51:00.416 , Vol+O2, 114936.00, 0.43, 66.52, 16.61
17:51:00.418 , Vol+O2, 114973.00, 0.43, 222.15, 16.61
17:51:00.418 , Vol+O2, 115010.00, 0.69, 249.26, 16.68
17:51:00.424 , Vol+O2, 115047.00, 0.00, 246.51, 16.68
17:51:00.424 , Vol+O2, 115084.00, 0.22, 193.52, 16.68
17:51:00.426 , Vol+O2, 115121.00, 0.00, 153.66, 16.68
17:51:00.426 , Vol+O2, 115158.00, 0.78, 134.46, 16.73
17:51:00.432 , Vol+O2, 115195.00, 0.00, 120.77, 16.73
17:51:00.432 , Vol+O2, 115232.00, 0.00, 110.67, 16.73
17:51:00.435 , Vol+O2, 115269.00, 0.00, 95.24, 16.73
17:51:00.435 , Vol+O2, 115306.00, 0.26, 90.87, 16.82
17:51:00.436 , Vol+O2, 115343.00, 0.00, 76.64, 16.82
17:51:00.436 , Vol+O2, 115380.00, 0.00, 71.62, 16.82
17:51:00.440 , Vol+O2, 115417.00, 0.22, 67.77, 16.82
17:51:00.440 , Vol+O2, 115454.00, 0.00, 55.38, 16.91
17:51:00.442 , Vol+O2, 115491.00, 0.00, 43.98, 16.91
17:51:00.442 , Vol+O2, 115528.00, 0.00, 33.73, 16.91
17:51:00.448 , Vol+O2, 115565.00, 0.00, 27.39, 16.91
17:51:00.448 , Vol+O2, 115602.00, 0.00, 19.08, 17.00
17:51:00.450 , Vol+O2, 115639.00, 0.00, 12.10, 17.00
17:51:00.450 , Vol+O2, 115676.00, 0.00, 10.16, 17.00
17:51:00.452 , Vol+O2, 115713.00, 0.00, 7.87, 17.00
17:51:00.452 , Vol+O2, 115750.00, 0.00, 5.24, 17.06
17:51:00.458 , Vol+O2, 115787.00, 0.00, 2.20, 17.06
17:51:00.458 , Vol+O2, 115824.00, 0.00, 0.00, 17.06
17:51:00.458 , Vol+O2, 115861.00, 1.64, 0.51, 17.06
17:51:00.462 , Vol+O2, 115898.00, 7.52, 0.00, 17.15
17:51:00.462 , Vol+O2, 115935.00, 24.80, 0.00, 17.15
17:51:00.464 , Vol+O2, 115972.00, 85.64, 0.00, 17.15
17:51:00.464 , Vol+O2, 116009.00, 124.40, 0.00, 17.15
17:51:00.468 , Vol+O2, 116046.00, 145.91, 0.00, 17.21
17:51:00.468 , Vol+O2, 116083.00, 161.98, 0.00, 17.21
17:51:00.472 , Vol+O2, 116120.00, 157.33, 0.00, 17.21
17:51:00.472 , Vol+O2, 116157.00, 159.46, 0.00, 17.21
17:51:00.475 , Vol+O2, 116194.00, 154.50, 0.00, 17.27
17:51:00.475 , Vol+O2, 116231.00, 162.71, 0.00, 17.27
17:51:00.478 , Vol+O2, 116268.00, 191.87, 0.00, 17.27
17:51:00.478 , Vol+O2, 116305.00, 198.48, 0.00, 17.27
17:51:00.481 , Vol+O2, 116341.00, 183.48, 0.00, 17.33
17:51:00.481 , Vol+O2, 116378.00, 161.61, 0.00, 17.33
17:51:00.486 , Vol+O2, 116415.00, 140.79, 0.00, 17.33
17:51:00.486 , Vol+O2, 116452.00, 130.40, 0.00, 17.33
17:51:00.488 , Vol+O2, 116489.00, 96.25, 0.00, 17.36
17:51:00.488 , Vol+O2, 116526.00, 55.86, 0.00, 17.36
17:51:00.491 , Vol+O2, 116563.00, 15.53, 0.00, 17.36
17:51:00.491 , Vol+O2, 116600.00, 0.00, 1.92, 17.36
17:51:00.497 , Vol+O2, 116637.00, 0.74, 3.38, 17.42
17:51:00.497 , Vol+O2, 116674.00, 0.00, 8.68, 17.42
17:51:00.499 , Vol+O2, 116711.00, 0.22, 90.87, 17.42
17:51:00.499 , Vol+O2, 116748.00, 1.13, 236.81, 17.42
17:51:00.503 , Vol+O2, 116785.00, 0.00, 215.37, 17.48
17:51:00.503 , Vol+O2, 116822.00, 1.09, 199.60, 17.48
17:51:00.505 , Vol+O2, 116859.00, 0.00, 152.92, 17.48
17:51:00.505 , Vol+O2, 116896.00, 0.34, 128.48, 17.48
17:51:00.509 , Vol+O2, 116933.00, 0.30, 135.43, 17.57
17:51:00.509 , Vol+O2, 116970.00, 0.00, 129.70, 17.57
17:51:00.512 , Vol+O2, 117007.00, 0.00, 124.59, 17.57
17:51:00.512 , Vol+O2, 117043.00, 0.52, 114.26, 17.57
17:51:00.515 , Vol+O2, 117080.00, 0.00, 106.92, 17.57
17:51:00.515 , Vol+O2, 117117.00, 0.00, 83.97, 17.67
17:51:00.518 , Vol+O2, 117154.00, 0.00, 69.40, 17.67
17:51:00.518 , Vol+O2, 117191.00, 0.00, 55.53, 17.67
17:51:00.522 , Vol+O2, 117228.00, 0.00, 42.41, 17.67
17:51:00.522 , Vol+O2, 117265.00, 0.00, 30.20, 17.72
17:51:00.527 , Vol+O2, 117302.00, 0.00, 13.10, 17.72
17:51:00.527 , Vol+O2, 117339.00, 25.91, 0.29, 17.72
17:51:00.528 , Vol+O2, 117376.00, 125.24, 0.00, 17.72
17:51:00.536 , Vol+O2, 117413.00, 231.23, 0.00, 17.78
17:51:00.536 , Vol+O2, 117450.00, 251.20, 0.00, 17.78
17:51:00.538 , Vol+O2, 117487.00, 255.47, 0.00, 17.78
17:51:00.538 , Vol+O2, 117524.00, 233.33, 0.00, 17.78
17:51:00.541 , Vol+O2, 117561.00, 220.95, 0.00, 17.84
17:51:00.541 , Vol+O2, 117598.00, 223.49, 0.00, 17.84
17:51:00.543 , Vol+O2, 117635.00, 212.53, 0.00, 17.84
17:51:00.543 , Vol+O2, 117672.00, 203.05, 0.00, 17.84
17:51:00.543 , Vol+O2, 117709.00, 174.98, 0.00, 17.90
17:51:00.546 , Vol+O2, 117746.00, 137.37, 0.00, 17.90
17:51:00.571 , Vol+O2, 117783.00, 87.67, 0.00, 17.90
17:51:00.571 , Vol+O2, 117820.00, 49.14, 0.00, 17.90
17:51:00.581 , Vol+O2, 117857.00, 10.44, 0.00, 17.96
17:51:00.581 , Vol+O2, 117894.00, 0.00, 8.73, 17.96
17:51:00.581 , Vol+O2, 117931.00, 5.29, 60.70, 17.96
17:51:00.583 , Vol+O2, 117968.00, 0.78, 224.80, 17.96
17:51:00.583 , Vol+O2, 118005.00, 0.00, 241.97, 18.02
17:51:00.584 , Vol+O2, 118042.00, 1.25, 229.09, 18.02
17:51:00.586 , Vol+O2, 118079.00, 0.82, 194.91, 18.02
17:51:00.586 , Vol+O2, 118116.00, 0.00, 170.21, 18.02
17:51:00.588 , Vol+O2, 118153.00, 0.00, 159.24, 18.11
17:51:00.588 , Vol+O2, 118190.00, 0.00, 150.04, 18.11
17:51:00.593 , Vol+O2, 118227.00, 1.17, 130.01, 18.11
17:51:00.593 , Vol+O2, 118264.00, 1.73, 123.99, 18.11
17:51:00.595 , Vol+O2, 118301.00, 0.00, 107.46, 18.17
17:51:00.595 , Vol+O2, 118338.00, 0.00, 86.93, 18.17
17:51:00.598 , Vol+O2, 118375.00, 0.00, 56.65, 18.17
17:51:00.598 , Vol+O2, 118412.00, 0.00, 41.76, 18.17
17:51:00.602 , Vol+O2, 118448.00, 0.00, 35.67, 18.23
17:51:00.602 , Vol+O2, 118485.00, 0.00, 25.04, 18.23
17:51:00.606 , Vol+O2, 118522.00, 0.00, 24.20, 18.23
17:51:00.606 , Vol+O2, 118559.00, 0.00, 15.35, 18.23
17:51:00.631 , Vol+O2, 118596.00, 14.00, 1.78, 18.29
17:51:00.635 , Vol+O2, 118633.00, 62.67, 0.00, 18.29
17:51:00.635 , Vol+O2, 118670.00, 113.00, 0.00, 18.29
17:51:00.635 , Vol+O2, 118707.00, 175.37, 0.00, 18.29
17:51:00.638 , Vol+O2, 118744.00, 210.12, 0.00, 18.32
17:51:00.640 , Vol+O2, 118781.00, 229.14, 0.00, 18.32
17:51:00.640 , Vol+O2, 118818.00, 225.53, 0.00, 18.32
17:51:00.642 , Vol+O2, 118855.00, 216.95, 0.00, 18.32
17:51:00.642 , Vol+O2, 118892.00, 213.50, 0.00, 18.32
17:51:00.643 , Vol+O2, 118929.00, 206.32, 0.00, 18.41
17:51:05.767 , Vol+O2, 118966.00, 193.17, 0.00, 18.41
17:51:05.774 , Vol+O2, 119003.00, 149.31, 0.00, 18.41
17:51:05.774 , Vol+O2, 119040.00, 94.90, 0.00, 18.41
17:51:05.774 , Vol+O2, 119077.00, 48.33, 0.00, 18.41
17:51:05.774 , Vol+O2, 119114.00, 9.61, 0.00, 18.44
17:51:05.774 , Vol+O2, 119151.00, 0.00, 23.91, 18.44
17:51:05.774 , Vol+O2, 119188.00, 0.22, 138.36, 18.44
17:51:05.774 , Vol+O2, 119225.00, 0.22, 231.81, 18.44
17:51:05.774 , Vol+O2, 119262.00, 0.26, 198.18, 18.47
17:51:05.778 , Vol+O2, 119299.00, 0.00, 200.55, 18.47
17:51:05.778 , Vol+O2, 119336.00, 0.00, 146.48, 18.47
17:51:05.780 , Vol+O2, 119373.00, 0.00, 135.75, 18.47
17:51:05.780 , Vol+O2, 119410.00, 0.00, 136.06, 18.56
17:51:05.781 , Vol+O2, 119448.00, 0.00, 130.95, 18.56
17:51:05.812 , Vol+O2, 119484.00, 0.47, 119.90, 18.56
17:51:05.812 , Vol+O2, 119522.00, 0.61, 96.42, 18.56
17:51:05.812 , Vol+O2, 119559.00, 0.00, 77.23, 18.56
17:51:05.812 , Vol+O2, 119596.00, 0.00, 62.55, 18.65
17:51:05.814 , Vol+O2, 119634.00, 0.00, 49.78, 18.65
17:51:05.814 , Vol+O2, 119671.00, 0.00, 26.50, 18.65
17:51:05.829 , Vol+O2, 119708.00, 0.00, 14.56, 18.65
17:51:05.829 , Vol+O2, 119745.00, 0.00, 5.61, 18.65
17:51:05.831 , Vol+O2, 119782.00, 0.74, 0.00, 18.65
17:51:05.831 , Vol+O2, 119819.00, 7.69, 0.00, 18.68
17:51:05.836 , Vol+O2, 119856.00, 15.68, 0.00, 18.68
17:51:05.836 , Vol+O2, 119893.00, 34.04, 0.00, 18.68
17:51:05.837 , Vol+O2, 119930.00, 77.08, 0.00, 18.68
17:51:05.837 , Vol+O2, 119967.00, 124.40, 0.00, 18.74
17:51:05.837 , Vol+O2, 120004.00, 155.91, 0.00, 18.74
17:51:05.841 , Vol+O2, 120041.00, 152.76, 0.00, 18.74
17:51:05.841 , Vol+O2, 120078.00, 149.31, 0.00, 18.74
17:51:05.841 , Vol+O2, 120115.00, 153.45, 0.00, 18.77
17:51:05.842 , Vol+O2, 120152.00, 158.39, 0.00, 18.77
17:51:05.842 , Vol+O2, 120189.00, 142.69, 0.00, 18.77
17:51:05.842 , Vol+O2, 120226.00, 139.85, 0.00, 18.77
17:51:05.842 , Vol+O2, 120263.00, 128.94, 0.00, 18.80
17:51:05.845 , Vol+O2, 120300.00, 101.30, 0.00, 18.80
17:51:05.845 , Vol+O2, 120337.00, 30.95, 0.00, 18.80
17:51:05.849 , Vol+O2, 120374.00, 8.87, 0.00, 18.80
17:51:05.849 , Vol+O2, 120411.00, 7.80, 0.00, 18.83
17:51:05.852 , Vol+O2, 120448.00, 2.86, 0.00, 18.83
17:51:05.903 , Vol+O2, 120485.00, 0.00, 3.10, 18.83
17:51:05.903 , Vol+O2, 120522.00, 0.00, 15.35, 18.83
17:51:05.905 , Vol+O2, 120559.00, 1.09, 18.57, 18.86
17:51:05.905 , Vol+O2, 120596.00, 0.00, 27.90, 18.86
17:51:05.907 , Vol+O2, 120633.00, 0.00, 47.65, 18.86
17:51:05.907 , Vol+O2, 120670.00, 3.16, 48.06, 18.86
17:51:05.908 , Vol+O2, 120707.00, 0.00, 45.45, 18.89
17:51:05.908 , Vol+O2, 120744.00, 0.38, 39.50, 18.89
17:51:05.911 , Vol+O2, 120781.00, 0.00, 41.13, 18.89
17:51:05.911 , Vol+O2, 120818.00, 0.00, 39.50, 18.89
17:51:05.913 , Vol+O2, 120854.00, 0.00, 42.67, 18.92
17:51:05.913 , Vol+O2, 120891.00, 0.00, 45.58, 18.92
17:51:05.919 , Vol+O2, 120928.00, 0.00, 47.79, 18.92
17:51:05.919 , Vol+O2, 120965.00, 0.00, 42.67, 18.92
17:51:05.945 , Vol+O2, 121002.00, 0.00, 48.92, 18.95
17:51:05.945 , Vol+O2, 121039.00, 0.00, 41.89, 18.95
17:51:05.947 , Vol+O2, 121076.00, 0.00, 43.06, 18.95
17:51:05.947 , Vol+O2, 121113.00, 0.00, 41.76, 18.95
17:51:05.947 , Vol+O2, 121150.00, 0.22, 40.00, 18.98
17:51:05.972 , Vol+O2, 121187.00, 0.00, 40.25, 18.98
17:51:05.972 , Vol+O2, 121224.00, 0.00, 38.65, 18.98
17:51:05.984 , Vol+O2, 121261.00, 0.30, 28.21, 18.98
17:51:05.984 , Vol+O2, 121298.00, 0.00, 21.48, 19.01
17:51:05.986 , Vol+O2, 121335.00, 0.00, 6.50, 19.01
17:51:05.986 , Vol+O2, 121372.00, 5.33, 1.60, 19.01
17:51:05.988 , Vol+O2, 121409.00, 28.30, 0.00, 19.01
17:51:05.988 , Vol+O2, 121446.00, 47.13, 0.00, 19.07
17:51:05.990 , Vol+O2, 121483.00, 63.80, 0.00, 19.07
17:51:05.990 , Vol+O2, 121520.00, 88.49, 0.00, 19.07
17:51:05.991 , Vol+O2, 121556.00, 104.17, 0.00, 19.07
17:51:05.991 , Vol+O2, 121593.00, 113.26, 0.00, 19.07
17:51:05.995 , Vol+O2, 121630.00, 113.00, 0.00, 19.10
17:51:05.995 , Vol+O2, 121667.00, 107.61, 0.00, 19.10
17:51:05.998 , Vol+O2, 121704.00, 111.15, 0.00, 19.10
17:51:05.998 , Vol+O2, 121741.00, 109.88, 0.00, 19.10
17:51:06.000 , Vol+O2, 121778.00, 94.90, 0.00, 19.10
17:51:06.000 , Vol+O2, 121815.00, 87.06, 0.00, 19.10
17:51:06.000 , Vol+O2, 121852.00, 82.37, 0.00, 19.10
17:51:06.002 , Vol+O2, 121889.00, 66.77, 0.00, 19.10
17:51:06.002 , Vol+O2, 121926.00, 40.07, 0.00, 19.10
17:51:06.005 , Vol+O2, 121963.00, 0.00, 3.42, 19.10
17:51:06.005 , Vol+O2, 122000.00, 0.00, 37.56, 19.10
17:51:06.060 , Vol+O2, 122037.00, 0.00, 58.57, 19.10
17:51:06.060 , Vol+O2, 122074.00, 0.65, 99.31, 19.13
17:51:06.061 , Vol+O2, 122111.00, 1.56, 93.60, 19.13
17:51:06.062 , Vol+O2, 122148.00, 0.00, 61.53, 19.13
17:51:06.062 , Vol+O2, 122185.00, 1.30, 56.96, 19.13
17:51:06.065 , Vol+O2, 122222.00, 0.00, 63.56, 19.16
17:51:06.065 , Vol+O2, 122259.00, 0.43, 63.05, 19.16
17:51:06.068 , Vol+O2, 122296.00, 0.00, 61.70, 19.16
17:51:06.068 , Vol+O2, 122333.00, 0.61, 62.38, 19.16
17:51:06.070 , Vol+O2, 122370.00, 0.00, 52.30, 19.16
17:51:06.070 , Vol+O2, 122407.00, 0.00, 53.97, 19.16
17:51:06.077 , Vol+O2, 122444.00, 0.65, 57.60, 19.16
17:51:06.077 , Vol+O2, 122481.00, 0.00, 55.85, 19.16
17:51:06.140 , Vol+O2, 122518.00, 0.00, 57.44, 19.19
17:51:06.140 , Vol+O2, 122555.00, 0.00, 48.06, 19.19
17:51:06.140 , Vol+O2, 122592.00, 0.00, 55.06, 19.19
17:51:06.141 , Vol+O2, 122629.00, 0.00, 47.92, 19.19
17:51:06.143 , Vol+O2, 122666.00, 0.52, 47.50, 19.22
17:51:06.143 , Vol+O2, 122703.00, 0.43, 29.77, 19.22
17:51:06.146 , Vol+O2, 122740.00, 0.00, 19.33, 19.22
17:51:06.146 , Vol+O2, 122777.00, 0.00, 7.65, 19.22
17:51:06.149 , Vol+O2, 122814.00, 8.52, 2.88, 19.25
17:51:06.149 , Vol+O2, 122851.00, 29.20, 0.00, 19.25
17:51:06.150 , Vol+O2, 122888.00, 56.01, 0.00, 19.25
17:51:06.150 , Vol+O2, 122925.00, 70.98, 0.00, 19.25
17:51:06.150 , Vol+O2, 122962.00, 79.16, 0.00, 19.25
17:51:06.152 , Vol+O2, 122999.00, 87.26, 0.00, 19.25
17:51:06.152 , Vol+O2, 123036.00, 94.15, 0.00, 19.25
17:51:06.160 , Vol+O2, 123073.00, 97.50, 0.00, 19.25
17:51:06.160 , Vol+O2, 123109.00, 105.14, 0.00, 19.25
17:51:06.160 , Vol+O2, 123146.00, 105.38, 0.00, 19.25
17:51:06.163 , Vol+O2, 123183.00, 101.53, 0.00, 19.25
17:51:06.166 , Vol+O2, 123220.00, 96.82, 0.00, 19.25
17:51:06.166 , Vol+O2, 123257.00, 90.36, 0.00, 19.28
17:51:06.168 , Vol+O2, 123294.00, 72.76, 0.00, 19.28
17:51:06.168 , Vol+O2, 123331.00, 59.43, 0.00, 19.28
17:51:06.171 , Vol+O2, 123368.00, 42.25, 0.00, 19.28
17:51:06.171 , Vol+O2, 123405.00, 26.56, 0.00, 19.28
17:51:06.212 , Vol+O2, 123442.00, 5.74, 0.00, 19.28
17:51:06.212 , Vol+O2, 123479.00, 0.00, 5.20, 19.28
17:51:06.214 , Vol+O2, 123516.00, 0.00, 36.03, 19.28
17:51:06.214 , Vol+O2, 123553.00, 0.00, 105.87, 19.28
17:51:06.217 , Vol+O2, 123590.00, 0.00, 134.14, 19.28
17:51:06.217 , Vol+O2, 123627.00, 1.13, 127.28, 19.28
17:51:06.220 , Vol+O2, 123664.00, 0.00, 102.55, 19.28
17:51:06.220 , Vol+O2, 123701.00, 0.00, 75.85, 19.31
17:51:06.221 , Vol+O2, 123738.00, 0.65, 75.07, 19.31
17:51:06.221 , Vol+O2, 123775.00, 0.00, 76.24, 19.31
17:51:06.223 , Vol+O2, 123811.00, 0.00, 77.62, 19.31
17:51:06.223 , Vol+O2, 123848.00, 0.00, 67.95, 19.31
17:51:06.225 , Vol+O2, 123885.00, 0.74, 65.11, 19.34
17:51:06.225 , Vol+O2, 123922.00, 0.00, 57.28, 19.34
17:51:06.232 , Vol+O2, 123959.00, 0.00, 55.22, 19.34
17:51:06.232 , Vol+O2, 123996.00, 0.00, 47.92, 19.34
17:51:06.236 , Vol+O2, 124033.00, 0.00, 44.11, 19.34
17:51:06.236 , Vol+O2, 124070.00, 0.00, 21.91, 19.34
17:51:06.238 , Vol+O2, 124107.00, 0.00, 18.31, 19.34
17:51:06.238 , Vol+O2, 124144.00, 0.00, 13.91, 19.34
17:51:06.240 , Vol+O2, 124181.00, 0.00, 11.84, 19.37
17:51:06.240 , Vol+O2, 124218.00, 0.00, 8.56, 19.37
17:51:06.247 , Vol+O2, 124255.00, 0.30, 0.00, 19.37
17:51:06.247 , Vol+O2, 124292.00, 17.20, 0.00, 19.37
17:51:06.247 , Vol+O2, 124329.00, 42.06, 0.00, 19.37
17:51:06.249 , Vol+O2, 124366.00, 78.59, 0.00, 19.37
17:51:06.249 , Vol+O2, 124403.00, 101.67, 0.00, 19.37
17:51:06.286 , Vol+O2, 124440.00, 114.49, 0.00, 19.37
17:51:06.286 , Vol+O2, 124477.00, 124.30, 0.00, 19.37
17:51:06.288 , Vol+O2, 124514.00, 121.52, 0.00, 19.37
17:51:06.288 , Vol+O2, 124551.00, 114.06, 0.00, 19.37
17:51:06.291 , Vol+O2, 124588.00, 111.83, 0.00, 19.37
17:51:06.291 , Vol+O2, 124625.00, 107.61, 0.00, 19.34
17:51:06.293 , Vol+O2, 124662.00, 103.58, 0.00, 19.34
17:51:11.278 , Vol+O2, 124699.00, 98.06, 0.00, 19.34
17:51:11.280 , Vol+O2, 124735.00, 94.02, 0.00, 19.34
17:51:11.282 , Vol+O2, 124772.00, 86.85, 0.00, 19.37
17:51:11.282 , Vol+O2, 124809.00, 84.75, 0.00, 19.37
17:51:11.312 , Vol+O2, 124846.00, 79.65, 0.00, 19.37
17:51:11.312 , Vol+O2, 124883.00, 58.36, 0.00, 19.37
17:51:11.313 , Vol+O2, 124921.00, 31.83, 0.00, 19.37
17:51:11.313 , Vol+O2, 124958.00, 1.69, 1.37, 19.37
17:51:11.315 , Vol+O2, 124998.00, 4.86, 30.96, 19.37
17:51:11.315 , Vol+O2, 125035.00, 0.00, 128.18, 19.37
17:51:11.316 , Vol+O2, 125074.00, 1.52, 210.80, 19.37
17:51:11.316 , Vol+O2, 125111.00, 0.00, 187.24, 19.37
17:51:11.318 , Vol+O2, 125148.00, 0.00, 162.28, 19.37
17:51:11.349 , Vol+O2, 125185.00, 1.05, 130.01, 19.37
17:51:11.349 , Vol+O2, 125222.00, 0.78, 100.30, 19.37
17:51:11.352 , Vol+O2, 125262.00, 0.00, 88.66, 19.37
17:51:11.352 , Vol+O2, 125299.00, 0.00, 76.44, 19.37
17:51:11.354 , Vol+O2, 125336.00, 0.00, 74.50, 19.37
17:51:11.354 , Vol+O2, 125373.00, 0.00, 68.49, 19.40
17:51:11.356 , Vol+O2, 125410.00, 0.00, 59.55, 19.40
17:51:11.356 , Vol+O2, 125447.00, 0.00, 52.59, 19.40
17:51:11.358 , Vol+O2, 125484.00, 0.00, 47.65, 19.40
17:51:11.358 , Vol+O2, 125521.00, 0.00, 44.11, 19.41
17:51:11.361 , Vol+O2, 125558.00, 0.00, 37.33, 19.41
17:51:11.361 , Vol+O2, 125595.00, 0.00, 25.71, 19.41
17:51:11.391 , Vol+O2, 125632.00, 0.00, 16.11, 19.41
17:51:11.391 , Vol+O2, 125668.00, 0.00, 11.90, 19.46
17:51:11.393 , Vol+O2, 125705.00, 0.00, 8.73, 19.46
17:51:11.393 , Vol+O2, 125742.00, 0.00, 2.15, 19.46
17:51:11.395 , Vol+O2, 125779.00, 13.40, 0.24, 19.46
17:51:11.397 , Vol+O2, 125816.00, 55.49, 0.00, 19.43
17:51:11.397 , Vol+O2, 125853.00, 117.15, 0.00, 19.43
17:51:11.400 , Vol+O2, 125890.00, 146.47, 0.00, 19.43
17:51:11.400 , Vol+O2, 125927.00, 166.77, 0.00, 19.43
17:51:11.402 , Vol+O2, 125964.00, 158.64, 0.00, 19.43
17:51:11.402 , Vol+O2, 126001.00, 147.48, 0.00, 19.43
17:51:11.409 , Vol+O2, 126038.00, 131.19, 0.00, 19.43
17:51:11.409 , Vol+O2, 126075.00, 131.19, 0.00, 19.43
17:51:11.411 , Vol+O2, 126112.00, 135.74, 0.00, 19.43
17:51:11.411 , Vol+O2, 126149.00, 130.10, 0.00, 19.43
17:51:11.415 , Vol+O2, 126186.00, 124.02, 0.00, 19.43
17:51:11.415 , Vol+O2, 126222.00, 120.79, 0.00, 19.43
17:51:11.417 , Vol+O2, 126259.00, 121.24, 0.00, 19.46
17:51:11.417 , Vol+O2, 126296.00, 101.44, 0.00, 19.46
17:51:11.421 , Vol+O2, 126333.00, 93.04, 0.00, 19.46
17:51:11.421 , Vol+O2, 126369.00, 62.27, 0.00, 19.46
17:51:11.428 , Vol+O2, 126406.00, 38.35, 0.00, 19.46
17:51:11.428 , Vol+O2, 126443.00, 21.17, 0.00, 19.46
17:51:11.431 , Vol+O2, 126480.00, 8.35, 0.00, 19.46
17:51:11.431 , Vol+O2, 126517.00, 1.52, 0.00, 19.46
17:51:11.432 , Vol+O2, 126554.00, 0.00, 0.00, 19.46
17:51:11.432 , Vol+O2, 126591.00, 1.52, 1.83, 19.43
17:51:11.435 , Vol+O2, 126628.00, 0.00, 19.25, 19.43
17:51:11.435 , Vol+O2, 126665.00, 0.00, 128.48, 19.43
17:51:11.439 , Vol+O2, 126702.00, 0.69, 213.32, 19.43
17:51:11.439 , Vol+O2, 126739.00, 0.00, 187.68, 19.43
17:51:11.443 , Vol+O2, 126776.00, 0.00, 195.84, 19.43
17:51:11.443 , Vol+O2, 126813.00, 6.18, 177.29, 19.43
17:51:11.469 , Vol+O2, 126850.00, 3.35, 114.54, 19.43
17:51:11.469 , Vol+O2, 126887.00, 0.00, 110.39, 19.46
17:51:11.470 , Vol+O2, 126924.00, 0.00, 120.19, 19.46
17:51:11.470 , Vol+O2, 126961.00, 15.63, 91.55, 19.46
17:51:11.473 , Vol+O2, 126998.00, 0.00, 77.03, 19.46
17:51:11.473 , Vol+O2, 127035.00, 0.00, 87.80, 19.46
17:51:11.475 , Vol+O2, 127072.00, 0.00, 49.35, 19.46
17:51:11.475 , Vol+O2, 127109.00, 0.00, 49.78, 19.46
17:51:11.479 , Vol+O2, 127146.00, 1.43, 28.83, 19.46
17:51:11.479 , Vol+O2, 127183.00, 0.00, 27.60, 19.46
17:51:11.481 , Vol+O2, 127220.00, 1.13, 16.74, 19.46
17:51:11.482 , Vol+O2, 127257.00, 0.00, 15.88, 19.46
17:51:11.482 , Vol+O2, 127294.00, 0.00, 11.40, 19.46
17:51:11.482 , Vol+O2, 127331.00, 0.00, 6.82, 19.52
17:51:11.485 , Vol+O2, 127368.00, 1.22, 6.50, 19.52
17:51:11.514 , Vol+O2, 127405.00, 4.26, 6.66, 19.52
17:51:11.514 , Vol+O2, 127442.00, 4.34, 5.66, 19.52
17:51:11.516 , Vol+O2, 127479.00, 3.56, 4.24, 19.49
17:51:11.516 , Vol+O2, 127516.00, 0.26, 0.00, 19.49
17:51:11.517 , Vol+O2, 127553.00, 0.22, 0.00, 19.49
17:51:11.517 , Vol+O2, 127590.00, 1.86, 0.00, 19.49
17:51:11.519 , Vol+O2, 127627.00, 3.30, 0.00, 19.52
17:51:11.519 , Vol+O2, 127664.00, 8.14, 0.00, 19.52
17:51:11.522 , Vol+O2, 127701.00, 25.01, 0.00, 19.52
17:51:11.522 , Vol+O2, 127738.00, 54.01, 0.00, 19.52
17:51:11.535 , Vol+O2, 127774.00, 68.72, 0.00, 19.49
17:51:11.535 , Vol+O2, 127811.00, 78.32, 0.00, 19.49
17:51:11.538 , Vol+O2, 127848.00, 78.32, 0.00, 19.49
17:51:11.538 , Vol+O2, 127885.00, 68.55, 0.00, 19.49
17:51:11.540 , Vol+O2, 127922.00, 64.05, 0.00, 19.49
17:51:11.540 , Vol+O2, 127959.00, 66.52, 0.00, 19.49
17:51:11.541 , Vol+O2, 127996.00, 73.67, 0.00, 19.49
17:51:11.543 , Vol+O2, 128033.00, 72.04, 0.00, 19.49
17:51:11.543 , Vol+O2, 128070.00, 70.28, 0.00, 19.49
17:51:11.548 , Vol+O2, 128107.00, 69.07, 0.00, 19.49
17:51:11.548 , Vol+O2, 128144.00, 58.67, 0.00, 19.49
17:51:11.548 , Vol+O2, 128181.00, 54.89, 0.00, 19.49
17:51:11.578 , Vol+O2, 128218.00, 51.01, 0.00, 19.46
17:51:11.578 , Vol+O2, 128255.00, 42.06, 0.00, 19.46
17:51:11.578 , Vol+O2, 128292.00, 24.92, 0.00, 19.46
17:51:11.580 , Vol+O2, 128329.00, 12.32, 0.00, 19.46
17:51:11.580 , Vol+O2, 128366.00, 0.00, 1.33, 19.49
17:51:11.582 , Vol+O2, 128403.00, 0.82, 7.93, 19.49
17:51:11.582 , Vol+O2, 128440.00, 0.00, 21.91, 19.49
17:51:11.585 , Vol+O2, 128476.00, 0.00, 35.80, 19.49
17:51:11.585 , Vol+O2, 128513.00, 0.00, 38.90, 19.49
17:51:11.587 , Vol+O2, 128550.00, 0.00, 34.07, 19.49
17:51:11.587 , Vol+O2, 128587.00, 0.00, 23.27, 19.49
17:51:11.618 , Vol+O2, 128624.00, 0.00, 16.74, 19.49
17:51:11.618 , Vol+O2, 128661.00, 0.00, 14.91, 19.49
17:51:11.620 , Vol+O2, 128698.00, 0.00, 19.92, 19.46
17:51:11.620 , Vol+O2, 128735.00, 0.00, 22.72, 19.46
17:51:11.622 , Vol+O2, 128772.00, 0.00, 23.91, 19.46
17:51:11.622 , Vol+O2, 128809.00, 0.00, 26.20, 19.46
17:51:11.625 , Vol+O2, 128846.00, 0.00, 26.10, 19.45
17:51:11.625 , Vol+O2, 128883.00, 0.00, 26.79, 19.45
17:51:11.628 , Vol+O2, 128920.00, 0.00, 27.70, 19.45
17:51:11.628 , Vol+O2, 128957.00, 0.00, 27.70, 19.45
17:51:11.630 , Vol+O2, 128994.00, 0.00, 26.60, 19.49
17:51:11.630 , Vol+O2, 129031.00, 0.00, 27.29, 19.49
17:51:11.637 , Vol+O2, 129068.00, 0.00, 25.14, 19.49
17:51:11.637 , Vol+O2, 129105.00, 0.00, 24.38, 19.49
17:51:11.640 , Vol+O2, 129142.00, 0.00, 23.73, 19.49
17:51:11.640 , Vol+O2, 129179.00, 0.00, 21.65, 19.49
17:51:11.642 , Vol+O2, 129216.00, 0.00, 20.77, 19.49
17:51:11.642 , Vol+O2, 129253.00, 0.00, 17.47, 19.49
17:51:11.643 , Vol+O2, 129290.00, 0.00, 20.77, 19.49
17:51:11.648 , Vol+O2, 129327.00, 0.00, 20.69, 19.49
17:51:11.648 , Vol+O2, 129364.00, 0.00, 22.18, 19.49
17:51:11.652 , Vol+O2, 129401.00, 0.00, 18.40, 19.49
17:51:11.652 , Vol+O2, 129438.00, 0.00, 13.98, 19.52
17:51:11.655 , Vol+O2, 129475.00, 0.00, 8.15, 19.52
17:51:11.655 , Vol+O2, 129512.00, 0.00, 1.60, 19.52
17:51:11.683 , Vol+O2, 129549.00, 12.90, 0.24, 19.52
17:51:11.683 , Vol+O2, 129586.00, 53.43, 0.00, 19.49
17:51:11.698 , Vol+O2, 129623.00, 103.10, 0.00, 19.49
17:51:11.698 , Vol+O2, 129660.00, 139.43, 0.00, 19.49
17:51:11.721 , Vol+O2, 129697.00, 156.51, 0.00, 19.49
17:51:11.721 , Vol+O2, 129734.00, 151.96, 0.00, 19.45
17:51:11.723 , Vol+O2, 129771.00, 155.10, 0.00, 19.45
17:51:11.725 , Vol+O2, 129808.00, 149.89, 0.00, 19.45
17:51:11.725 , Vol+O2, 129845.00, 146.47, 0.00, 19.45
17:51:11.728 , Vol+O2, 129882.00, 144.49, 0.00, 19.46
17:51:11.728 , Vol+O2, 129919.00, 141.94, 0.00, 19.46
17:51:11.729 , Vol+O2, 129956.00, 143.20, 0.00, 19.46
17:51:11.729 , Vol+O2, 129993.00, 132.10, 0.00, 19.46
17:51:11.732 , Vol+O2, 130029.00, 128.85, 0.00, 19.43
17:51:11.732 , Vol+O2, 130066.00, 118.22, 0.00, 19.43
17:51:11.733 , Vol+O2, 130103.00, 96.37, 0.00, 19.43
17:51:11.736 , Vol+O2, 130140.00, 76.06, 0.00, 19.43
17:51:11.736 , Vol+O2, 130177.00, 49.89, 0.00, 19.43
17:51:11.739 , Vol+O2, 130214.00, 16.22, 0.00, 19.43
17:51:11.739 , Vol+O2, 130251.00, 0.00, 9.67, 19.43
17:51:11.742 , Vol+O2, 130288.00, 0.00, 53.89, 19.43
17:51:11.742 , Vol+O2, 130325.00, 0.00, 151.38, 19.43
17:51:17.149 , Vol+O2, 130361.00, 1.17, 191.70, 19.43
17:51:17.152 , Vol+O2, 130400.00, 0.95, 165.40, 19.43
17:51:17.152 , Vol+O2, 130438.00, 0.00, 115.93, 19.43
17:51:17.154 , Vol+O2, 130474.00, 0.65, 101.79, 19.43
17:51:17.154 , Vol+O2, 130511.00, 0.00, 86.72, 19.43
17:51:17.155 , Vol+O2, 130547.00, 0.38, 76.84, 19.43
17:51:17.155 , Vol+O2, 130584.00, 0.00, 70.51, 19.43
17:51:17.178 , Vol+O2, 130621.00, 0.00, 61.53, 19.43
17:51:17.180 , Vol+O2, 130658.00, 0.00, 58.90, 19.46
17:51:17.180 , Vol+O2, 130695.00, 0.00, 50.80, 19.46
17:51:17.182 , Vol+O2, 130733.00, 0.00, 45.99, 19.46
17:51:17.182 , Vol+O2, 130769.00, 0.00, 40.25, 19.46
17:51:17.185 , Vol+O2, 130806.00, 0.00, 39.38, 19.46
17:51:17.185 , Vol+O2, 130843.00, 0.00, 34.53, 19.46
17:51:17.187 , Vol+O2, 130880.00, 0.00, 32.00, 19.46
17:51:17.187 , Vol+O2, 130917.00, 0.00, 30.09, 19.46
17:51:17.189 , Vol+O2, 130954.00, 0.00, 28.98, 19.46
17:51:17.189 , Vol+O2, 130991.00, 0.00, 26.00, 19.46
17:51:17.191 , Vol+O2, 131028.00, 0.00, 26.40, 19.46
17:51:17.196 , Vol+O2, 131065.00, 0.00, 22.36, 19.46
17:51:17.196 , Vol+O2, 131102.00, 0.00, 20.00, 19.46
17:51:17.200 , Vol+O2, 131139.00, 0.00, 19.00, 19.46
17:51:17.200 , Vol+O2, 131176.00, 0.00, 15.95, 19.46
17:51:17.202 , Vol+O2, 131213.00, 0.00, 13.59, 19.46
17:51:17.202 , Vol+O2, 131250.00, 0.00, 9.27, 19.46
17:51:17.205 , Vol+O2, 131287.00, 0.00, 7.48, 19.46
17:51:17.205 , Vol+O2, 131324.00, 0.00, 5.02, 19.46
17:51:17.205 , Vol+O2, 131361.00, 0.00, 3.34, 19.46
17:51:17.210 , Vol+O2, 131398.00, 0.00, 0.29, 19.46
17:51:17.210 , Vol+O2, 131435.00, 0.26, 0.00, 19.46
17:51:17.210 , Vol+O2, 131472.00, 3.08, 0.00, 19.46
17:51:17.214 , Vol+O2, 131509.00, 5.78, 0.00, 19.46
17:51:17.214 , Vol+O2, 131546.00, 13.35, 0.00, 19.46
17:51:17.215 , Vol+O2, 131583.00, 36.08, 0.00, 19.46
17:51:17.215 , Vol+O2, 131620.00, 79.08, 0.00, 19.46
17:51:17.221 , Vol+O2, 131657.00, 107.75, 0.00, 19.46
17:51:17.221 , Vol+O2, 131694.00, 134.21, 0.00, 19.46
17:51:17.221 , Vol+O2, 131730.00, 134.52, 0.00, 19.46
17:51:17.225 , Vol+O2, 131767.00, 134.52, 0.00, 19.46
17:51:17.225 , Vol+O2, 131804.00, 129.13, 0.00, 19.46
17:51:17.229 , Vol+O2, 131841.00, 120.97, 0.00, 19.46
17:51:17.229 , Vol+O2, 131878.00, 121.24, 0.00, 19.43
17:51:17.231 , Vol+O2, 131915.00, 116.62, 0.00, 19.43
17:51:17.231 , Vol+O2, 131952.00, 113.96, 0.00, 19.43
17:51:17.235 , Vol+O2, 131989.00, 112.63, 0.00, 19.43
17:51:17.235 , Vol+O2, 132026.00, 101.91, 0.00, 19.43
17:51:17.237 , Vol+O2, 132063.00, 96.60, 0.00, 19.43
17:51:17.237 , Vol+O2, 132100.00, 87.99, 0.00, 19.43
17:51:17.241 , Vol+O2, 132137.00, 69.07, 0.00, 19.43
17:51:17.241 , Vol+O2, 132174.00, 56.09, 0.00, 19.43
17:51:17.244 , Vol+O2, 132211.00, 34.30, 0.00, 19.43
17:51:17.244 , Vol+O2, 132248.00, 18.88, 0.00, 19.43
17:51:17.249 , Vol+O2, 132285.00, 6.78, 0.00, 19.43
17:51:17.249 , Vol+O2, 132322.00, 1.43, 0.00, 19.43
17:51:17.250 , Vol+O2, 132359.00, 0.00, 1.02, 19.43
17:51:17.250 , Vol+O2, 132396.00, 2.60, 9.93, 19.43
17:51:17.279 , Vol+O2, 132432.00, 6.94, 23.91, 19.43
17:51:17.279 , Vol+O2, 132469.00, 0.00, 85.65, 19.43
17:51:17.279 , Vol+O2, 132506.00, 0.95, 96.33, 19.40
17:51:17.281 , Vol+O2, 132543.00, 0.00, 90.20, 19.40
17:51:17.281 , Vol+O2, 132580.00, 0.00, 80.04, 19.40
17:51:17.283 , Vol+O2, 132617.00, 0.00, 69.59, 19.40
17:51:17.283 , Vol+O2, 132654.00, 0.00, 59.47, 19.40
17:51:17.289 , Vol+O2, 132691.00, 0.00, 50.51, 19.40
17:51:17.289 , Vol+O2, 132728.00, 0.00, 51.25, 19.40
17:51:17.298 , Vol+O2, 132765.00, 0.00, 48.28, 19.40
17:51:17.298 , Vol+O2, 132802.00, 0.00, 43.98, 19.43
17:51:17.298 , Vol+O2, 132839.00, 0.26, 37.80, 19.43
17:51:17.298 , Vol+O2, 132876.00, 0.00, 35.10, 19.43
17:51:17.298 , Vol+O2, 132913.00, 0.00, 34.70, 19.43
17:51:17.298 , Vol+O2, 132950.00, 0.00, 34.24, 19.43
17:51:17.305 , Vol+O2, 132987.00, 0.00, 28.35, 19.43
17:51:17.305 , Vol+O2, 133024.00, 0.00, 26.54, 19.43
17:51:17.305 , Vol+O2, 133061.00, 0.00, 25.81, 19.43
17:51:17.305 , Vol+O2, 133098.00, 0.00, 23.67, 19.43
17:51:17.305 , Vol+O2, 133135.00, 0.00, 21.91, 19.43
17:51:17.309 , Vol+O2, 133172.00, 0.00, 22.58, 19.43
17:51:17.309 , Vol+O2, 133209.00, 0.00, 21.33, 19.43
17:51:17.311 , Vol+O2, 133246.00, 0.00, 20.69, 19.43
17:51:17.311 , Vol+O2, 133283.00, 0.00, 19.08, 19.43
17:51:17.311 , Vol+O2, 133320.00, 0.00, 16.93, 19.43
17:51:17.311 , Vol+O2, 133357.00, 0.00, 14.29, 19.43
17:51:17.320 , Vol+O2, 133394.00, 0.00, 11.42, 19.43
17:51:17.320 , Vol+O2, 133431.00, 0.00, 10.46, 19.43
17:51:17.322 , Vol+O2, 133468.00, 0.00, 10.05, 19.43
17:51:17.322 , Vol+O2, 133505.00, 0.00, 8.58, 19.43
17:51:17.323 , Vol+O2, 133542.00, 0.00, 6.30, 19.46
17:51:17.330 , Vol+O2, 133579.00, 0.00, 5.76, 19.46
17:51:17.330 , Vol+O2, 133616.00, 0.00, 4.56, 19.46
17:51:17.335 , Vol+O2, 133653.00, 0.00, 3.84, 19.46
17:51:17.335 , Vol+O2, 133690.00, 0.00, 3.39, 19.43
17:51:17.360 , Vol+O2, 133727.00, 0.00, 2.15, 19.43
17:51:17.360 , Vol+O2, 133764.00, 0.00, 0.65, 19.43
17:51:17.372 , Vol+O2, 133801.00, 0.00, 0.51, 19.43
17:51:17.372 , Vol+O2, 133837.00, 0.00, 0.65, 19.43
17:51:17.375 , Vol+O2, 133874.00, 0.00, 0.42, 19.43
17:51:17.375 , Vol+O2, 133911.00, 0.00, 0.24, 19.43
17:51:17.382 , Vol+O2, 133948.00, 0.00, 0.00, 19.43
17:51:17.382 , Vol+O2, 133985.00, 0.00, 0.00, 19.43
17:51:17.382 , Vol+O2, 134022.00, 0.00, 0.00, 19.43
17:51:17.382 , Vol+O2, 134059.00, 0.00, 0.00, 19.43
17:51:17.382 , Vol+O2, 134096.00, 0.00, 0.00, 19.43
17:51:17.382 , Vol+O2, 134133.00, 0.00, 0.00, 19.43
17:51:17.384 , Vol+O2, 134170.00, 0.00, 0.00, 19.43
17:51:17.384 , Vol+O2, 134207.00, 0.00, 0.00, 19.43
17:51:17.387 , Vol+O2, 134244.00, 0.00, 0.00, 19.43
17:51:17.387 , Vol+O2, 134281.00, 0.00, 0.00, 19.40
17:51:17.391 , Vol+O2, 134318.00, 0.00, 0.00, 19.40
17:51:17.391 , Vol+O2, 134355.00, 0.00, 0.00, 19.40
17:51:17.393 , Vol+O2, 134391.00, 0.00, 0.00, 19.40
17:51:17.393 , Vol+O2, 134428.00, 0.00, 0.00, 19.40
17:51:17.399 , Vol+O2, 134465.00, 0.00, 0.00, 19.40
17:51:17.399 , Vol+O2, 134502.00, 0.00, 0.00, 19.40
17:51:17.402 , Vol+O2, 134538.00, 0.00, 0.00, 19.40
17:51:17.402 , Vol+O2, 134575.00, 0.00, 0.00, 19.40
17:51:17.407 , Vol+O2, 134612.00, 0.00, 0.00, 19.37
17:51:17.407 , Vol+O2, 134649.00, 0.00, 0.00, 19.37
17:51:17.408 , Vol+O2, 134686.00, 0.00, 0.00, 19.37
17:51:17.408 , Vol+O2, 134723.00, 0.00, 0.00, 19.37
17:51:17.431 , Vol+O2, 134760.00, 0.00, 0.00, 19.37
17:51:17.431 , Vol+O2, 134797.00, 0.00, 0.00, 19.37
17:51:17.457 , Vol+O2, 134834.00, 0.00, 0.00, 19.37
17:51:17.457 , Vol+O2, 134871.00, 0.00, 0.00, 19.37
17:51:17.474 , Vol+O2, 134908.00, 0.00, 0.00, 19.34
17:51:17.475 , Vol+O2, 134945.00, 0.00, 0.00, 19.34
17:51:17.475 , Vol+O2, 134982.00, 0.00, 0.00, 19.34
17:51:17.477 , Vol+O2, 135019.00, 0.00, 0.00, 19.34
17:51:17.477 , Vol+O2, 135056.00, 0.00, 0.00, 19.34
17:51:17.480 , Vol+O2, 135093.00, 0.00, 0.00, 19.34
17:51:17.480 , Vol+O2, 135130.00, 0.00, 0.00, 19.34
17:51:17.483 , Vol+O2, 135167.00, 0.00, 0.00, 19.34
17:51:17.483 , Vol+O2, 135204.00, 0.00, 0.00, 19.31
17:51:17.486 , Vol+O2, 135241.00, 0.00, 0.00, 19.31
17:51:17.486 , Vol+O2, 135278.00, 0.00, 0.00, 19.31
17:51:17.488 , Vol+O2, 135315.00, 0.00, 0.00, 19.31
17:51:17.488 , Vol+O2, 135352.00, 0.00, 0.00, 19.28
17:51:17.490 , Vol+O2, 135389.00, 0.00, 0.00, 19.28
17:51:17.490 , Vol+O2, 135426.00, 0.00, 0.00, 19.28
17:51:17.492 , Vol+O2, 135463.00, 0.00, 0.00, 19.28
17:51:17.492 , Vol+O2, 135500.00, 0.00, 0.00, 19.28
17:51:17.496 , Vol+O2, 135537.00, 0.00, 0.00, 19.28
17:51:17.496 , Vol+O2, 135574.00, 0.00, 0.00, 19.28
17:51:17.497 , Vol+O2, 135611.00, 0.00, 0.00, 19.28
17:51:17.497 , Vol+O2, 135648.00, 0.00, 0.00, 19.25
17:51:17.501 , Vol+O2, 135685.00, 0.00, 0.00, 19.25
17:51:17.501 , Vol+O2, 135722.00, 0.00, 0.00, 19.25
17:51:17.506 , Vol+O2, 135759.00, 0.00, 0.00, 19.25
