12:56:46.030 , Vol+O2, 57169.00, 0.00, 0.00, 20.60
12:56:46.030 , Vol+O2, 57206.00, 0.00, 0.00, 20.60
12:56:46.030 , Vol+O2, 57243.00, 0.00, 0.00, 20.60
12:56:46.034 , Vol+O2, 57280.00, 0.00, 0.00, 20.60
12:56:46.034 , Vol+O2, 57317.00, 0.00, 0.00, 20.60
12:56:46.038 , Vol+O2, 57354.00, 0.00, 0.00, 20.60
12:56:46.038 , Vol+O2, 57391.00, 0.00, 0.00, 20.60
12:56:46.041 , Vol+O2, 57428.00, 0.00, 0.00, 20.60
12:56:46.041 , Vol+O2, 57465.00, 0.00, 0.00, 20.60
12:56:46.044 , Vol+O2, 57502.00, 0.00, 0.00, 20.60
12:56:46.044 , Vol+O2, 57539.00, 0.00, 0.00, 20.60
12:56:46.048 , Vol+O2, 57576.00, 0.00, 0.00, 20.60
12:56:46.048 , Vol+O2, 57613.00, 0.00, 0.00, 20.60
12:56:46.050 , Vol+O2, 57650.00, 0.00, 0.00, 20.60
12:56:46.050 , Vol+O2, 57687.00, 0.00, 0.00, 20.60
12:56:46.054 , Vol+O2, 57724.00, 0.00, 0.00, 20.60
12:56:46.054 , Vol+O2, 57761.00, 0.00, 0.00, 20.60
12:56:46.059 , Vol+O2, 57798.00, 0.74, 0.32, 20.60
12:56:46.059 , Vol+O2, 57835.00, 0.00, 0.65, 20.60
12:56:46.062 , Vol+O2, 57872.00, 0.00, 0.61, 20.60
12:56:46.062 , Vol+O2, 57909.00, 0.00, 0.52, 20.60
12:56:46.098 , Vol+O2, 57946.00, 0.00, 0.52, 20.60
12:56:46.098 , Vol+O2, 57983.00, 0.00, 1.02, 20.60
12:56:46.100 , Vol+O2, 58020.00, 0.00, 2.35, 20.60
12:56:46.100 , Vol+O2, 58057.00, 0.00, 2.65, 20.60
12:56:46.102 , Vol+O2, 58094.00, 0.00, 2.48, 20.60
12:56:46.102 , Vol+O2, 58131.00, 0.00, 2.16, 20.60
12:56:46.105 , Vol+O2, 58168.00, 0.00, 2.65, 20.60
12:56:46.105 , Vol+O2, 58204.00, 0.00, 2.39, 20.60
12:56:46.107 , Vol+O2, 58241.00, 0.00, 1.75, 20.60
12:56:46.107 , Vol+O2, 58278.00, 0.00, 1.42, 20.60
12:56:46.109 , Vol+O2, 58315.00, 0.00, 2.61, 20.60
12:56:46.109 , Vol+O2, 58352.00, 0.00, 2.12, 20.57
12:56:46.112 , Vol+O2, 58389.00, 0.00, 1.75, 20.57
12:56:46.112 , Vol+O2, 58426.00, 0.00, 3.35, 20.57111
12:56:46.115 , Vol+O2, 58463.00, 0.00, 4.21, 20.57
12:56:46.115 , Vol+O2, 58500.00, 0.00, 4.40, 20.54
12:56:46.115 , Vol+O2, 58537.00, 0.00, 4.63, 20.54
12:56:46.118 , Vol+O2, 58574.00, 0.00, 4.21, 20.54
12:56:46.118 , Vol+O2, 58611.00, 0.00, 3.49, 20.54
12:56:46.123 , Vol+O2, 58648.00, 0.00, 2.57, 20.45
12:56:46.123 , Vol+O2, 58685.00, 0.00, 1.83, 20.45
12:56:46.123 , Vol+O2, 58722.00, 0.00, 2.65, 20.45
12:56:46.126 , Vol+O2, 58759.00, 0.00, 2.79, 20.45
12:56:46.129 , Vol+O2, 58796.00, 0.00, 3.16, 20.36
12:56:46.129 , Vol+O2, 58833.00, 0.00, 2.53, 20.36
12:56:46.133 , Vol+O2, 58870.00, 0.00, 2.48, 20.36
12:56:46.133 , Vol+O2, 58906.00, 0.00, 2.20, 20.36
12:56:46.136 , Vol+O2, 58943.00, 0.00, 1.75, 20.36
12:56:46.136 , Vol+O2, 58980.00, 0.00, 0.88, 20.21
12:56:46.139 , Vol+O2, 59017.00, 0.00, 0.00, 20.21
12:56:46.139 , Vol+O2, 59054.00, 0.00, 0.42, 20.21
12:56:46.143 , Vol+O2, 59091.00, 0.00, 0.00, 20.21
12:56:46.143 , Vol+O2, 59128.00, 0.43, 0.00, 20.06
12:56:46.143 , Vol+O2, 59165.00, 0.65, 0.00, 20.06
12:56:46.147 , Vol+O2, 59202.00, 1.09, 0.00, 20.06
12:56:46.150 , Vol+O2, 59239.00, 1.86, 0.00, 20.06
12:56:46.150 , Vol+O2, 59276.00, 1.95, 0.00, 19.94
12:56:46.154 , Vol+O2, 59313.00, 1.56, 0.00, 19.94
12:56:46.154 , Vol+O2, 59350.00, 0.74, 0.00, 19.94
12:56:46.154 , Vol+O2, 59387.00, 0.00, 0.00, 19.94
12:56:46.157 , Vol+O2, 59424.00, 0.00, 0.00, 19.81111
12:56:46.161 , Vol+O2, 59461.00, 0.00, 0.00, 19.81
12:56:46.161 , Vol+O2, 59498.00, 0.00, 0.00, 19.81
12:56:46.165 , Vol+O2, 59535.00, 0.00, 0.00, 19.81
12:56:46.165 , Vol+O2, 59572.00, 0.00, 0.00, 19.66
12:56:46.165 , Vol+O2, 59609.00, 0.43, 0.00, 19.66
12:56:46.168 , Vol+O2, 59646.00, 0.65, 0.00, 19.66
12:56:46.173 , Vol+O2, 59683.00, 0.86, 0.00, 19.66
12:56:46.173 , Vol+O2, 59720.00, 0.56, 0.00, 19.52
12:56:46.174 , Vol+O2, 59757.00, 0.22, 0.00, 19.52
12:56:46.174 , Vol+O2, 59794.00, 1.30, 0.00, 19.52
12:56:46.178 , Vol+O2, 59831.00, 2.12, 0.00, 19.52
12:56:46.178 , Vol+O2, 59868.00, 1.73, 0.00, 19.40
12:56:46.182 , Vol+O2, 59905.00, 0.74, 0.00, 19.40
12:56:46.182 , Vol+O2, 59942.00, 0.00, 0.00, 19.401111
12:56:46.186 , Vol+O2, 59979.00, 0.00, 0.00, 19.40
12:56:46.186 , Vol+O2, 60016.00, 0.00, 0.00, 19.27
12:56:46.189 , Vol+O2, 60053.00, 0.78, 0.00, 19.27
12:56:46.189 , Vol+O2, 60090.00, 1.17, 0.00, 19.27
12:56:46.194 , Vol+O2, 60127.00, 1.86, 0.00, 19.27
12:56:46.194 , Vol+O2, 60164.00, 0.30, 0.00, 19.13
12:56:46.196 , Vol+O2, 60201.00, 0.00, 0.75, 19.13
12:56:46.196 , Vol+O2, 60238.00, 0.00, 1.25, 19.13
12:56:46.200 , Vol+O2, 60275.00, 0.00, 0.98, 19.13
12:56:46.200 , Vol+O2, 60312.00, 0.00, 2.12, 18.98
12:56:46.203 , Vol+O2, 60349.00, 0.00, 3.66, 18.98
12:56:46.203 , Vol+O2, 60386.00, 0.00, 2.62, 18.98
12:56:46.203 , Vol+O2, 60423.00, 0.00, 2.62, 18.98
12:56:46.207 , Vol+O2, 60459.00, 0.00, 2.17, 18.89
12:56:46.212 , Vol+O2, 60496.00, 0.00, 2.12, 18.89
12:56:46.212 , Vol+O2, 60533.00, 0.00, 2.21, 18.89
12:56:46.214 , Vol+O2, 60570.00, 0.00, 2.30, 18.89
12:56:46.214 , Vol+O2, 60607.00, 0.00, 2.08, 18.83
12:56:46.217 , Vol+O2, 60644.00, 0.00, 1.84, 18.83
12:56:46.217 , Vol+O2, 60681.00, 0.00, 2.53, 18.83
12:56:46.221 , Vol+O2, 60718.00, 0.00, 2.12, 18.83
12:56:46.221 , Vol+O2, 60755.00, 0.00, 2.17, 18.80
12:56:46.225 , Vol+O2, 60792.00, 0.00, 2.53, 18.80
12:56:46.225 , Vol+O2, 60829.00, 0.00, 2.53, 18.80
12:56:46.227 , Vol+O2, 60866.00, 0.00, 2.25, 18.80
12:56:51.232 , Vol+O2, 60904.00, 0.00, 2.08, 18.80
12:56:51.233 , Vol+O2, 60941.00, 0.00, 1.75, 18.80
12:56:51.233 , Vol+O2, 60979.00, 0.00, 2.66, 18.74
12:56:51.236 , Vol+O2, 61017.00, 0.00, 2.85, 18.74
12:56:51.236 , Vol+O2, 61054.00, 0.00, 3.08, 18.74111111
12:56:51.242 , Vol+O2, 61091.00, 0.00, 2.34, 18.74
12:56:51.242 , Vol+O2, 61129.00, 0.00, 0.61, 18.74
12:56:51.242 , Vol+O2, 61167.00, 0.00, 0.42, 18.74
12:56:51.254 , Vol+O2, 61205.00, 0.00, 0.93, 18.71
12:56:51.254 , Vol+O2, 61241.00, 0.00, 1.25, 18.71
12:56:51.254 , Vol+O2, 61278.00, 0.00, 1.43, 18.71
12:56:51.254 , Vol+O2, 61315.00, 0.00, 1.75, 18.71
12:56:51.254 , Vol+O2, 61352.00, 0.00, 3.08, 18.71
12:56:51.254 , Vol+O2, 61389.00, 0.00, 3.12, 18.71
12:56:51.262 , Vol+O2, 61426.00, 0.00, 3.12, 18.68
12:56:51.262 , Vol+O2, 61463.00, 0.00, 2.75, 18.68
12:56:51.265 , Vol+O2, 61500.00, 0.00, 2.39, 18.68
12:56:51.265 , Vol+O2, 61537.00, 0.00, 1.48, 18.68
12:56:51.267 , Vol+O2, 61574.00, 0.00, 1.29, 18.62
12:56:51.267 , Vol+O2, 61611.00, 0.00, 1.43, 18.62
12:56:51.272 , Vol+O2, 61648.00, 0.00, 1.20, 18.62
12:56:51.272 , Vol+O2, 61685.00, 0.00, 1.02, 18.62
12:56:51.274 , Vol+O2, 61722.00, 0.00, 0.83, 18.56
12:56:51.274 , Vol+O2, 61759.00, 0.00, 1.29, 18.56
12:56:51.282 , Vol+O2, 61796.00, 0.00, 1.20, 18.56
12:56:51.282 , Vol+O2, 61833.00, 0.00, 1.16, 18.56
12:56:51.284 , Vol+O2, 61870.00, 0.00, 1.20, 18.50
12:56:51.284 , Vol+O2, 61907.00, 0.00, 0.52, 18.50
12:56:51.285 , Vol+O2, 61944.00, 0.00, 0.00, 18.50
12:56:51.285 , Vol+O2, 61981.00, 0.00, 0.00, 18.50
12:56:51.287 , Vol+O2, 62018.00, 1.05, 0.00, 18.41
12:56:51.287 , Vol+O2, 62055.00, 2.03, 0.00, 18.41
12:56:51.287 , Vol+O2, 62092.00, 3.55, 0.00, 18.41
12:56:51.290 , Vol+O2, 62129.00, 3.69, 0.00, 18.41
12:56:51.296 , Vol+O2, 62165.00, 4.72, 0.00, 18.32
12:56:51.296 , Vol+O2, 62202.00, 5.25, 0.00, 18.32111
12:56:51.296 , Vol+O2, 62239.00, 5.12, 0.00, 18.32
12:56:51.299 , Vol+O2, 62276.00, 5.64, 0.00, 18.32
12:56:51.299 , Vol+O2, 62313.00, 5.13, 0.00, 18.23
12:56:51.299 , Vol+O2, 62350.00, 5.29, 0.00, 18.23
12:56:51.302 , Vol+O2, 62387.00, 5.42, 0.00, 18.23
12:56:51.302 , Vol+O2, 62424.00, 5.42, 0.00, 18.23
12:56:51.305 , Vol+O2, 62461.00, 5.42, 0.00, 18.17
12:56:51.305 , Vol+O2, 62498.00, 5.37, 0.00, 18.17
12:56:51.308 , Vol+O2, 62535.00, 5.33, 0.00, 18.17
12:56:51.308 , Vol+O2, 62572.00, 5.29, 0.00, 18.17111
12:56:51.313 , Vol+O2, 62609.00, 5.25, 0.00, 18.05
12:56:51.317 , Vol+O2, 62646.00, 5.78, 0.00, 18.05
12:56:51.317 , Vol+O2, 62683.00, 5.55, 0.00, 18.05
12:56:51.317 , Vol+O2, 62720.00, 5.03, 0.00, 18.05
12:56:51.319 , Vol+O2, 62757.00, 5.20, 0.00, 17.96
12:56:51.325 , Vol+O2, 62794.00, 4.85, 0.00, 17.96
12:56:51.325 , Vol+O2, 62831.00, 5.07, 0.00, 17.96
12:56:51.325 , Vol+O2, 62867.00, 4.50, 0.00, 17.96
12:56:51.325 , Vol+O2, 62904.00, 4.46, 0.00, 17.96
12:56:51.327 , Vol+O2, 62941.00, 3.82, 0.00, 17.90
12:56:51.329 , Vol+O2, 62978.00, 3.03, 0.00, 17.90
12:56:51.329 , Vol+O2, 63015.00, 1.38, 0.00, 17.90
12:56:51.332 , Vol+O2, 63052.00, 0.00, 0.00, 17.90
12:56:51.332 , Vol+O2, 63089.00, 0.00, 0.00, 17.81
12:56:51.339 , Vol+O2, 63126.00, 0.34, 1.16, 17.81
12:56:51.339 , Vol+O2, 63163.00, 0.00, 1.52, 17.81
12:56:51.339 , Vol+O2, 63200.00, 0.00, 1.58, 17.81
12:56:51.339 , Vol+O2, 63237.00, 0.00, 2.62, 17.72
12:56:51.339 , Vol+O2, 63274.00, 0.00, 3.12, 17.72
12:56:51.342 , Vol+O2, 63311.00, 0.00, 2.62, 17.72
12:56:51.342 , Vol+O2, 63348.00, 0.00, 2.75, 17.72
12:56:51.344 , Vol+O2, 63385.00, 0.00, 2.85, 17.66
12:56:51.344 , Vol+O2, 63422.00, 0.00, 2.80, 17.66
12:56:51.348 , Vol+O2, 63459.00, 0.00, 3.03, 17.66
12:56:51.348 , Vol+O2, 63496.00, 0.00, 2.99, 17.66
12:56:51.351 , Vol+O2, 63533.00, 0.00, 2.71, 17.63
12:56:51.351 , Vol+O2, 63570.00, 0.00, 3.12, 17.63
12:56:51.353 , Vol+O2, 63607.00, 0.00, 3.45, 17.63
12:56:51.353 , Vol+O2, 63644.00, 0.00, 2.62, 17.63
12:56:51.360 , Vol+O2, 63681.00, 0.00, 3.03, 17.63
12:56:51.360 , Vol+O2, 63718.00, 0.00, 2.21, 17.63
12:56:51.362 , Vol+O2, 63755.00, 0.00, 2.03, 17.63
12:56:51.362 , Vol+O2, 63792.00, 0.00, 2.80, 17.63
12:56:51.364 , Vol+O2, 63829.00, 0.00, 2.90, 17.66
12:56:51.364 , Vol+O2, 63866.00, 0.00, 2.80, 17.66
12:56:51.368 , Vol+O2, 63903.00, 0.00, 2.39, 17.66
12:56:51.368 , Vol+O2, 63940.00, 0.00, 2.90, 17.66
12:56:51.371 , Vol+O2, 63977.00, 0.00, 3.03, 17.69
12:56:51.371 , Vol+O2, 64014.00, 0.00, 3.03, 17.69
12:56:51.374 , Vol+O2, 64051.00, 0.00, 2.80, 17.69
12:56:51.374 , Vol+O2, 64088.00, 0.00, 2.80, 17.69
12:56:51.380 , Vol+O2, 64125.00, 0.00, 2.53, 17.72
12:56:51.380 , Vol+O2, 64162.00, 0.00, 2.48, 17.72
12:56:51.382 , Vol+O2, 64199.00, 0.00, 2.48, 17.72
12:56:51.382 , Vol+O2, 64236.00, 0.00, 1.98, 17.72
12:56:51.386 , Vol+O2, 64273.00, 0.00, 2.39, 17.72
12:56:51.386 , Vol+O2, 64310.00, 0.00, 2.57, 17.72
12:56:51.388 , Vol+O2, 64347.00, 0.00, 2.25, 17.72
12:56:51.388 , Vol+O2, 64384.00, 0.00, 2.17, 17.72
12:56:51.392 , Vol+O2, 64420.00, 0.00, 1.94, 17.69
12:56:51.392 , Vol+O2, 64457.00, 0.00, 1.43, 17.69
12:56:51.397 , Vol+O2, 64494.00, 0.00, 0.83, 17.69
12:56:51.397 , Vol+O2, 64531.00, 0.00, 0.52, 17.69
12:56:51.399 , Vol+O2, 64568.00, 0.00, 0.00, 17.66
12:56:51.399 , Vol+O2, 64605.00, 0.74, 0.00, 17.66
12:56:51.405 , Vol+O2, 64642.00, 1.38, 0.00, 17.66
12:56:51.405 , Vol+O2, 64679.00, 2.34, 0.00, 17.66
12:56:51.405 , Vol+O2, 64716.00, 3.16, 0.00, 17.63
12:56:51.405 , Vol+O2, 64753.00, 3.86, 0.00, 17.63
12:56:51.407 , Vol+O2, 64790.00, 4.25, 0.00, 17.63
12:56:51.407 , Vol+O2, 64827.00, 5.29, 0.00, 17.63
12:56:51.411 , Vol+O2, 64864.00, 6.29, 0.00, 17.57
12:56:51.411 , Vol+O2, 64901.00, 6.70, 0.00, 17.57
12:56:51.415 , Vol+O2, 64938.00, 7.25, 0.00, 17.57
12:56:51.415 , Vol+O2, 64975.00, 6.81, 0.00, 17.57
12:56:51.417 , Vol+O2, 65012.00, 7.30, 0.00, 17.51
12:56:51.417 , Vol+O2, 65049.00, 6.97, 0.00, 17.51
12:56:51.422 , Vol+O2, 65086.00, 6.65, 0.00, 17.51
12:56:51.422 , Vol+O2, 65122.00, 6.60, 0.00, 17.51
12:56:51.422 , Vol+O2, 65159.00, 6.70, 0.00, 17.51
12:56:51.424 , Vol+O2, 65196.00, 6.39, 0.00, 17.45
12:56:51.424 , Vol+O2, 65233.00, 6.44, 0.00, 17.45
12:56:51.428 , Vol+O2, 65270.00, 6.76, 0.00, 17.45
12:56:51.432 , Vol+O2, 65307.00, 5.94, 0.00, 17.45
12:56:51.432 , Vol+O2, 65344.00, 6.97, 0.00, 17.39
12:56:51.436 , Vol+O2, 65381.00, 6.93, 0.00, 17.39
12:56:51.436 , Vol+O2, 65418.00, 7.35, 0.00, 17.39
12:56:51.438 , Vol+O2, 65455.00, 7.57, 0.00, 17.39
12:56:51.438 , Vol+O2, 65492.00, 7.46, 0.00, 17.33
12:56:51.443 , Vol+O2, 65529.00, 7.31, 0.00, 17.33
12:56:51.443 , Vol+O2, 65566.00, 6.12, 0.00, 17.33
12:56:51.446 , Vol+O2, 65603.00, 6.07, 0.00, 17.33
12:56:51.446 , Vol+O2, 65640.00, 5.29, 0.00, 17.30
12:56:51.450 , Vol+O2, 65677.00, 4.94, 0.00, 17.30
12:56:51.450 , Vol+O2, 65714.00, 4.03, 0.00, 17.30
12:56:51.453 , Vol+O2, 65751.00, 3.20, 0.00, 17.30
12:56:51.453 , Vol+O2, 65788.00, 1.48, 0.00, 17.21
12:56:51.453 , Vol+O2, 65825.00, 0.00, 0.00, 17.21
12:56:51.456 , Vol+O2, 65862.00, 0.00, 0.00, 17.21
12:56:51.460 , Vol+O2, 65899.00, 0.00, 1.02, 17.21
12:56:51.460 , Vol+O2, 65936.00, 0.00, 1.62, 17.18
12:56:51.460 , Vol+O2, 65973.00, 0.00, 1.88, 17.18
12:56:51.465 , Vol+O2, 66010.00, 0.00, 2.85, 17.18
12:56:51.467 , Vol+O2, 66047.00, 0.00, 2.90, 17.18
12:56:51.467 , Vol+O2, 66084.00, 0.00, 2.94, 17.12
12:56:51.471 , Vol+O2, 66121.00, 0.00, 3.12, 17.12
12:56:51.471 , Vol+O2, 66158.00, 0.00, 2.75, 17.12
12:56:51.471 , Vol+O2, 66195.00, 0.00, 2.99, 17.12
12:56:56.479 , Vol+O2, 66233.00, 0.00, 2.57, 17.12
12:56:56.479 , Vol+O2, 66271.00, 0.00, 3.08, 17.12
12:56:56.481 , Vol+O2, 66309.00, 0.00, 3.40, 17.12
12:56:56.481 , Vol+O2, 66346.00, 0.00, 3.03, 17.12
12:56:56.483 , Vol+O2, 66384.00, 0.00, 2.90, 17.12
12:56:56.483 , Vol+O2, 66422.00, 0.00, 2.90, 17.12
12:56:56.483 , Vol+O2, 66459.00, 0.00, 1.94, 17.12
12:56:56.485 , Vol+O2, 66496.00, 0.00, 2.62, 17.12
12:56:56.490 , Vol+O2, 66533.00, 0.00, 3.45, 17.12
12:56:56.490 , Vol+O2, 66570.00, 0.00, 2.90, 17.15
12:56:56.490 , Vol+O2, 66607.00, 0.00, 2.85, 17.15
12:56:56.502 , Vol+O2, 66644.00, 0.00, 2.44, 17.15
12:56:56.502 , Vol+O2, 66681.00, 0.00, 2.75, 17.15
12:56:56.503 , Vol+O2, 66718.00, 0.00, 3.03, 17.21
12:56:56.503 , Vol+O2, 66755.00, 0.00, 3.71, 17.21
12:56:56.503 , Vol+O2, 66792.00, 0.00, 3.17, 17.21
12:56:56.503 , Vol+O2, 66829.00, 0.00, 2.57, 17.21
12:56:56.503 , Vol+O2, 66866.00, 0.00, 2.39, 17.27
12:56:56.503 , Vol+O2, 66903.00, 0.00, 2.03, 17.27
12:56:56.510 , Vol+O2, 66940.00, 0.00, 2.17, 17.27
12:56:56.510 , Vol+O2, 66977.00, 0.00, 2.25, 17.27
12:56:56.512 , Vol+O2, 67014.00, 0.00, 2.30, 17.27
12:56:56.512 , Vol+O2, 67051.00, 0.00, 2.35, 17.27
12:56:56.515 , Vol+O2, 67088.00, 0.00, 2.21, 17.27
12:56:56.515 , Vol+O2, 67125.00, 0.00, 2.21, 17.27
12:56:56.518 , Vol+O2, 67161.00, 0.00, 2.39, 17.30
12:56:56.518 , Vol+O2, 67198.00, 0.00, 2.08, 17.30
12:56:56.522 , Vol+O2, 67235.00, 0.00, 2.48, 17.30
12:56:56.522 , Vol+O2, 67272.00, 0.00, 2.48, 17.30
12:56:56.526 , Vol+O2, 67309.00, 0.00, 1.98, 17.27
12:56:56.526 , Vol+O2, 67346.00, 0.00, 1.75, 17.27
12:56:56.529 , Vol+O2, 67383.00, 0.00, 2.08, 17.27
12:56:56.529 , Vol+O2, 67420.00, 0.00, 1.75, 17.27
12:56:56.533 , Vol+O2, 67457.00, 0.00, 1.62, 17.27
12:56:56.533 , Vol+O2, 67494.00, 0.00, 1.62, 17.27
12:56:56.536 , Vol+O2, 67531.00, 0.00, 1.52, 17.27
12:56:56.536 , Vol+O2, 67568.00, 0.00, 1.20, 17.27
12:56:56.540 , Vol+O2, 67605.00, 0.00, 0.88, 17.24
12:56:56.540 , Vol+O2, 67642.00, 0.00, 0.24, 17.24
12:56:56.545 , Vol+O2, 67679.00, 0.00, 0.00, 17.24
12:56:56.545 , Vol+O2, 67716.00, 0.00, 0.00, 17.24
12:56:56.547 , Vol+O2, 67753.00, 0.47, 0.00, 17.23
12:56:56.547 , Vol+O2, 67790.00, 1.43, 0.00, 17.23
12:56:56.550 , Vol+O2, 67827.00, 1.95, 0.00, 17.23
12:56:56.550 , Vol+O2, 67863.00, 3.20, 0.00, 17.23
12:56:56.555 , Vol+O2, 67900.00, 3.72, 0.00, 17.23
12:56:56.555 , Vol+O2, 67937.00, 4.59, 0.00, 17.21
12:56:56.555 , Vol+O2, 67974.00, 5.29, 0.00, 17.21
12:56:56.557 , Vol+O2, 68011.00, 5.60, 0.00, 17.21
12:56:56.557 , Vol+O2, 68048.00, 6.65, 0.00, 17.21
12:56:56.560 , Vol+O2, 68085.00, 6.70, 0.00, 17.15
12:56:56.560 , Vol+O2, 68122.00, 6.65, 0.00, 17.15
12:56:56.565 , Vol+O2, 68159.00, 6.49, 0.00, 17.15
12:56:56.565 , Vol+O2, 68196.00, 6.81, 0.00, 17.15
12:56:56.569 , Vol+O2, 68233.00, 5.73, 0.00, 17.12
12:56:56.569 , Vol+O2, 68270.00, 5.25, 0.00, 17.12
12:56:56.571 , Vol+O2, 68307.00, 6.03, 0.00, 17.12
12:56:56.571 , Vol+O2, 68344.00, 5.68, 0.00, 17.12
12:56:56.575 , Vol+O2, 68381.00, 5.64, 0.00, 17.09
12:56:56.575 , Vol+O2, 68418.00, 5.33, 0.00, 17.09
12:56:56.578 , Vol+O2, 68455.00, 4.99, 0.00, 17.09
12:56:56.578 , Vol+O2, 68492.00, 4.37, 0.00, 17.09
12:56:56.582 , Vol+O2, 68529.00, 4.46, 0.00, 17.03
12:56:56.582 , Vol+O2, 68566.00, 3.95, 0.00, 17.03
12:56:56.586 , Vol+O2, 68603.00, 3.55, 0.00, 17.03
12:56:56.586 , Vol+O2, 68640.00, 3.12, 0.00, 17.03
12:56:56.593 , Vol+O2, 68677.00, 2.43, 0.00, 17.03
12:56:56.593 , Vol+O2, 68714.00, 2.86, 0.00, 17.03
12:56:56.596 , Vol+O2, 68751.00, 1.95, 0.00, 17.03
12:56:56.596 , Vol+O2, 68788.00, 1.13, 0.00, 17.03
12:56:56.598 , Vol+O2, 68825.00, 0.00, 0.00, 16.97
12:56:56.598 , Vol+O2, 68862.00, 0.00, 0.79, 16.97
12:56:56.599 , Vol+O2, 68899.00, 0.00, 1.20, 16.97
12:56:56.601 , Vol+O2, 68936.00, 0.00, 1.58, 16.97
12:56:56.601 , Vol+O2, 68973.00, 0.00, 2.17, 16.94
12:56:56.601 , Vol+O2, 69010.00, 0.00, 2.48, 16.94
12:56:56.604 , Vol+O2, 69047.00, 0.00, 2.48, 16.94
12:56:56.604 , Vol+O2, 69084.00, 0.00, 2.53, 16.94
12:56:56.610 , Vol+O2, 69121.00, 0.00, 2.35, 16.91
12:56:56.610 , Vol+O2, 69158.00, 0.00, 2.75, 16.91
12:56:56.612 , Vol+O2, 69195.00, 0.00, 2.90, 16.91
12:56:56.612 , Vol+O2, 69232.00, 0.00, 2.25, 16.91
12:56:56.616 , Vol+O2, 69269.00, 0.00, 3.49, 16.91
12:56:56.616 , Vol+O2, 69306.00, 0.00, 3.49, 16.91
12:56:56.618 , Vol+O2, 69343.00, 0.00, 3.17, 16.91
12:56:56.618 , Vol+O2, 69380.00, 0.00, 2.94, 16.91
12:56:56.622 , Vol+O2, 69416.00, 0.00, 2.85, 16.94
12:56:56.622 , Vol+O2, 69453.00, 0.00, 2.30, 16.94
12:56:56.627 , Vol+O2, 69490.00, 0.00, 2.53, 16.94
12:56:56.627 , Vol+O2, 69527.00, 0.00, 2.75, 16.94
12:56:56.630 , Vol+O2, 69564.00, 0.00, 2.53, 17.00
12:56:56.630 , Vol+O2, 69601.00, 0.00, 2.90, 17.00
12:56:56.635 , Vol+O2, 69638.00, 0.00, 2.21, 17.00
12:56:56.635 , Vol+O2, 69675.00, 0.00, 2.35, 17.00
12:56:56.635 , Vol+O2, 69712.00, 0.00, 2.30, 17.06
12:56:56.635 , Vol+O2, 69749.00, 0.00, 1.94, 17.06
12:56:56.637 , Vol+O2, 69786.00, 0.00, 2.44, 17.06
12:56:56.637 , Vol+O2, 69823.00, 0.00, 2.44, 17.06
12:56:56.640 , Vol+O2, 69860.00, 0.00, 2.30, 17.09
12:56:56.640 , Vol+O2, 69897.00, 0.00, 2.35, 17.09
12:56:56.643 , Vol+O2, 69934.00, 0.00, 1.98, 17.09
12:56:56.643 , Vol+O2, 69971.00, 0.00, 2.08, 17.09
12:56:56.649 , Vol+O2, 70008.00, 0.00, 1.75, 17.15
12:56:56.649 , Vol+O2, 70045.00, 0.00, 1.88, 17.15
12:56:56.649 , Vol+O2, 70082.00, 0.00, 1.70, 17.15
12:56:56.651 , Vol+O2, 70118.00, 0.00, 1.80, 17.15
12:56:56.651 , Vol+O2, 70155.00, 0.00, 1.43, 17.15
12:56:56.689 , Vol+O2, 70192.00, 0.00, 1.62, 17.15
12:56:56.689 , Vol+O2, 70229.00, 0.00, 1.38, 17.15
12:56:56.738 , Vol+O2, 70266.00, 0.00, 1.02, 17.15
12:56:56.738 , Vol+O2, 70303.00, 0.00, 0.98, 17.15
12:56:56.786 , Vol+O2, 70340.00, 0.00, 0.56, 17.15
12:56:56.786 , Vol+O2, 70377.00, 0.00, 0.42, 17.15
12:56:56.823 , Vol+O2, 70414.00, 0.00, 0.00, 17.15
12:56:56.823 , Vol+O2, 70451.00, 0.00, 0.00, 17.15
12:56:56.860 , Vol+O2, 70488.00, 0.00, 0.00, 17.12
12:56:56.860 , Vol+O2, 70525.00, 0.69, 0.00, 17.12
12:56:56.898 , Vol+O2, 70562.00, 1.00, 0.00, 17.12
12:56:56.898 , Vol+O2, 70599.00, 1.51, 0.00, 17.12
12:56:56.905 , Vol+O2, 70636.00, 2.20, 0.00, 17.12
12:56:56.905 , Vol+O2, 70673.00, 2.90, 0.00, 17.12
12:56:56.907 , Vol+O2, 70710.00, 3.39, 0.00, 17.12
12:56:56.907 , Vol+O2, 70747.00, 3.68, 0.00, 17.12
12:56:56.908 , Vol+O2, 70784.00, 4.25, 0.00, 17.09
12:56:56.908 , Vol+O2, 70821.00, 3.72, 0.00, 17.09
12:56:56.910 , Vol+O2, 70858.00, 4.29, 0.00, 17.09
12:56:56.910 , Vol+O2, 70895.00, 4.37, 0.00, 17.09
12:56:56.910 , Vol+O2, 70932.00, 4.33, 0.00, 17.06
12:56:56.910 , Vol+O2, 70969.00, 4.29, 0.00, 17.06
12:56:56.912 , Vol+O2, 71006.00, 4.46, 0.00, 17.06
12:56:56.917 , Vol+O2, 71043.00, 4.29, 0.00, 17.06
12:56:56.917 , Vol+O2, 71080.00, 4.20, 0.00, 17.03
12:56:56.920 , Vol+O2, 71117.00, 4.46, 0.00, 17.03
12:56:56.920 , Vol+O2, 71154.00, 3.95, 0.00, 17.03
12:56:56.923 , Vol+O2, 71191.00, 4.46, 0.00, 17.03
12:56:56.923 , Vol+O2, 71228.00, 4.20, 0.00, 17.00
12:56:56.929 , Vol+O2, 71265.00, 3.99, 0.00, 17.00
12:56:56.929 , Vol+O2, 71302.00, 4.07, 0.00, 17.00
12:56:56.929 , Vol+O2, 71339.00, 4.16, 0.00, 17.00
12:56:56.930 , Vol+O2, 71376.00, 3.77, 0.00, 16.97
12:56:56.930 , Vol+O2, 71413.00, 3.29, 0.00, 16.97
12:56:56.934 , Vol+O2, 71450.00, 3.25, 0.00, 16.97
12:57:01.944 , Vol+O2, 71488.00, 2.68, 0.00, 16.97
12:57:01.944 , Vol+O2, 71526.00, 2.47, 0.00, 16.97
12:57:01.958 , Vol+O2, 71563.00, 1.68, 0.00, 16.88
12:57:01.958 , Vol+O2, 71601.00, 0.65, 0.00, 16.88
12:57:01.979 , Vol+O2, 71638.00, 0.00, 0.00, 16.88
12:57:01.979 , Vol+O2, 71675.00, 0.00, 0.79, 16.88
12:57:01.980 , Vol+O2, 71712.00, 0.00, 1.16, 16.88
12:57:01.980 , Vol+O2, 71749.00, 0.00, 1.62, 16.85
12:57:01.982 , Vol+O2, 71786.00, 0.00, 2.30, 16.85
12:57:01.982 , Vol+O2, 71823.00, 0.00, 2.21, 16.85
12:57:01.988 , Vol+O2, 71860.00, 0.00, 2.35, 16.85
12:57:01.988 , Vol+O2, 71897.00, 0.00, 1.75, 16.85
12:57:02.005 , Vol+O2, 71934.00, 0.00, 2.08, 16.85
12:57:02.005 , Vol+O2, 71971.00, 0.00, 2.48, 16.85
12:57:02.005 , Vol+O2, 72007.00, 0.00, 2.57, 16.85
12:57:02.021 , Vol+O2, 72044.00, 0.00, 2.48, 16.85
12:57:02.021 , Vol+O2, 72081.00, 0.00, 2.80, 16.82
12:57:02.022 , Vol+O2, 72118.00, 0.00, 2.53, 16.82
12:57:02.022 , Vol+O2, 72155.00, 0.00, 2.17, 16.82
12:57:02.023 , Vol+O2, 72192.00, 0.00, 1.94, 16.82
12:57:02.023 , Vol+O2, 72229.00, 0.00, 2.71, 16.85
12:57:02.024 , Vol+O2, 72266.00, 0.00, 2.66, 16.85
12:57:02.026 , Vol+O2, 72303.00, 0.00, 4.08, 16.85
12:57:02.026 , Vol+O2, 72340.00, 0.00, 4.00, 16.85
12:57:02.029 , Vol+O2, 72377.00, 0.00, 3.17, 16.91
12:57:02.029 , Vol+O2, 72414.00, 0.00, 3.58, 16.91
12:57:02.032 , Vol+O2, 72451.00, 0.00, 2.30, 16.91
12:57:02.032 , Vol+O2, 72488.00, 0.00, 3.03, 16.91
12:57:02.034 , Vol+O2, 72525.00, 0.00, 3.12, 17.00
12:57:02.034 , Vol+O2, 72562.00, 0.00, 3.40, 17.00
12:57:02.041 , Vol+O2, 72599.00, 0.00, 3.40, 17.00
12:57:02.041 , Vol+O2, 72636.00, 0.00, 3.26, 17.00
12:57:02.044 , Vol+O2, 72673.00, 0.00, 2.90, 17.03
12:57:02.044 , Vol+O2, 72710.00, 0.00, 2.99, 17.03
12:57:02.047 , Vol+O2, 72747.00, 0.00, 3.45, 17.03
12:57:02.047 , Vol+O2, 72784.00, 0.00, 3.17, 17.03
12:57:02.052 , Vol+O2, 72821.00, 0.00, 2.35, 17.06
12:57:02.052 , Vol+O2, 72858.00, 0.00, 2.48, 17.06
12:57:02.057 , Vol+O2, 72895.00, 0.00, 2.35, 17.06
12:57:02.057 , Vol+O2, 72932.00, 0.00, 2.12, 17.06
12:57:02.057 , Vol+O2, 72969.00, 0.00, 1.75, 17.09
12:57:02.057 , Vol+O2, 73006.00, 0.00, 2.62, 17.09
12:57:02.059 , Vol+O2, 73043.00, 0.00, 2.35, 17.09
12:57:02.059 , Vol+O2, 73080.00, 0.00, 1.94, 17.09
12:57:02.063 , Vol+O2, 73117.00, 0.00, 1.25, 17.09
12:57:02.063 , Vol+O2, 73154.00, 0.00, 0.52, 17.09
12:57:02.100 , Vol+O2, 73191.00, 0.00, 0.00, 17.09
12:57:02.100 , Vol+O2, 73228.00, 0.00, 0.00, 17.09
12:57:02.103 , Vol+O2, 73265.00, 0.74, 0.00, 17.09
12:57:02.103 , Vol+O2, 73302.00, 1.09, 0.00, 17.09
12:57:02.104 , Vol+O2, 73339.00, 2.25, 0.00, 17.09
12:57:02.104 , Vol+O2, 73376.00, 3.35, 0.00, 17.09
12:57:02.106 , Vol+O2, 73412.00, 3.64, 0.00, 17.06
12:57:02.106 , Vol+O2, 73449.00, 4.90, 0.00, 17.06
12:57:02.107 , Vol+O2, 73486.00, 5.68, 0.00, 17.06
12:57:02.107 , Vol+O2, 73523.00, 4.68, 0.00, 17.06
12:57:02.108 , Vol+O2, 73560.00, 4.94, 0.00, 17.03
12:57:02.108 , Vol+O2, 73597.00, 5.25, 0.00, 17.03
12:57:02.113 , Vol+O2, 73634.00, 6.39, 0.00, 17.03
12:57:02.117 , Vol+O2, 73671.00, 8.01, 0.00, 17.03
12:57:02.117 , Vol+O2, 73708.00, 7.19, 0.00, 16.97
12:57:02.121 , Vol+O2, 73745.00, 7.19, 0.00, 16.97
12:57:02.121 , Vol+O2, 73782.00, 6.97, 0.00, 16.97
12:57:02.126 , Vol+O2, 73819.00, 7.57, 0.00, 16.97
12:57:02.126 , Vol+O2, 73856.00, 9.15, 0.00, 16.94
12:57:02.126 , Vol+O2, 73893.00, 9.21, 0.00, 16.94
12:57:02.127 , Vol+O2, 73930.00, 9.15, 0.00, 16.94
12:57:02.127 , Vol+O2, 73967.00, 7.69, 0.00, 16.94
12:57:02.133 , Vol+O2, 74004.00, 6.39, 0.00, 16.91
12:57:02.133 , Vol+O2, 74041.00, 5.68, 0.00, 16.91
12:57:02.133 , Vol+O2, 74078.00, 4.85, 0.00, 16.91
12:57:02.133 , Vol+O2, 74114.00, 5.03, 0.00, 16.91
12:57:02.135 , Vol+O2, 74151.00, 4.90, 0.00, 16.91
12:57:02.135 , Vol+O2, 74188.00, 6.17, 0.00, 16.85
12:57:02.138 , Vol+O2, 74225.00, 7.25, 0.00, 16.85
12:57:02.138 , Vol+O2, 74262.00, 8.75, 0.00, 16.85
12:57:02.141 , Vol+O2, 74299.00, 8.75, 0.00, 16.85
12:57:02.141 , Vol+O2, 74336.00, 8.24, 0.00, 16.82
12:57:02.146 , Vol+O2, 74373.00, 7.25, 0.00, 16.82
12:57:02.146 , Vol+O2, 74410.00, 6.24, 0.00, 16.82
12:57:02.148 , Vol+O2, 74447.00, 7.19, 0.00, 16.82
12:57:02.148 , Vol+O2, 74484.00, 5.98, 0.00, 16.76
12:57:02.151 , Vol+O2, 74521.00, 5.17, 0.00, 16.76
12:57:02.156 , Vol+O2, 74558.00, 4.81, 0.00, 16.76
12:57:02.156 , Vol+O2, 74595.00, 4.07, 0.00, 16.76
12:57:02.156 , Vol+O2, 74632.00, 3.82, 0.00, 16.73
12:57:02.158 , Vol+O2, 74669.00, 2.82, 0.00, 16.73
12:57:02.158 , Vol+O2, 74706.00, 0.91, 0.00, 16.73
12:57:02.162 , Vol+O2, 74743.00, 0.00, 0.00, 16.73
12:57:02.168 , Vol+O2, 74780.00, 1.13, 1.16, 16.70
12:57:02.168 , Vol+O2, 74817.00, 0.00, 1.62, 16.70
12:57:02.168 , Vol+O2, 74854.00, 0.00, 2.17, 16.70
12:57:02.168 , Vol+O2, 74891.00, 0.00, 2.53, 16.70
12:57:02.170 , Vol+O2, 74928.00, 0.00, 1.62, 16.67
12:57:02.170 , Vol+O2, 74965.00, 0.00, 1.70, 16.67
12:57:02.173 , Vol+O2, 75002.00, 0.00, 1.75, 16.67
12:57:02.173 , Vol+O2, 75039.00, 0.00, 1.94, 16.67
12:57:02.176 , Vol+O2, 75076.00, 0.00, 2.08, 16.64
12:57:02.176 , Vol+O2, 75113.00, 0.00, 2.39, 16.64
12:57:02.180 , Vol+O2, 75150.00, 0.00, 2.90, 16.64
12:57:02.180 , Vol+O2, 75187.00, 0.00, 2.90, 16.64
12:57:02.182 , Vol+O2, 75224.00, 0.00, 2.75, 16.63
12:57:02.182 , Vol+O2, 75261.00, 0.00, 2.94, 16.63
12:57:02.186 , Vol+O2, 75298.00, 0.00, 2.57, 16.63
12:57:02.186 , Vol+O2, 75335.00, 0.00, 3.12, 16.63
12:57:02.191 , Vol+O2, 75372.00, 0.00, 3.53, 16.70
12:57:02.191 , Vol+O2, 75409.00, 0.00, 2.48, 16.70
12:57:02.193 , Vol+O2, 75446.00, 0.00, 3.53, 16.70
12:57:02.193 , Vol+O2, 75483.00, 0.00, 3.30, 16.70
12:57:02.197 , Vol+O2, 75519.00, 0.00, 3.35, 16.79
12:57:02.197 , Vol+O2, 75556.00, 0.00, 3.58, 16.79
12:57:02.200 , Vol+O2, 75593.00, 0.00, 3.62, 16.79
12:57:02.200 , Vol+O2, 75630.00, 0.00, 3.77, 16.79
12:57:02.203 , Vol+O2, 75667.00, 0.00, 4.54, 16.85
12:57:02.203 , Vol+O2, 75704.00, 0.00, 4.18, 16.85
12:57:02.207 , Vol+O2, 75741.00, 0.00, 4.45, 16.85
12:57:02.207 , Vol+O2, 75778.00, 0.00, 4.82, 16.85
12:57:02.211 , Vol+O2, 75815.00, 0.00, 4.82, 16.88
12:57:02.211 , Vol+O2, 75852.00, 0.00, 3.49, 16.88
12:57:02.215 , Vol+O2, 75889.00, 0.00, 4.00, 16.88
12:57:02.215 , Vol+O2, 75926.00, 0.00, 3.86, 16.88
12:57:02.217 , Vol+O2, 75963.00, 0.00, 3.67, 16.91
12:57:02.217 , Vol+O2, 76000.00, 0.00, 4.00, 16.91
12:57:02.221 , Vol+O2, 76037.00, 0.00, 3.95, 16.91
12:57:02.221 , Vol+O2, 76074.00, 0.00, 3.67, 16.91
12:57:02.223 , Vol+O2, 76111.00, 0.00, 3.40, 16.97
12:57:02.223 , Vol+O2, 76148.00, 0.00, 2.71, 16.97
12:57:02.227 , Vol+O2, 76185.00, 0.00, 4.18, 16.97
12:57:02.227 , Vol+O2, 76221.00, 0.00, 3.45, 16.97
12:57:02.232 , Vol+O2, 76258.00, 0.00, 3.58, 16.97
12:57:02.232 , Vol+O2, 76295.00, 0.00, 3.26, 16.97
12:57:02.232 , Vol+O2, 76332.00, 0.00, 2.62, 16.97
12:57:02.234 , Vol+O2, 76369.00, 0.00, 3.03, 16.97
12:57:02.234 , Vol+O2, 76406.00, 0.00, 2.85, 16.97
12:57:02.240 , Vol+O2, 76443.00, 0.00, 2.66, 16.97
12:57:02.240 , Vol+O2, 76480.00, 0.00, 2.66, 16.97
12:57:02.240 , Vol+O2, 76517.00, 0.00, 3.12, 16.97
12:57:02.240 , Vol+O2, 76554.00, 0.00, 2.30, 16.97
12:57:02.242 , Vol+O2, 76591.00, 0.00, 2.30, 16.94
12:57:02.242 , Vol+O2, 76628.00, 0.00, 2.03, 16.94
12:57:02.244 , Vol+O2, 76665.00, 0.00, 1.66, 16.94
12:57:02.244 , Vol+O2, 76702.00, 0.00, 1.52, 16.94
12:57:02.250 , Vol+O2, 76739.00, 0.00, 1.58, 16.91
12:57:02.250 , Vol+O2, 76776.00, 0.00, 1.07, 16.91
12:57:02.252 , Vol+O2, 76813.00, 0.00, 0.65, 16.91
12:57:02.252 , Vol+O2, 76850.00, 0.47, 0.00, 16.91
12:57:02.256 , Vol+O2, 76887.00, 3.35, 0.00, 16.91
12:57:02.256 , Vol+O2, 76924.00, 5.29, 0.00, 16.91
12:57:07.264 , Vol+O2, 76961.00, 7.08, 0.00, 16.91
12:57:07.265 , Vol+O2, 76998.00, 9.50, 0.00, 16.91
12:57:07.277 , Vol+O2, 77036.00, 12.55, 0.00, 16.88
12:57:07.277 , Vol+O2, 77075.00, 13.40, 0.00, 16.88
12:57:07.277 , Vol+O2, 77113.00, 16.65, 0.00, 16.88
12:57:07.277 , Vol+O2, 77150.00, 15.10, 0.00, 16.88
12:57:07.277 , Vol+O2, 77187.00, 14.90, 0.00, 16.88
12:57:07.277 , Vol+O2, 77225.00, 19.42, 0.00, 16.88
12:57:07.278 , Vol+O2, 77261.00, 18.77, 0.00, 16.82
12:57:07.278 , Vol+O2, 77298.00, 20.98, 0.00, 16.82
12:57:07.278 , Vol+O2, 77335.00, 18.45, 0.00, 16.82
12:57:07.285 , Vol+O2, 77372.00, 19.02, 0.00, 16.82
12:57:07.285 , Vol+O2, 77409.00, 18.94, 0.00, 16.82
12:57:07.287 , Vol+O2, 77446.00, 18.69, 0.00, 16.79
12:57:07.287 , Vol+O2, 77483.00, 20.56, 0.00, 16.79
12:57:07.291 , Vol+O2, 77520.00, 18.94, 0.00, 16.79
12:57:07.291 , Vol+O2, 77557.00, 21.31, 0.00, 16.79
12:57:07.297 , Vol+O2, 77593.00, 20.98, 0.00, 16.76
12:57:07.298 , Vol+O2, 77630.00, 19.17, 0.00, 16.76
12:57:07.298 , Vol+O2, 77667.00, 19.50, 0.00, 16.76
12:57:07.303 , Vol+O2, 77704.00, 20.48, 0.00, 16.76
12:57:07.303 , Vol+O2, 77741.00, 21.73, 0.00, 16.73
12:57:07.305 , Vol+O2, 77778.00, 25.25, 0.00, 16.73
12:57:07.305 , Vol+O2, 77815.00, 25.91, 0.00, 16.73
12:57:07.308 , Vol+O2, 77852.00, 23.37, 0.00, 16.73
12:57:07.308 , Vol+O2, 77889.00, 26.09, 0.00, 16.70
12:57:07.311 , Vol+O2, 77926.00, 24.08, 0.00, 16.70
12:57:07.311 , Vol+O2, 77963.00, 25.82, 0.00, 16.70
12:57:07.313 , Vol+O2, 78000.00, 24.17, 0.00, 16.70
12:57:07.313 , Vol+O2, 78037.00, 22.42, 0.00, 16.67
12:57:07.319 , Vol+O2, 78074.00, 19.90, 0.00, 16.67
12:57:07.319 , Vol+O2, 78111.00, 12.04, 0.00, 16.67
12:57:07.321 , Vol+O2, 78148.00, 7.80, 0.00, 16.67
12:57:07.321 , Vol+O2, 78185.00, 5.50, 0.00, 16.64
12:57:07.325 , Vol+O2, 78222.00, 5.82, 0.00, 16.64
12:57:07.325 , Vol+O2, 78259.00, 7.25, 0.00, 16.64
12:57:07.327 , Vol+O2, 78295.00, 4.50, 0.00, 16.64
12:57:07.327 , Vol+O2, 78332.00, 1.56, 0.00, 16.64
12:57:07.332 , Vol+O2, 78369.00, 0.00, 0.56, 16.61
12:57:07.332 , Vol+O2, 78406.00, 0.00, 6.82, 16.61
12:57:07.336 , Vol+O2, 78443.00, 0.00, 4.40, 16.61
12:57:07.336 , Vol+O2, 78480.00, 0.00, 4.27, 16.61
12:57:07.336 , Vol+O2, 78517.00, 0.00, 4.45, 16.58
12:57:07.339 , Vol+O2, 78554.00, 0.00, 5.55, 16.58
12:57:07.339 , Vol+O2, 78591.00, 0.00, 8.64, 16.58
12:57:07.342 , Vol+O2, 78628.00, 0.00, 10.83, 16.58
12:57:07.342 , Vol+O2, 78665.00, 0.00, 17.25, 16.58
12:57:07.345 , Vol+O2, 78702.00, 0.00, 18.92, 16.58
12:57:07.345 , Vol+O2, 78739.00, 0.00, 17.98, 16.58
12:57:07.349 , Vol+O2, 78776.00, 0.00, 19.17, 16.58
12:57:07.349 , Vol+O2, 78813.00, 0.00, 16.14, 16.58
12:57:07.360 , Vol+O2, 78850.00, 0.00, 13.85, 16.58
12:57:07.360 , Vol+O2, 78887.00, 0.00, 14.63, 16.58
12:57:07.362 , Vol+O2, 78924.00, 0.00, 11.91, 16.58
12:57:07.362 , Vol+O2, 78961.00, 0.00, 10.92, 16.64
12:57:07.363 , Vol+O2, 78998.00, 0.00, 9.97, 16.64
12:57:07.363 , Vol+O2, 79035.00, 0.00, 9.15, 16.64
12:57:07.366 , Vol+O2, 79072.00, 0.00, 9.55, 16.64
12:57:07.366 , Vol+O2, 79109.00, 0.00, 9.79, 16.70
12:57:07.368 , Vol+O2, 79146.00, 0.00, 8.62, 16.70
12:57:07.368 , Vol+O2, 79183.00, 0.00, 8.50, 16.70
12:57:07.370 , Vol+O2, 79220.00, 0.00, 9.16, 16.70
12:57:07.370 , Vol+O2, 79257.00, 0.00, 9.02, 16.76
12:57:07.370 , Vol+O2, 79294.00, 0.00, 8.16, 16.76
12:57:07.372 , Vol+O2, 79331.00, 0.00, 8.79, 16.76
12:57:07.372 , Vol+O2, 79368.00, 0.00, 7.59, 16.76
12:57:07.372 , Vol+O2, 79405.00, 0.00, 5.97, 16.82
12:57:07.376 , Vol+O2, 79442.00, 0.00, 6.02, 16.82
12:57:07.376 , Vol+O2, 79479.00, 0.00, 5.42, 16.82
12:57:07.381 , Vol+O2, 79516.00, 0.00, 5.23, 16.82
12:57:07.381 , Vol+O2, 79553.00, 0.00, 5.51, 16.85
12:57:07.383 , Vol+O2, 79590.00, 0.00, 5.18, 16.85
12:57:07.383 , Vol+O2, 79627.00, 0.00, 5.34, 16.85
12:57:07.386 , Vol+O2, 79664.00, 0.00, 5.34, 16.85
12:57:07.386 , Vol+O2, 79700.00, 0.00, 4.87, 16.88
12:57:07.390 , Vol+O2, 79737.00, 0.00, 4.73, 16.88
12:57:07.390 , Vol+O2, 79774.00, 0.00, 4.12, 16.88
12:57:07.393 , Vol+O2, 79811.00, 0.00, 4.08, 16.88
12:57:07.399 , Vol+O2, 79848.00, 0.00, 5.37, 16.91
12:57:07.399 , Vol+O2, 79885.00, 0.00, 5.37, 16.91
12:57:07.399 , Vol+O2, 79922.00, 0.00, 4.63, 16.91
12:57:07.401 , Vol+O2, 79959.00, 0.00, 4.50, 16.91
12:57:07.403 , Vol+O2, 79996.00, 0.00, 3.40, 16.91
12:57:07.403 , Vol+O2, 80033.00, 0.00, 3.21, 16.91
12:57:07.407 , Vol+O2, 80070.00, 0.00, 2.66, 16.91
12:57:07.407 , Vol+O2, 80107.00, 0.00, 2.99, 16.91
12:57:07.411 , Vol+O2, 80144.00, 0.00, 2.85, 16.94
12:57:07.411 , Vol+O2, 80181.00, 0.00, 2.35, 16.94
12:57:07.413 , Vol+O2, 80218.00, 0.00, 2.39, 16.94
12:57:07.413 , Vol+O2, 80255.00, 0.00, 2.35, 16.94
12:57:07.421 , Vol+O2, 80292.00, 0.00, 2.75, 16.94
12:57:07.421 , Vol+O2, 80329.00, 0.00, 3.45, 16.94
12:57:07.421 , Vol+O2, 80366.00, 0.00, 4.12, 16.94
12:57:07.421 , Vol+O2, 80402.00, 0.00, 5.09, 16.94
12:57:07.421 , Vol+O2, 80439.00, 0.00, 4.92, 16.94
12:57:07.422 , Vol+O2, 80476.00, 0.00, 5.60, 16.98
12:57:07.426 , Vol+O2, 80513.00, 0.00, 6.76, 16.98
12:57:07.426 , Vol+O2, 80550.00, 0.00, 6.39, 16.98
12:57:07.429 , Vol+O2, 80587.00, 0.00, 3.87, 16.98
12:57:07.429 , Vol+O2, 80624.00, 0.00, 3.82, 16.94
12:57:07.431 , Vol+O2, 80661.00, 0.00, 2.53, 16.94
12:57:07.431 , Vol+O2, 80698.00, 0.00, 0.88, 16.94
12:57:07.435 , Vol+O2, 80735.00, 1.38, 0.00, 16.94
12:57:07.435 , Vol+O2, 80772.00, 2.25, 0.00, 16.94
12:57:07.440 , Vol+O2, 80809.00, 4.81, 0.00, 16.94
12:57:07.440 , Vol+O2, 80846.00, 10.15, 0.00, 16.94
12:57:07.440 , Vol+O2, 80883.00, 12.30, 0.00, 16.94
12:57:07.442 , Vol+O2, 80920.00, 10.32, 0.00, 16.94
12:57:07.448 , Vol+O2, 80957.00, 9.50, 0.00, 16.94
12:57:07.448 , Vol+O2, 80994.00, 10.56, 0.00, 16.94
12:57:07.448 , Vol+O2, 81031.00, 7.57, 0.00, 16.94
12:57:07.448 , Vol+O2, 81068.00, 5.68, 0.00, 16.94
12:57:07.450 , Vol+O2, 81105.00, 6.17, 0.00, 16.94
12:57:07.450 , Vol+O2, 81142.00, 5.46, 0.00, 16.94
12:57:07.453 , Vol+O2, 81179.00, 6.17, 0.00, 16.94
12:57:07.453 , Vol+O2, 81216.00, 6.17, 0.00, 16.94
12:57:07.456 , Vol+O2, 81253.00, 6.12, 0.00, 16.94
12:57:07.456 , Vol+O2, 81290.00, 5.50, 0.00, 16.94
12:57:07.459 , Vol+O2, 81327.00, 7.90, 0.00, 16.94
12:57:07.459 , Vol+O2, 81364.00, 7.52, 0.00, 16.94
12:57:07.465 , Vol+O2, 81401.00, 5.20, 0.00, 16.94
12:57:07.465 , Vol+O2, 81438.00, 6.12, 0.00, 16.94
12:57:07.467 , Vol+O2, 81475.00, 6.24, 0.00, 16.94
12:57:07.467 , Vol+O2, 81512.00, 7.35, 0.00, 16.93
12:57:07.470 , Vol+O2, 81549.00, 6.93, 0.00, 16.93
12:57:07.470 , Vol+O2, 81586.00, 5.50, 0.00, 16.93
12:57:07.474 , Vol+O2, 81623.00, 6.21, 0.00, 16.93
12:57:07.474 , Vol+O2, 81660.00, 6.07, 0.00, 16.91
12:57:07.476 , Vol+O2, 81697.00, 7.03, 0.00, 16.91
12:57:07.476 , Vol+O2, 81734.00, 6.70, 0.00, 16.91
12:57:07.483 , Vol+O2, 81771.00, 4.03, 0.00, 16.91
12:57:07.483 , Vol+O2, 81807.00, 2.16, 0.00, 16.91
12:57:07.483 , Vol+O2, 81844.00, 0.00, 0.00, 16.91
12:57:07.483 , Vol+O2, 81881.00, 0.00, 0.24, 16.91
12:57:07.485 , Vol+O2, 81918.00, 0.00, 1.11, 16.91
12:57:07.488 , Vol+O2, 81955.00, 0.00, 2.49, 16.91
12:57:07.488 , Vol+O2, 81992.00, 0.00, 1.99, 16.91
12:57:07.491 , Vol+O2, 82029.00, 0.00, 2.30, 16.91
12:57:07.491 , Vol+O2, 82066.00, 0.00, 2.30, 16.91
12:57:07.496 , Vol+O2, 82103.00, 0.00, 3.03, 16.88
12:57:07.496 , Vol+O2, 82140.00, 0.00, 3.26, 16.88
12:57:07.497 , Vol+O2, 82177.00, 0.00, 3.13, 16.88
12:57:07.497 , Vol+O2, 82214.00, 0.00, 3.03, 16.88
12:57:12.521 , Vol+O2, 82252.00, 0.00, 2.90, 16.88
12:57:12.522 , Vol+O2, 82289.00, 0.00, 3.82, 16.88
12:57:12.524 , Vol+O2, 82328.00, 0.00, 3.86, 16.88
12:57:12.524 , Vol+O2, 82366.00, 0.00, 5.33, 16.97
12:57:12.526 , Vol+O2, 82405.00, 0.00, 6.10, 16.97
12:57:12.526 , Vol+O2, 82444.00, 0.00, 5.70, 16.97
12:57:12.527 , Vol+O2, 82481.00, 0.00, 7.00, 16.97
12:57:12.527 , Vol+O2, 82517.00, 0.00, 6.62, 16.97
12:57:12.541 , Vol+O2, 82554.00, 0.00, 6.82, 16.97
12:57:12.541 , Vol+O2, 82591.00, 0.00, 6.51, 17.03
12:57:12.541 , Vol+O2, 82628.00, 0.00, 6.82, 17.03
12:57:12.541 , Vol+O2, 82665.00, 0.00, 5.57, 17.03
12:57:12.541 , Vol+O2, 82702.00, 0.00, 5.84, 17.03
12:57:12.549 , Vol+O2, 82738.00, 0.00, 5.02, 17.09
12:57:12.549 , Vol+O2, 82775.00, 0.00, 4.74, 17.09
12:57:12.552 , Vol+O2, 82812.00, 0.00, 5.00, 17.09
12:57:12.552 , Vol+O2, 82849.00, 0.00, 5.29, 17.09
12:57:12.555 , Vol+O2, 82886.00, 0.00, 4.92, 17.12
12:57:12.555 , Vol+O2, 82923.00, 0.00, 5.10, 17.12
12:57:12.559 , Vol+O2, 82960.00, 0.00, 4.40, 17.12
12:57:12.559 , Vol+O2, 82997.00, 0.00, 5.20, 17.12
12:57:12.559 , Vol+O2, 83034.00, 0.00, 4.23, 17.16
12:57:12.559 , Vol+O2, 83071.00, 0.00, 4.28, 17.16
12:57:12.562 , Vol+O2, 83108.00, 0.00, 3.77, 17.16
12:57:12.566 , Vol+O2, 83145.00, 0.00, 3.31, 17.16
12:57:12.566 , Vol+O2, 83182.00, 0.00, 3.27, 17.15
12:57:12.569 , Vol+O2, 83219.00, 0.00, 3.62, 17.15
12:57:12.569 , Vol+O2, 83256.00, 0.00, 2.12, 17.15
12:57:12.574 , Vol+O2, 83293.00, 0.00, 2.35, 17.15
12:57:12.574 , Vol+O2, 83330.00, 0.00, 1.39, 17.15
12:57:12.574 , Vol+O2, 83367.00, 0.00, 0.79, 17.15
12:57:12.574 , Vol+O2, 83404.00, 0.00, 0.79, 17.15
12:57:12.576 , Vol+O2, 83440.00, 0.00, 0.61, 17.15
12:57:12.576 , Vol+O2, 83477.00, 0.00, 0.00, 17.15
12:57:12.579 , Vol+O2, 83514.00, 0.00, 0.00, 17.09
12:57:12.579 , Vol+O2, 83551.00, 1.09, 0.00, 17.09
12:57:12.583 , Vol+O2, 83588.00, 2.12, 0.00, 17.09
12:57:12.583 , Vol+O2, 83625.00, 3.03, 0.00, 17.09
12:57:12.587 , Vol+O2, 83662.00, 2.39, 0.00, 17.06
12:57:12.587 , Vol+O2, 83699.00, 2.43, 0.00, 17.06
12:57:12.591 , Vol+O2, 83736.00, 3.47, 0.00, 17.06
12:57:12.591 , Vol+O2, 83773.00, 4.37, 0.00, 17.06
12:57:12.594 , Vol+O2, 83810.00, 4.25, 0.00, 17.00
12:57:12.594 , Vol+O2, 83847.00, 3.90, 0.00, 17.00
12:57:12.597 , Vol+O2, 83884.00, 3.77, 0.00, 17.00
12:57:12.597 , Vol+O2, 83921.00, 3.51, 0.00, 17.00
12:57:12.603 , Vol+O2, 83958.00, 3.08, 0.00, 16.97
12:57:12.603 , Vol+O2, 83995.00, 4.12, 0.00, 16.97
12:57:12.603 , Vol+O2, 84032.00, 4.72, 0.00, 16.97
12:57:12.605 , Vol+O2, 84069.00, 4.55, 0.00, 16.97
12:57:12.610 , Vol+O2, 84106.00, 3.68, 0.00, 16.93
12:57:12.610 , Vol+O2, 84143.00, 3.42, 0.00, 16.93
12:57:12.610 , Vol+O2, 84180.00, 4.20, 0.00, 16.93
12:57:12.610 , Vol+O2, 84217.00, 4.90, 0.00, 16.93
12:57:12.612 , Vol+O2, 84254.00, 5.64, 0.00, 16.88
12:57:12.612 , Vol+O2, 84291.00, 5.64, 0.00, 16.88
12:57:12.615 , Vol+O2, 84328.00, 5.64, 0.00, 16.88
12:57:12.615 , Vol+O2, 84365.00, 6.17, 0.00, 16.88
12:57:12.618 , Vol+O2, 84402.00, 7.19, 0.00, 16.82
12:57:12.618 , Vol+O2, 84439.00, 6.49, 0.00, 16.82
12:57:12.623 , Vol+O2, 84476.00, 5.98, 0.00, 16.82
12:57:12.623 , Vol+O2, 84513.00, 5.64, 0.00, 16.82
12:57:12.635 , Vol+O2, 84550.00, 5.20, 0.00, 16.77
12:57:12.635 , Vol+O2, 84587.00, 4.63, 0.00, 16.77
12:57:12.637 , Vol+O2, 84624.00, 4.29, 0.00, 16.77
12:57:12.637 , Vol+O2, 84661.00, 3.82, 0.00, 16.77
12:57:12.639 , Vol+O2, 84698.00, 3.35, 0.00, 16.73
12:57:12.639 , Vol+O2, 84735.00, 3.16, 0.00, 16.73
12:57:12.641 , Vol+O2, 84772.00, 4.16, 0.00, 16.73
12:57:12.641 , Vol+O2, 84809.00, 3.35, 0.00, 16.73
12:57:12.642 , Vol+O2, 84845.00, 2.60, 0.00, 16.70
12:57:12.642 , Vol+O2, 84882.00, 2.34, 0.00, 16.70
12:57:12.645 , Vol+O2, 84919.00, 2.03, 0.00, 16.70
12:57:12.645 , Vol+O2, 84956.00, 0.65, 0.00, 16.70
12:57:12.647 , Vol+O2, 84993.00, 0.00, 0.00, 16.64
12:57:12.647 , Vol+O2, 85030.00, 0.00, 0.00, 16.64
12:57:12.647 , Vol+O2, 85067.00, 0.00, 1.25, 16.64
12:57:12.650 , Vol+O2, 85104.00, 0.00, 2.30, 16.64
12:57:12.650 , Vol+O2, 85141.00, 0.00, 3.13, 16.58
12:57:12.653 , Vol+O2, 85178.00, 0.00, 3.12, 16.58
12:57:12.653 , Vol+O2, 85215.00, 0.00, 2.91, 16.58
12:57:12.657 , Vol+O2, 85252.00, 0.00, 3.04, 16.58
12:57:12.657 , Vol+O2, 85289.00, 0.00, 5.25, 16.55
12:57:12.660 , Vol+O2, 85326.00, 0.00, 4.93, 16.55
12:57:12.660 , Vol+O2, 85363.00, 0.00, 5.29, 16.55
12:57:12.698 , Vol+O2, 85399.00, 0.00, 6.67, 16.55
12:57:12.698 , Vol+O2, 85436.00, 0.00, 7.05, 16.55
12:57:12.701 , Vol+O2, 85473.00, 0.00, 5.25, 16.55
12:57:12.701 , Vol+O2, 85510.00, 0.00, 5.85, 16.55
12:57:12.703 , Vol+O2, 85546.00, 0.00, 6.12, 16.55
12:57:12.703 , Vol+O2, 85583.00, 0.00, 7.05, 16.55
12:57:12.705 , Vol+O2, 85620.00, 0.00, 6.17, 16.58
12:57:12.705 , Vol+O2, 85657.00, 0.00, 6.26, 16.58
12:57:12.706 , Vol+O2, 85694.00, 0.00, 6.45, 16.58
12:57:12.706 , Vol+O2, 85731.00, 0.00, 6.12, 16.58
12:57:12.710 , Vol+O2, 85768.00, 0.00, 5.29, 16.64
12:57:12.710 , Vol+O2, 85805.00, 0.00, 5.66, 16.64
12:57:12.749 , Vol+O2, 85842.00, 0.00, 5.47, 16.64
12:57:12.749 , Vol+O2, 85879.00, 0.00, 5.05, 16.64
12:57:12.749 , Vol+O2, 85916.00, 0.00, 4.51, 16.67
12:57:12.784 , Vol+O2, 85953.00, 0.00, 4.42, 16.67
12:57:12.784 , Vol+O2, 85990.00, 0.00, 5.02, 16.67
12:57:12.823 , Vol+O2, 86027.00, 0.00, 4.74, 16.67
12:57:12.823 , Vol+O2, 86064.00, 0.00, 5.57, 16.70
12:57:12.860 , Vol+O2, 86101.00, 0.00, 4.93, 16.70
12:57:12.860 , Vol+O2, 86138.00, 0.00, 4.05, 16.70
12:57:12.897 , Vol+O2, 86175.00, 0.00, 3.95, 16.70
12:57:12.928 , Vol+O2, 86212.00, 0.00, 3.50, 16.70
12:57:12.928 , Vol+O2, 86249.00, 0.00, 2.58, 16.70
12:57:12.930 , Vol+O2, 86286.00, 0.00, 2.86, 16.70
12:57:12.930 , Vol+O2, 86323.00, 0.00, 1.85, 16.70
12:57:12.932 , Vol+O2, 86360.00, 0.00, 3.17, 16.70
12:57:12.932 , Vol+O2, 86397.00, 0.00, 3.31, 16.70
12:57:12.933 , Vol+O2, 86434.00, 0.00, 3.13, 16.70
12:57:12.933 , Vol+O2, 86471.00, 0.00, 3.37, 16.70
12:57:12.936 , Vol+O2, 86508.00, 0.00, 2.62, 16.67
12:57:12.936 , Vol+O2, 86545.00, 0.00, 2.66, 16.67
12:57:12.938 , Vol+O2, 86582.00, 0.00, 2.26, 16.67
12:57:12.938 , Vol+O2, 86619.00, 0.00, 2.03, 16.67
12:57:12.942 , Vol+O2, 86656.00, 0.00, 0.61, 16.64
12:57:12.942 , Vol+O2, 86693.00, 0.00, 1.12, 16.64
12:57:12.942 , Vol+O2, 86730.00, 0.00, 1.20, 16.64
12:57:12.944 , Vol+O2, 86767.00, 0.00, 0.75, 16.64
12:57:12.944 , Vol+O2, 86804.00, 0.00, 1.07, 16.61
12:57:12.979 , Vol+O2, 86841.00, 0.00, 1.12, 16.61
12:57:12.979 , Vol+O2, 86878.00, 0.00, 0.00, 16.61
12:57:12.980 , Vol+O2, 86915.00, 0.47, 0.00, 16.61
12:57:12.980 , Vol+O2, 86951.00, 1.56, 0.00, 16.55
12:57:12.982 , Vol+O2, 86988.00, 2.34, 0.00, 16.55
12:57:12.982 , Vol+O2, 87025.00, 1.21, 0.00, 16.55
12:57:12.986 , Vol+O2, 87062.00, 2.90, 0.00, 16.55
12:57:12.986 , Vol+O2, 87099.00, 3.08, 0.00, 16.52
12:57:12.988 , Vol+O2, 87136.00, 1.38, 0.00, 16.52
12:57:12.988 , Vol+O2, 87173.00, 2.55, 0.00, 16.52
12:57:12.988 , Vol+O2, 87210.00, 3.03, 0.00, 16.52
12:57:12.989 , Vol+O2, 87247.00, 3.20, 0.00, 16.46
12:57:12.989 , Vol+O2, 87284.00, 4.03, 0.00, 16.46
12:57:12.991 , Vol+O2, 87321.00, 2.94, 0.00, 16.46
12:57:12.993 , Vol+O2, 87358.00, 1.17, 0.00, 16.46
12:57:12.993 , Vol+O2, 87395.00, 1.90, 0.00, 16.40
12:57:12.994 , Vol+O2, 87432.00, 3.99, 0.00, 16.40
12:57:12.994 , Vol+O2, 87469.00, 3.29, 0.00, 16.40
12:57:17.971 , Vol+O2, 87507.00, 4.12, 0.00, 16.40
12:57:17.973 , Vol+O2, 87544.00, 4.02, 0.00, 16.40
12:57:17.977 , Vol+O2, 87581.00, 3.39, 0.00, 16.34
12:57:17.977 , Vol+O2, 87618.00, 3.68, 0.00, 16.34
12:57:17.980 , Vol+O2, 87671.00, 3.90, 0.00, 16.34
12:57:17.980 , Vol+O2, 87709.00, 3.59, 0.00, 16.34
12:57:17.983 , Vol+O2, 87745.00, 4.06, 0.00, 16.34
12:57:17.983 , Vol+O2, 87782.00, 3.47, 0.00, 16.24
12:57:17.986 , Vol+O2, 87819.00, 1.85, 0.00, 16.24
12:57:17.986 , Vol+O2, 87856.00, 1.86, 0.00, 16.24
12:57:17.997 , Vol+O2, 87893.00, 1.99, 0.00, 16.24
12:57:17.997 , Vol+O2, 87930.00, 2.99, 0.00, 16.23
12:57:17.998 , Vol+O2, 87967.00, 3.29, 0.00, 16.23
12:57:17.998 , Vol+O2, 88003.00, 2.55, 0.00, 16.23
12:57:17.998 , Vol+O2, 88040.00, 2.07, 0.00, 16.23
12:57:17.998 , Vol+O2, 88077.00, 0.82, 0.00, 16.16
12:57:18.000 , Vol+O2, 88114.00, 0.38, 0.00, 16.16
12:57:18.000 , Vol+O2, 88151.00, 0.43, 0.00, 16.16
12:57:18.006 , Vol+O2, 88188.00, 0.00, 0.00, 16.16
12:57:18.006 , Vol+O2, 88225.00, 0.99, 0.98, 16.10
12:57:18.009 , Vol+O2, 88262.00, 0.00, 0.00, 16.10
12:57:18.009 , Vol+O2, 88299.00, 0.00, 0.75, 16.10
12:57:18.012 , Vol+O2, 88336.00, 0.00, 2.08, 16.10
12:57:18.012 , Vol+O2, 88372.00, 0.00, 2.08, 16.04
12:57:18.015 , Vol+O2, 88409.00, 0.00, 2.30, 16.04
12:57:18.015 , Vol+O2, 88446.00, 0.00, 2.49, 16.04
12:57:18.020 , Vol+O2, 88483.00, 0.00, 2.62, 16.04
12:57:18.020 , Vol+O2, 88520.00, 0.00, 1.84, 16.01
12:57:18.020 , Vol+O2, 88557.00, 0.00, 3.37, 16.01
12:57:18.022 , Vol+O2, 88594.00, 0.00, 3.13, 16.01
12:57:18.022 , Vol+O2, 88631.00, 0.00, 2.08, 16.01
12:57:18.026 , Vol+O2, 88668.00, 0.00, 1.75, 15.98
12:57:18.026 , Vol+O2, 88705.00, 0.00, 2.08, 15.98
12:57:18.028 , Vol+O2, 88742.00, 0.00, 2.26, 15.98
12:57:18.028 , Vol+O2, 88779.00, 0.00, 1.80, 15.98
12:57:18.032 , Vol+O2, 88816.00, 0.00, 1.62, 16.02
12:57:18.032 , Vol+O2, 88853.00, 0.00, 2.26, 16.02
12:57:18.037 , Vol+O2, 88890.00, 0.00, 2.86, 16.02
12:57:18.037 , Vol+O2, 88927.00, 0.00, 2.22, 16.02
12:57:18.040 , Vol+O2, 88964.00, 0.00, 2.30, 16.10
12:57:18.040 , Vol+O2, 89001.00, 0.00, 1.94, 16.10
12:57:18.044 , Vol+O2, 89038.00, 0.00, 1.39, 16.10
12:57:18.044 , Vol+O2, 89074.00, 0.00, 1.34, 16.10
12:57:18.046 , Vol+O2, 89111.00, 0.00, 1.71, 16.10
12:57:18.046 , Vol+O2, 89148.00, 0.00, 2.12, 16.16
12:57:18.050 , Vol+O2, 89185.00, 0.00, 2.30, 16.16
12:57:18.050 , Vol+O2, 89222.00, 0.00, 1.80, 16.16
12:57:18.052 , Vol+O2, 89259.00, 0.00, 1.62, 16.16
12:57:18.052 , Vol+O2, 89296.00, 0.00, 1.20, 16.19
12:57:18.056 , Vol+O2, 89333.00, 0.00, 0.83, 16.19
12:57:18.056 , Vol+O2, 89370.00, 0.00, 1.75, 16.19
12:57:18.061 , Vol+O2, 89407.00, 0.00, 2.22, 16.19
12:57:18.061 , Vol+O2, 89444.00, 0.00, 1.75, 16.19
12:57:18.063 , Vol+O2, 89481.00, 0.00, 0.88, 16.19
12:57:18.063 , Vol+O2, 89518.00, 0.00, 0.24, 16.19
12:57:18.100 , Vol+O2, 89555.00, 0.00, 0.88, 16.19
12:57:18.100 , Vol+O2, 89592.00, 0.00, 0.65, 16.19
12:57:18.102 , Vol+O2, 89629.00, 0.00, 0.00, 16.19
12:57:18.102 , Vol+O2, 89666.00, 0.00, 0.00, 16.19
12:57:18.105 , Vol+O2, 89703.00, 0.86, 0.00, 16.19
12:57:18.105 , Vol+O2, 89740.00, 1.13, 0.00, 16.16
12:57:18.107 , Vol+O2, 89777.00, 1.38, 0.00, 16.16
12:57:18.107 , Vol+O2, 89814.00, 2.33, 0.00, 16.16
12:57:18.109 , Vol+O2, 89851.00, 1.73, 0.00, 16.16
12:57:18.109 , Vol+O2, 89888.00, 1.51, 0.00, 16.16
12:57:18.112 , Vol+O2, 89925.00, 1.47, 0.00, 16.16
12:57:18.112 , Vol+O2, 89962.00, 1.38, 0.00, 16.16
12:57:18.115 , Vol+O2, 89999.00, 1.81, 0.00, 16.16
12:57:18.115 , Vol+O2, 90036.00, 2.34, 0.00, 16.10
12:57:18.119 , Vol+O2, 90073.00, 2.33, 0.00, 16.10
12:57:18.119 , Vol+O2, 90110.00, 2.16, 0.00, 16.10
12:57:18.119 , Vol+O2, 90147.00, 2.25, 0.00, 16.10
12:57:18.121 , Vol+O2, 90184.00, 2.55, 0.00, 16.07
12:57:18.121 , Vol+O2, 90221.00, 2.81, 0.00, 16.07
12:57:18.123 , Vol+O2, 90258.00, 3.03, 0.00, 16.07
12:57:18.129 , Vol+O2, 90295.00, 3.24, 0.00, 16.07
12:57:18.129 , Vol+O2, 90332.00, 3.89, 0.00, 16.01
12:57:18.131 , Vol+O2, 90369.00, 3.67, 0.00, 16.01
12:57:18.131 , Vol+O2, 90406.00, 3.42, 0.00, 16.01
12:57:18.135 , Vol+O2, 90443.00, 3.35, 0.00, 16.01
12:57:18.135 , Vol+O2, 90479.00, 3.97, 0.00, 15.98
12:57:18.137 , Vol+O2, 90516.00, 4.02, 0.00, 15.98
12:57:18.137 , Vol+O2, 90553.00, 4.41, 0.00, 15.98
12:57:18.141 , Vol+O2, 90590.00, 5.80, 0.00, 15.98
12:57:18.141 , Vol+O2, 90627.00, 4.29, 0.00, 15.92
12:57:18.146 , Vol+O2, 90664.00, 4.16, 0.00, 15.92
12:57:18.146 , Vol+O2, 90701.00, 4.23, 0.00, 15.92
12:57:18.149 , Vol+O2, 90738.00, 4.81, 0.00, 15.92
12:57:18.149 , Vol+O2, 90775.00, 5.92, 0.00, 15.86
12:57:18.151 , Vol+O2, 90812.00, 5.19, 0.00, 15.86
12:57:18.151 , Vol+O2, 90849.00, 6.01, 0.00, 15.86
12:57:18.156 , Vol+O2, 90886.00, 5.98, 0.00, 15.86
12:57:18.156 , Vol+O2, 90923.00, 4.62, 0.00, 15.80
12:57:18.158 , Vol+O2, 90960.00, 3.97, 0.00, 15.80
12:57:18.158 , Vol+O2, 90997.00, 4.12, 0.00, 15.80
12:57:18.162 , Vol+O2, 91033.00, 3.76, 0.00, 15.80
12:57:18.162 , Vol+O2, 91070.00, 2.90, 0.00, 15.78
12:57:18.166 , Vol+O2, 91107.00, 0.00, 0.00, 15.78
12:57:18.166 , Vol+O2, 91144.00, 0.43, 1.58, 15.78
12:57:18.170 , Vol+O2, 91180.00, 0.00, 3.17, 15.78
12:57:18.170 , Vol+O2, 91217.00, 0.00, 4.23, 15.78
12:57:18.173 , Vol+O2, 91254.00, 0.00, 4.01, 15.71
12:57:18.173 , Vol+O2, 91291.00, 0.00, 4.01, 15.71
12:57:18.176 , Vol+O2, 91328.00, 0.00, 4.69, 15.71
12:57:18.176 , Vol+O2, 91365.00, 0.00, 4.09, 15.71
12:57:18.180 , Vol+O2, 91402.00, 0.00, 4.04, 15.68
12:57:18.182 , Vol+O2, 91439.00, 0.00, 4.93, 15.68
12:57:18.182 , Vol+O2, 91476.00, 0.00, 4.84, 15.68
12:57:18.186 , Vol+O2, 91513.00, 0.00, 4.51, 15.68
12:57:18.186 , Vol+O2, 91550.00, 0.00, 4.23, 15.65
12:57:18.191 , Vol+O2, 91587.00, 0.00, 3.77, 15.65
12:57:18.191 , Vol+O2, 91624.00, 0.00, 3.58, 15.65
12:57:18.191 , Vol+O2, 91661.00, 0.00, 3.63, 15.65
12:57:18.193 , Vol+O2, 91698.00, 0.00, 4.05, 15.71
12:57:18.193 , Vol+O2, 91735.00, 0.00, 4.64, 15.71
12:57:18.197 , Vol+O2, 91772.00, 0.00, 4.05, 15.71
12:57:18.200 , Vol+O2, 91809.00, 0.00, 4.09, 15.71
12:57:18.200 , Vol+O2, 91846.00, 0.00, 4.01, 15.74
12:57:18.203 , Vol+O2, 91883.00, 0.00, 3.17, 15.74
12:57:18.203 , Vol+O2, 91920.00, 0.00, 3.41, 15.74
12:57:18.208 , Vol+O2, 91957.00, 0.00, 4.37, 15.74
12:57:18.208 , Vol+O2, 91994.00, 0.00, 3.91, 15.84
12:57:18.211 , Vol+O2, 92031.00, 0.00, 3.31, 15.84
12:57:18.211 , Vol+O2, 92068.00, 0.00, 2.86, 15.84
12:57:18.215 , Vol+O2, 92105.00, 0.00, 3.09, 15.84
12:57:18.215 , Vol+O2, 92142.00, 0.00, 2.71, 15.86
12:57:18.217 , Vol+O2, 92179.00, 0.00, 2.66, 15.86
12:57:18.217 , Vol+O2, 92216.00, 0.00, 1.94, 15.86
12:57:18.222 , Vol+O2, 92253.00, 0.00, 1.85, 15.86
12:57:18.222 , Vol+O2, 92290.00, 0.00, 2.30, 15.86
12:57:18.225 , Vol+O2, 92327.00, 0.00, 2.17, 15.86
12:57:18.225 , Vol+O2, 92364.00, 0.00, 1.39, 15.86
12:57:18.227 , Vol+O2, 92401.00, 0.00, 0.75, 15.86
12:57:18.227 , Vol+O2, 92438.00, 0.00, 1.25, 15.86
12:57:18.227 , Vol+O2, 92475.00, 0.00, 1.80, 15.86
12:57:18.233 , Vol+O2, 92512.00, 0.00, 1.66, 15.86
12:57:18.233 , Vol+O2, 92549.00, 0.00, 1.30, 15.86
12:57:18.236 , Vol+O2, 92586.00, 0.00, 1.62, 15.83
12:57:18.236 , Vol+O2, 92623.00, 0.00, 1.02, 15.83
12:57:18.253 , Vol+O2, 92660.00, 0.00, 0.88, 15.83
12:57:18.253 , Vol+O2, 92697.00, 0.00, 0.00, 15.83
12:57:18.269 , Vol+O2, 92733.00, 0.00, 0.00, 15.77
12:57:18.269 , Vol+O2, 92770.00, 0.56, 0.00, 15.77
12:57:18.285 , Vol+O2, 92807.00, 0.99, 0.00, 15.77
12:57:18.302 , Vol+O2, 92844.00, 1.12, 0.00, 15.77
12:57:18.302 , Vol+O2, 92881.00, 2.67, 0.00, 15.74
12:57:18.304 , Vol+O2, 92918.00, 3.55, 0.00, 15.74
12:57:18.304 , Vol+O2, 92955.00, 2.16, 0.00, 15.74
12:57:23.257 , Vol+O2, 92993.00, 1.81, 0.00, 15.74
12:57:23.260 , Vol+O2, 93082.00, 2.76, 0.00, 15.74
12:57:23.273 , Vol+O2, 93121.00, 3.38, 0.00, 15.65
12:57:23.273 , Vol+O2, 93158.00, 3.45, 0.00, 15.65
12:57:23.273 , Vol+O2, 93195.00, 4.71, 0.00, 15.65
12:57:23.273 , Vol+O2, 93233.00, 5.06, 0.00, 15.65
12:57:23.273 , Vol+O2, 93271.00, 5.92, 0.00, 15.65
12:57:23.273 , Vol+O2, 93308.00, 6.01, 0.00, 15.65
12:57:23.274 , Vol+O2, 93345.00, 6.22, 0.00, 15.62
12:57:23.274 , Vol+O2, 93382.00, 7.17, 0.00, 15.62
12:57:23.282 , Vol+O2, 93419.00, 7.17, 0.00, 15.62
12:57:23.282 , Vol+O2, 93456.00, 6.19, 0.00, 15.62
12:57:23.282 , Vol+O2, 93493.00, 6.96, 0.00, 15.53
12:57:23.284 , Vol+O2, 93530.00, 7.88, 0.00, 15.53
12:57:23.288 , Vol+O2, 93567.00, 7.39, 0.00, 15.53
12:57:23.288 , Vol+O2, 93604.00, 7.55, 0.00, 15.53
12:57:23.291 , Vol+O2, 93641.00, 7.72, 0.00, 15.50
12:57:23.291 , Vol+O2, 93678.00, 7.83, 0.00, 15.50
12:57:23.295 , Vol+O2, 93715.00, 6.96, 0.00, 15.50
12:57:23.295 , Vol+O2, 93752.00, 7.50, 0.00, 15.50
12:57:23.297 , Vol+O2, 93789.00, 9.01, 0.00, 15.44
12:57:23.297 , Vol+O2, 93826.00, 8.61, 0.00, 15.44
12:57:23.301 , Vol+O2, 93863.00, 7.50, 0.00, 15.44
12:57:23.301 , Vol+O2, 93900.00, 7.11, 0.00, 15.44
12:57:23.305 , Vol+O2, 93937.00, 6.10, 0.00, 15.38
12:57:23.305 , Vol+O2, 93974.00, 6.37, 0.00, 15.38
12:57:23.308 , Vol+O2, 94011.00, 6.22, 0.00, 15.38
12:57:23.308 , Vol+O2, 94048.00, 6.74, 0.00, 15.38
12:57:23.311 , Vol+O2, 94084.00, 7.07, 0.00, 15.32
12:57:23.311 , Vol+O2, 94121.00, 6.69, 0.00, 15.32
12:57:23.316 , Vol+O2, 94158.00, 6.69, 0.00, 15.32
12:57:23.316 , Vol+O2, 94195.00, 6.63, 0.00, 15.32
12:57:23.319 , Vol+O2, 94232.00, 7.28, 0.00, 15.26
12:57:23.319 , Vol+O2, 94269.00, 5.92, 0.00, 15.26
12:57:23.322 , Vol+O2, 94306.00, 6.96, 0.00, 15.26
12:57:23.322 , Vol+O2, 94343.00, 3.50, 0.00, 15.26
12:57:23.326 , Vol+O2, 94380.00, 2.33, 0.00, 15.23
12:57:23.326 , Vol+O2, 94417.00, 1.17, 0.00, 15.23
12:57:23.329 , Vol+O2, 94454.00, 0.77, 0.00, 15.23
12:57:23.329 , Vol+O2, 94491.00, 0.65, 0.00, 15.23
12:57:23.331 , Vol+O2, 94528.00, 0.43, 0.00, 15.20
12:57:23.331 , Vol+O2, 94565.00, 0.00, 0.00, 15.20
12:57:23.336 , Vol+O2, 94602.00, 0.00, 0.00, 15.20
12:57:23.336 , Vol+O2, 94638.00, 0.82, 0.00, 15.20
12:57:23.336 , Vol+O2, 94675.00, 2.33, 0.00, 15.18
12:57:23.338 , Vol+O2, 94712.00, 2.85, 0.00, 15.18
12:57:23.344 , Vol+O2, 94749.00, 2.16, 0.00, 15.18
12:57:23.344 , Vol+O2, 94785.00, 0.65, 0.00, 15.18
12:57:23.344 , Vol+O2, 94822.00, 0.30, 0.00, 15.18
12:57:23.346 , Vol+O2, 94859.00, 0.69, 0.00, 15.11
12:57:23.346 , Vol+O2, 94896.00, 2.33, 0.00, 15.11
12:57:23.350 , Vol+O2, 94933.00, 2.38, 0.00, 15.11
12:57:23.350 , Vol+O2, 94970.00, 2.38, 0.00, 15.11
12:57:23.354 , Vol+O2, 95007.00, 4.23, 0.00, 15.05
12:57:23.354 , Vol+O2, 95044.00, 7.39, 0.00, 15.05
12:57:23.357 , Vol+O2, 95081.00, 12.59, 0.00, 15.05
12:57:23.357 , Vol+O2, 95118.00, 13.05, 0.00, 15.05
12:57:23.361 , Vol+O2, 95155.00, 12.85, 0.00, 15.05
12:57:23.361 , Vol+O2, 95192.00, 15.43, 0.00, 15.05
12:57:23.364 , Vol+O2, 95229.00, 16.62, 0.00, 15.05
12:57:23.364 , Vol+O2, 95266.00, 20.94, 0.00, 15.05
12:57:23.369 , Vol+O2, 95303.00, 23.77, 0.00, 15.03
12:57:23.369 , Vol+O2, 95340.00, 25.40, 0.00, 15.03
12:57:23.369 , Vol+O2, 95377.00, 33.01, 0.00, 15.03
12:57:23.369 , Vol+O2, 95414.00, 37.90, 0.00, 15.03
12:57:23.371 , Vol+O2, 95451.00, 38.01, 0.00, 14.93
12:57:23.371 , Vol+O2, 95488.00, 40.48, 0.00, 14.93
12:57:23.374 , Vol+O2, 95525.00, 44.84, 0.00, 14.93
12:57:23.374 , Vol+O2, 95562.00, 44.84, 0.00, 14.93
12:57:23.378 , Vol+O2, 95599.00, 43.57, 0.00, 14.93
12:57:23.378 , Vol+O2, 95636.00, 38.25, 0.00, 14.93
12:57:23.383 , Vol+O2, 95673.00, 30.90, 0.00, 14.93
12:57:23.383 , Vol+O2, 95710.00, 19.87, 0.00, 14.93
12:57:23.383 , Vol+O2, 95747.00, 11.40, 0.00, 14.87
12:57:23.385 , Vol+O2, 95784.00, 4.45, 0.00, 14.87
12:57:23.385 , Vol+O2, 95821.00, 0.69, 0.00, 14.87
12:57:23.391 , Vol+O2, 95858.00, 0.65, 0.00, 14.87
12:57:23.391 , Vol+O2, 95895.00, 0.00, 0.00, 14.87
12:57:23.391 , Vol+O2, 95932.00, 0.00, 4.32, 14.87
12:57:23.392 , Vol+O2, 95969.00, 0.00, 8.12, 14.87
12:57:23.392 , Vol+O2, 96006.00, 0.00, 8.69, 14.87
12:57:23.395 , Vol+O2, 96043.00, 0.00, 6.07, 14.84
12:57:23.395 , Vol+O2, 96080.00, 0.00, 3.95, 14.84
12:57:23.400 , Vol+O2, 96117.00, 0.00, 4.46, 14.84
12:57:23.400 , Vol+O2, 96154.00, 0.00, 6.12, 14.84
12:57:23.403 , Vol+O2, 96190.00, 0.00, 12.78, 14.81
12:57:23.403 , Vol+O2, 96227.00, 0.00, 17.42, 14.81
12:57:23.406 , Vol+O2, 96264.00, 0.00, 24.53, 14.81
12:57:23.406 , Vol+O2, 96301.00, 0.00, 27.77, 14.81
12:57:23.409 , Vol+O2, 96338.00, 0.00, 25.49, 14.87
12:57:23.409 , Vol+O2, 96375.00, 0.00, 29.43, 14.87
12:57:23.412 , Vol+O2, 96412.00, 0.00, 25.19, 14.87
12:57:23.412 , Vol+O2, 96449.00, 0.00, 21.08, 14.87
12:57:23.417 , Vol+O2, 96486.00, 0.00, 20.90, 14.93
12:57:23.417 , Vol+O2, 96523.00, 0.00, 20.22, 14.93
12:57:23.420 , Vol+O2, 96560.00, 0.00, 19.87, 14.93
12:57:23.420 , Vol+O2, 96597.00, 0.00, 20.99, 14.93
12:57:23.424 , Vol+O2, 96634.00, 0.00, 19.54, 15.02
12:57:23.424 , Vol+O2, 96671.00, 0.00, 17.25, 15.02
12:57:23.426 , Vol+O2, 96708.00, 0.00, 14.58, 15.02
12:57:23.426 , Vol+O2, 96744.00, 0.00, 14.29, 15.02
12:57:23.430 , Vol+O2, 96781.00, 0.00, 15.46, 14.98
12:57:23.430 , Vol+O2, 96818.00, 0.00, 12.72, 14.98
12:57:23.434 , Vol+O2, 96855.00, 0.00, 12.00, 14.98
12:57:23.434 , Vol+O2, 96891.00, 0.00, 12.59, 14.98
12:57:23.437 , Vol+O2, 96928.00, 0.00, 12.25, 14.98
12:57:23.437 , Vol+O2, 96965.00, 0.00, 10.85, 15.20
12:57:23.441 , Vol+O2, 97002.00, 0.00, 10.61, 15.20
12:57:23.441 , Vol+O2, 97039.00, 0.00, 9.75, 15.20
12:57:23.445 , Vol+O2, 97076.00, 0.00, 10.36, 15.20
12:57:23.445 , Vol+O2, 97113.00, 0.00, 10.05, 15.26
12:57:23.447 , Vol+O2, 97150.00, 0.00, 11.05, 15.26
12:57:23.447 , Vol+O2, 97187.00, 0.00, 12.45, 15.26
12:57:23.453 , Vol+O2, 97224.00, 0.00, 11.80, 15.26
12:57:23.453 , Vol+O2, 97261.00, 0.00, 11.87, 15.35
12:57:23.453 , Vol+O2, 97298.00, 0.00, 11.29, 15.35
12:57:23.453 , Vol+O2, 97335.00, 0.00, 10.00, 15.35
12:57:23.455 , Vol+O2, 97372.00, 0.00, 9.93, 15.35
12:57:23.455 , Vol+O2, 97409.00, 0.00, 8.75, 15.44
12:57:23.457 , Vol+O2, 97446.00, 0.00, 6.83, 15.44
12:57:23.457 , Vol+O2, 97483.00, 0.00, 7.00, 15.44
12:57:23.476 , Vol+O2, 97520.00, 0.00, 6.40, 15.44
12:57:23.476 , Vol+O2, 97557.00, 0.00, 6.67, 15.47
12:57:23.477 , Vol+O2, 97594.00, 0.00, 8.58, 15.47
12:57:23.483 , Vol+O2, 97631.00, 0.00, 9.34, 15.47
12:57:23.483 , Vol+O2, 97668.00, 0.00, 11.05, 15.47
12:57:23.484 , Vol+O2, 97705.00, 0.00, 9.04, 15.53
12:57:23.484 , Vol+O2, 97742.00, 0.00, 8.69, 15.53
12:57:23.486 , Vol+O2, 97779.00, 0.00, 9.87, 15.53
12:57:23.486 , Vol+O2, 97816.00, 0.00, 9.81, 15.53
12:57:23.499 , Vol+O2, 97853.00, 0.00, 8.29, 15.56
12:57:23.499 , Vol+O2, 97890.00, 0.00, 7.78, 15.56
12:57:23.500 , Vol+O2, 97927.00, 0.00, 7.55, 15.56
12:57:23.502 , Vol+O2, 97964.00, 0.00, 8.35, 15.56
12:57:23.502 , Vol+O2, 98001.00, 0.00, 6.22, 15.62
12:57:23.507 , Vol+O2, 98038.00, 0.00, 6.51, 15.62
12:57:23.507 , Vol+O2, 98075.00, 0.00, 6.07, 15.62
12:57:23.509 , Vol+O2, 98112.00, 0.00, 5.43, 15.62
12:57:23.509 , Vol+O2, 98149.00, 0.00, 4.32, 15.62
12:57:23.527 , Vol+O2, 98186.00, 0.00, 4.51, 15.62
12:57:23.527 , Vol+O2, 98223.00, 0.00, 4.42, 15.62
12:57:28.518 , Vol+O2, 98261.00, 0.00, 3.91, 15.62
12:57:28.520 , Vol+O2, 98301.00, 0.00, 4.01, 15.62
12:57:28.521 , Vol+O2, 98337.00, 0.00, 3.13, 15.62
12:57:28.521 , Vol+O2, 98375.00, 0.00, 2.95, 15.71
12:57:28.523 , Vol+O2, 98412.00, 0.00, 3.45, 15.71
12:57:28.523 , Vol+O2, 98452.00, 0.00, 2.44, 15.71
12:57:28.536 , Vol+O2, 98489.00, 0.00, 3.04, 15.71
12:57:28.536 , Vol+O2, 98526.00, 0.00, 2.62, 15.71
12:57:28.536 , Vol+O2, 98563.00, 0.00, 2.58, 15.71
12:57:28.536 , Vol+O2, 98600.00, 0.00, 2.62, 15.71
12:57:28.536 , Vol+O2, 98637.00, 0.00, 1.99, 15.71
12:57:28.537 , Vol+O2, 98674.00, 0.00, 2.95, 15.71
12:57:28.537 , Vol+O2, 98711.00, 0.00, 2.30, 15.74
12:57:28.537 , Vol+O2, 98748.00, 0.00, 2.66, 15.74
12:57:28.544 , Vol+O2, 98785.00, 0.00, 2.35, 15.74
12:57:28.544 , Vol+O2, 98822.00, 0.00, 2.35, 15.74
12:57:28.546 , Vol+O2, 98859.00, 0.00, 2.35, 15.77
12:57:28.546 , Vol+O2, 98896.00, 0.00, 1.34, 15.77
12:57:28.549 , Vol+O2, 98933.00, 0.00, 1.58, 15.77
12:57:28.549 , Vol+O2, 98970.00, 0.00, 1.94, 15.77
12:57:28.553 , Vol+O2, 99007.00, 0.00, 1.25, 15.80
12:57:28.553 , Vol+O2, 99044.00, 0.00, 0.47, 15.80
12:57:28.553 , Vol+O2, 99081.00, 0.00, 0.00, 15.80
12:57:28.557 , Vol+O2, 99117.00, 0.00, 0.00, 15.80
12:57:28.561 , Vol+O2, 99154.00, 0.00, 0.00, 15.80
12:57:28.561 , Vol+O2, 99191.00, 0.26, 0.00, 15.77
12:57:28.565 , Vol+O2, 99228.00, 0.26, 0.00, 15.77
12:57:28.565 , Vol+O2, 99265.00, 0.47, 0.00, 15.77
12:57:28.567 , Vol+O2, 99302.00, 0.82, 0.00, 15.77
12:57:28.567 , Vol+O2, 99339.00, 1.33, 0.00, 15.80
12:57:28.571 , Vol+O2, 99376.00, 1.63, 0.00, 15.80
12:57:28.571 , Vol+O2, 99413.00, 1.85, 0.00, 15.80
12:57:28.575 , Vol+O2, 99450.00, 1.99, 0.00, 15.80
12:57:28.575 , Vol+O2, 99487.00, 1.68, 0.00, 15.77
12:57:28.579 , Vol+O2, 99524.00, 1.81, 0.00, 15.77
12:57:28.579 , Vol+O2, 99561.00, 1.25, 0.00, 15.77
12:57:28.583 , Vol+O2, 99598.00, 1.99, 0.00, 15.77
12:57:28.583 , Vol+O2, 99635.00, 2.07, 0.00, 15.80
12:57:28.585 , Vol+O2, 99672.00, 1.81, 0.00, 15.80
12:57:28.585 , Vol+O2, 99709.00, 1.51, 0.00, 15.80
12:57:28.589 , Vol+O2, 99746.00, 1.47, 0.00, 15.80
12:57:28.589 , Vol+O2, 99783.00, 1.38, 0.00, 15.77
12:57:28.591 , Vol+O2, 99820.00, 1.33, 0.00, 15.77
12:57:28.591 , Vol+O2, 99857.00, 1.21, 0.00, 15.77
12:57:28.598 , Vol+O2, 99894.00, 1.08, 0.00, 15.77
12:57:28.598 , Vol+O2, 99931.00, 1.47, 0.00, 15.80
12:57:28.598 , Vol+O2, 99968.00, 1.33, 0.00, 15.80
12:57:28.600 , Vol+O2, 100005.00, 1.25, 0.00, 15.80
12:57:28.600 , Vol+O2, 100042.00, 1.68, 0.00, 15.80
12:57:28.603 , Vol+O2, 100079.00, 1.68, 0.00, 15.80
12:57:28.603 , Vol+O2, 100116.00, 2.90, 0.00, 15.80
12:57:28.606 , Vol+O2, 100153.00, 3.38, 0.00, 15.80
12:57:28.606 , Vol+O2, 100190.00, 2.90, 0.00, 15.80
12:57:28.609 , Vol+O2, 100227.00, 2.85, 0.00, 15.77
12:57:28.609 , Vol+O2, 100264.00, 1.99, 0.00, 15.77
12:57:28.613 , Vol+O2, 100301.00, 0.43, 0.00, 15.77
12:57:28.613 , Vol+O2, 100338.00, 0.00, 0.00, 15.77
12:57:28.618 , Vol+O2, 100375.00, 0.52, 0.88, 15.80
12:57:28.618 , Vol+O2, 100412.00, 0.00, 1.02, 15.80
12:57:28.620 , Vol+O2, 100449.00, 0.00, 1.07, 15.80
12:57:28.620 , Vol+O2, 100486.00, 0.00, 1.80, 15.80
12:57:28.622 , Vol+O2, 100523.00, 0.00, 1.89, 15.78
12:57:28.622 , Vol+O2, 100560.00, 0.00, 1.58, 15.78
12:57:28.627 , Vol+O2, 100597.00, 0.00, 1.85, 15.78
12:57:28.627 , Vol+O2, 100634.00, 0.00, 2.26, 15.78
12:57:28.630 , Vol+O2, 100670.00, 0.00, 2.54, 15.78
12:57:28.634 , Vol+O2, 100707.00, 0.00, 3.54, 15.78
12:57:28.634 , Vol+O2, 100744.00, 0.00, 3.95, 15.78
12:57:28.639 , Vol+O2, 100781.00, 0.00, 3.22, 15.78
12:57:28.639 , Vol+O2, 100818.00, 0.00, 2.44, 15.83
12:57:28.641 , Vol+O2, 100855.00, 0.00, 3.09, 15.83
12:57:28.641 , Vol+O2, 100892.00, 0.00, 3.04, 15.83
12:57:28.641 , Vol+O2, 100929.00, 0.00, 3.37, 15.83
12:57:28.645 , Vol+O2, 100966.00, 0.00, 2.75, 15.92
12:57:28.649 , Vol+O2, 101003.00, 0.00, 2.62, 15.92
12:57:28.649 , Vol+O2, 101040.00, 0.00, 2.71, 15.92
12:57:28.651 , Vol+O2, 101077.00, 0.00, 1.99, 15.92
12:57:28.651 , Vol+O2, 101114.00, 0.00, 2.03, 15.98
12:57:28.651 , Vol+O2, 101151.00, 0.00, 1.94, 15.98
12:57:28.655 , Vol+O2, 101188.00, 0.00, 1.94, 15.98
12:57:28.655 , Vol+O2, 101224.00, 0.00, 1.75, 15.98
12:57:28.659 , Vol+O2, 101261.00, 0.00, 1.80, 16.07
12:57:28.659 , Vol+O2, 101298.00, 0.00, 0.88, 16.07
12:57:28.662 , Vol+O2, 101335.00, 0.00, 0.65, 16.07
12:57:28.666 , Vol+O2, 101371.00, 0.00, 0.00, 16.07
12:57:28.666 , Vol+O2, 101408.00, 0.00, 0.00, 16.07
12:57:28.666 , Vol+O2, 101445.00, 0.00, 0.00, 16.13
12:57:28.672 , Vol+O2, 101482.00, 0.00, 0.00, 16.13
12:57:28.674 , Vol+O2, 101519.00, 0.26, 0.00, 16.13
12:57:28.674 , Vol+O2, 101556.00, 0.43, 0.00, 16.13
12:57:28.687 , Vol+O2, 101593.00, 0.00, 0.00, 16.13
12:57:28.687 , Vol+O2, 101630.00, 0.26, 0.00, 16.13
12:57:28.690 , Vol+O2, 101667.00, 0.00, 0.00, 16.13
12:57:28.690 , Vol+O2, 101704.00, 0.00, 0.00, 16.13
12:57:28.690 , Vol+O2, 101741.00, 0.00, 0.00, 16.16
12:57:28.708 , Vol+O2, 101778.00, 0.00, 0.00, 16.16
12:57:28.708 , Vol+O2, 101815.00, 0.00, 0.00, 16.16
12:57:28.709 , Vol+O2, 101852.00, 0.69, 0.00, 16.16
12:57:28.710 , Vol+O2, 101889.00, 0.65, 0.00, 16.16
12:57:28.710 , Vol+O2, 101926.00, 0.91, 0.00, 16.16
12:57:28.712 , Vol+O2, 101963.00, 1.29, 0.00, 16.16
12:57:28.712 , Vol+O2, 102000.00, 1.12, 0.00, 16.16
12:57:28.712 , Vol+O2, 102037.00, 0.43, 0.00, 16.16
12:57:28.714 , Vol+O2, 102074.00, 0.26, 0.00, 16.16
12:57:28.714 , Vol+O2, 102111.00, 0.30, 0.00, 16.16
12:57:28.715 , Vol+O2, 102148.00, 0.56, 0.00, 16.16
12:57:28.715 , Vol+O2, 102185.00, 1.43, 0.00, 16.16
12:57:28.716 , Vol+O2, 102222.00, 2.98, 0.00, 16.16
12:57:28.717 , Vol+O2, 102259.00, 4.89, 0.00, 16.16
12:57:28.717 , Vol+O2, 102296.00, 5.02, 0.00, 16.16
12:57:28.722 , Vol+O2, 102333.00, 6.01, 0.00, 16.16
12:57:28.722 , Vol+O2, 102370.00, 6.15, 0.00, 16.16
12:57:28.724 , Vol+O2, 102407.00, 6.32, 0.00, 16.16
12:57:28.724 , Vol+O2, 102444.00, 7.61, 0.00, 16.16
12:57:28.726 , Vol+O2, 102481.00, 8.16, 0.00, 16.13
12:57:28.726 , Vol+O2, 102518.00, 7.28, 0.00, 16.13
12:57:28.730 , Vol+O2, 102555.00, 6.15, 0.00, 16.13
12:57:28.730 , Vol+O2, 102592.00, 6.63, 0.00, 16.13
12:57:28.735 , Vol+O2, 102629.00, 6.47, 0.00, 16.10
12:57:28.735 , Vol+O2, 102666.00, 6.69, 0.00, 16.10
12:57:28.738 , Vol+O2, 102703.00, 7.88, 0.00, 16.10
12:57:28.738 , Vol+O2, 102740.00, 7.83, 0.00, 16.10
12:57:28.741 , Vol+O2, 102777.00, 6.85, 0.00, 16.07
12:57:28.741 , Vol+O2, 102814.00, 6.01, 0.00, 16.07
12:57:28.744 , Vol+O2, 102851.00, 5.67, 0.00, 16.07
12:57:28.744 , Vol+O2, 102888.00, 6.06, 0.00, 16.07
12:57:28.747 , Vol+O2, 102924.00, 6.28, 0.00, 16.26
12:57:28.747 , Vol+O2, 102961.00, 7.01, 0.00, 16.26
12:57:28.752 , Vol+O2, 102998.00, 6.47, 0.00, 16.26
12:57:28.752 , Vol+O2, 103035.00, 5.92, 0.00, 16.26
12:57:28.755 , Vol+O2, 103072.00, 5.80, 0.00, 16.07
12:57:28.755 , Vol+O2, 103109.00, 3.85, 0.00, 16.07
12:57:28.759 , Vol+O2, 103146.00, 2.50, 0.00, 16.07
12:57:28.759 , Vol+O2, 103183.00, 4.45, 0.00, 16.07
12:57:28.761 , Vol+O2, 103220.00, 4.80, 0.00, 16.07
12:57:28.761 , Vol+O2, 103257.00, 2.47, 0.00, 16.07
12:57:28.765 , Vol+O2, 103294.00, 0.00, 0.00, 16.07
12:57:28.765 , Vol+O2, 103331.00, 0.00, 1.20, 16.07
12:57:28.767 , Vol+O2, 103368.00, 0.00, 3.87, 16.04
12:57:28.767 , Vol+O2, 103405.00, 0.00, 4.42, 16.04
12:57:28.774 , Vol+O2, 103442.00, 0.00, 4.42, 16.04
12:57:28.774 , Vol+O2, 103479.00, 0.00, 4.46, 16.04
12:57:33.799 , Vol+O2, 103517.00, 0.00, 4.01, 16.04
12:57:33.801 , Vol+O2, 103554.00, 0.00, 4.09, 16.04
12:57:33.801 , Vol+O2, 103591.00, 0.00, 5.02, 16.03
12:57:33.801 , Vol+O2, 103628.00, 0.00, 5.34, 16.03
12:57:33.806 , Vol+O2, 103666.00, 0.00, 5.61, 16.03
12:57:33.806 , Vol+O2, 103703.00, 0.00, 4.97, 16.03
12:57:33.820 , Vol+O2, 103741.00, 0.00, 5.85, 16.03
12:57:33.820 , Vol+O2, 103777.00, 0.00, 6.12, 16.07
12:57:33.820 , Vol+O2, 103814.00, 0.00, 6.12, 16.07
12:57:33.820 , Vol+O2, 103851.00, 0.00, 5.94, 16.07
12:57:33.820 , Vol+O2, 103888.00, 0.00, 4.93, 16.07
12:57:33.820 , Vol+O2, 103925.00, 0.00, 5.85, 16.07
12:57:33.820 , Vol+O2, 103962.00, 0.00, 5.90, 16.13
12:57:33.820 , Vol+O2, 103999.00, 0.00, 5.70, 16.13
12:57:33.828 , Vol+O2, 104036.00, 0.00, 6.40, 16.13
12:57:33.828 , Vol+O2, 104073.00, 0.00, 6.30, 16.13
12:57:33.831 , Vol+O2, 104109.00, 0.00, 5.90, 16.16
12:57:33.831 , Vol+O2, 104146.00, 0.00, 5.57, 16.16
12:57:33.833 , Vol+O2, 104183.00, 0.00, 5.15, 16.16
12:57:33.833 , Vol+O2, 104220.00, 0.00, 5.06, 16.16
12:57:33.836 , Vol+O2, 104257.00, 0.00, 6.26, 16.22
12:57:33.836 , Vol+O2, 104294.00, 0.00, 5.39, 16.22
12:57:33.841 , Vol+O2, 104331.00, 0.00, 4.42, 16.22
12:57:33.841 , Vol+O2, 104368.00, 0.00, 5.15, 16.22
12:57:33.844 , Vol+O2, 104405.00, 0.00, 5.34, 16.24
12:57:33.844 , Vol+O2, 104442.00, 0.00, 4.60, 16.24
12:57:33.848 , Vol+O2, 104479.00, 0.00, 3.91, 16.24
12:57:33.848 , Vol+O2, 104516.00, 0.00, 4.55, 16.24
12:57:33.850 , Vol+O2, 104553.00, 0.00, 4.14, 16.28
12:57:33.850 , Vol+O2, 104590.00, 0.00, 3.82, 16.28
12:57:33.854 , Vol+O2, 104627.00, 0.00, 3.27, 16.28
12:57:33.854 , Vol+O2, 104664.00, 0.00, 3.73, 16.28
12:57:33.856 , Vol+O2, 104701.00, 0.00, 3.13, 16.31
12:57:33.856 , Vol+O2, 104738.00, 0.00, 1.80, 16.31
12:57:33.873 , Vol+O2, 104775.00, 0.00, 2.86, 16.31
12:57:33.873 , Vol+O2, 104811.00, 0.00, 2.26, 16.31
12:57:33.875 , Vol+O2, 104848.00, 0.00, 2.17, 16.31
12:57:33.875 , Vol+O2, 104885.00, 0.00, 1.75, 16.28
12:57:33.876 , Vol+O2, 104922.00, 0.00, 1.48, 16.28
12:57:33.891 , Vol+O2, 104959.00, 0.00, 0.65, 16.28
12:57:33.891 , Vol+O2, 104996.00, 0.00, 0.00, 16.28
12:57:33.892 , Vol+O2, 105033.00, 0.43, 0.00, 16.28
12:57:33.892 , Vol+O2, 105070.00, 0.95, 0.00, 16.28
12:57:33.893 , Vol+O2, 105107.00, 1.38, 0.00, 16.28
12:57:33.893 , Vol+O2, 105144.00, 1.95, 0.00, 16.28
12:57:33.894 , Vol+O2, 105181.00, 2.76, 0.00, 16.25
12:57:33.894 , Vol+O2, 105218.00, 3.33, 0.00, 16.25
12:57:33.897 , Vol+O2, 105255.00, 3.28, 0.00, 16.25
12:57:33.897 , Vol+O2, 105292.00, 4.15, 0.00, 16.25
12:57:33.900 , Vol+O2, 105329.00, 4.41, 0.00, 16.22
12:57:33.900 , Vol+O2, 105366.00, 4.93, 0.00, 16.22
12:57:33.904 , Vol+O2, 105403.00, 5.06, 0.00, 16.22
12:57:33.904 , Vol+O2, 105440.00, 4.93, 0.00, 16.22
12:57:33.906 , Vol+O2, 105477.00, 6.32, 0.00, 16.19
12:57:33.906 , Vol+O2, 105514.00, 6.37, 0.00, 16.19
12:57:33.911 , Vol+O2, 105551.00, 6.74, 0.00, 16.19
12:57:33.911 , Vol+O2, 105588.00, 6.43, 0.00, 16.19
12:57:33.915 , Vol+O2, 105625.00, 6.22, 0.00, 16.16
12:57:33.915 , Vol+O2, 105662.00, 5.62, 0.00, 16.16
12:57:33.918 , Vol+O2, 105699.00, 5.31, 0.00, 16.16
12:57:33.918 , Vol+O2, 105736.00, 4.71, 0.00, 16.16
12:57:33.923 , Vol+O2, 105773.00, 4.58, 0.00, 16.13
12:57:33.923 , Vol+O2, 105810.00, 5.80, 0.00, 16.13
12:57:33.923 , Vol+O2, 105847.00, 4.28, 0.00, 16.13
12:57:33.925 , Vol+O2, 105884.00, 4.53, 0.00, 16.13
12:57:33.925 , Vol+O2, 105921.00, 5.58, 0.00, 16.10
12:57:33.929 , Vol+O2, 105958.00, 7.28, 0.00, 16.10
12:57:33.929 , Vol+O2, 105995.00, 7.78, 0.00, 16.10
12:57:33.933 , Vol+O2, 106032.00, 6.22, 0.00, 16.10
12:57:33.933 , Vol+O2, 106069.00, 5.84, 0.00, 16.07
12:57:33.937 , Vol+O2, 106106.00, 5.88, 0.00, 16.07
12:57:33.937 , Vol+O2, 106143.00, 5.31, 0.00, 16.07
12:57:33.940 , Vol+O2, 106180.00, 4.80, 0.00, 16.07
12:57:33.940 , Vol+O2, 106216.00, 5.62, 0.00, 16.04
12:57:33.943 , Vol+O2, 106253.00, 5.10, 0.00, 16.04
12:57:33.943 , Vol+O2, 106290.00, 4.45, 0.00, 16.04
12:57:33.947 , Vol+O2, 106327.00, 5.28, 0.00, 16.04
12:57:33.947 , Vol+O2, 106364.00, 3.94, 0.00, 16.04
12:57:33.949 , Vol+O2, 106401.00, 4.06, 0.00, 16.04
12:57:33.949 , Vol+O2, 106438.00, 4.36, 0.00, 16.04
12:57:33.953 , Vol+O2, 106475.00, 4.15, 0.00, 16.04
12:57:33.953 , Vol+O2, 106512.00, 4.53, 0.00, 16.01
12:57:33.958 , Vol+O2, 106549.00, 5.19, 0.00, 16.01
12:57:33.958 , Vol+O2, 106586.00, 5.28, 0.00, 16.01
12:57:33.960 , Vol+O2, 106623.00, 4.32, 0.00, 16.01
12:57:33.960 , Vol+O2, 106660.00, 2.59, 0.00, 15.98
12:57:33.960 , Vol+O2, 106697.00, 1.12, 0.00, 15.98
12:57:33.964 , Vol+O2, 106734.00, 0.00, 0.00, 15.98
12:57:33.967 , Vol+O2, 106771.00, 1.56, 1.58, 15.98
12:57:33.967 , Vol+O2, 106808.00, 0.00, 3.54, 15.94
12:57:33.971 , Vol+O2, 106845.00, 0.00, 5.06, 15.94
12:57:33.971 , Vol+O2, 106882.00, 0.00, 6.56, 15.94
12:57:33.971 , Vol+O2, 106918.00, 0.00, 7.89, 15.94
12:57:33.975 , Vol+O2, 106955.00, 0.00, 9.16, 15.94
12:57:33.978 , Vol+O2, 106992.00, 0.00, 15.01, 15.92
12:57:33.978 , Vol+O2, 107029.00, 0.00, 16.30, 15.92
12:57:33.980 , Vol+O2, 107066.00, 0.00, 21.08, 15.92
12:57:33.980 , Vol+O2, 107103.00, 0.00, 22.23, 15.92
12:57:33.984 , Vol+O2, 107140.00, 0.00, 21.43, 15.92
12:57:33.984 , Vol+O2, 107177.00, 0.00, 21.35, 15.92
12:57:33.988 , Vol+O2, 107214.00, 0.00, 20.90, 15.92
12:57:33.988 , Vol+O2, 107251.00, 0.00, 18.17, 15.92
12:57:33.990 , Vol+O2, 107288.00, 0.00, 17.58, 15.98
12:57:33.990 , Vol+O2, 107325.00, 0.00, 14.58, 15.98
12:57:33.994 , Vol+O2, 107362.00, 0.00, 13.05, 15.98
12:57:33.994 , Vol+O2, 107399.00, 0.00, 11.80, 15.98
12:57:33.999 , Vol+O2, 107436.00, 0.00, 10.30, 16.04
12:57:33.999 , Vol+O2, 107473.00, 0.00, 10.85, 16.04
12:57:34.002 , Vol+O2, 107510.00, 0.00, 12.39, 16.04
12:57:34.002 , Vol+O2, 107547.00, 0.00, 12.06, 16.04
12:57:34.005 , Vol+O2, 107584.00, 0.00, 11.68, 16.07
12:57:34.005 , Vol+O2, 107621.00, 0.00, 13.46, 16.07
12:57:34.008 , Vol+O2, 107658.00, 0.00, 11.93, 16.07
12:57:34.008 , Vol+O2, 107695.00, 0.00, 11.29, 16.07
12:57:34.012 , Vol+O2, 107732.00, 0.00, 10.05, 16.07
12:57:34.012 , Vol+O2, 107769.00, 0.00, 9.34, 16.07
12:57:34.014 , Vol+O2, 107806.00, 0.00, 6.35, 16.07
12:57:34.014 , Vol+O2, 107843.00, 0.00, 6.07, 16.07
12:57:34.019 , Vol+O2, 107880.00, 0.00, 5.47, 16.10
12:57:34.019 , Vol+O2, 107917.00, 0.00, 5.94, 16.10
12:57:34.021 , Vol+O2, 107954.00, 0.00, 5.66, 16.10
12:57:34.021 , Vol+O2, 107991.00, 0.00, 3.31, 16.10
12:57:34.028 , Vol+O2, 108028.00, 0.00, 4.88, 16.10
12:57:34.028 , Vol+O2, 108065.00, 0.00, 5.94, 16.10
12:57:34.028 , Vol+O2, 108102.00, 0.00, 7.22, 16.10
12:57:34.030 , Vol+O2, 108139.00, 0.00, 6.45, 16.10
12:57:34.030 , Vol+O2, 108176.00, 0.00, 3.41, 16.10
12:57:34.033 , Vol+O2, 108213.00, 0.00, 0.00, 16.10
12:57:34.038 , Vol+O2, 108250.00, 0.38, 0.00, 16.10
12:57:34.038 , Vol+O2, 108287.00, 2.63, 0.00, 16.10
12:57:34.045 , Vol+O2, 108323.00, 8.67, 0.00, 16.10
12:57:34.045 , Vol+O2, 108360.00, 8.50, 0.00, 16.10
12:57:34.046 , Vol+O2, 108397.00, 9.53, 0.00, 16.10
12:57:34.046 , Vol+O2, 108434.00, 9.19, 0.00, 16.10
12:57:34.053 , Vol+O2, 108471.00, 9.82, 0.00, 16.07
12:57:34.053 , Vol+O2, 108508.00, 9.71, 0.00, 16.07
12:57:34.060 , Vol+O2, 108545.00, 9.30, 0.00, 16.07
12:57:34.060 , Vol+O2, 108582.00, 10.64, 0.00, 16.07
12:57:34.063 , Vol+O2, 108619.00, 12.46, 0.00, 16.07
12:57:34.063 , Vol+O2, 108656.00, 12.31, 0.00, 16.07
12:57:34.065 , Vol+O2, 108693.00, 10.45, 0.00, 16.07
12:57:34.065 , Vol+O2, 108730.00, 9.60, 0.00, 16.07
12:57:39.061 , Vol+O2, 108768.00, 9.77, 0.00, 16.07
12:57:39.061 , Vol+O2, 108804.00, 12.76, 0.00, 16.04
12:57:39.064 , Vol+O2, 108843.00, 11.95, 0.00, 16.04
12:57:39.064 , Vol+O2, 108879.00, 8.73, 0.00, 16.04
12:57:39.078 , Vol+O2, 108919.00, 7.55, 0.00, 16.04
12:57:39.078 , Vol+O2, 108957.00, 7.22, 0.00, 16.04
12:57:39.078 , Vol+O2, 108992.00, 7.28, 0.00, 16.04
12:57:39.078 , Vol+O2, 109031.00, 7.55, 0.00, 15.98
12:57:39.085 , Vol+O2, 109068.00, 7.22, 0.00, 15.98
12:57:39.085 , Vol+O2, 109105.00, 6.28, 0.00, 15.98
12:57:39.086 , Vol+O2, 109142.00, 6.06, 0.00, 15.98
12:57:39.086 , Vol+O2, 109179.00, 6.06, 0.00, 15.98
12:57:39.088 , Vol+O2, 109216.00, 5.14, 0.00, 15.98
12:57:39.088 , Vol+O2, 109253.00, 5.00, 0.00, 15.98
12:57:39.092 , Vol+O2, 109290.00, 6.74, 0.00, 15.98
12:57:39.092 , Vol+O2, 109327.00, 6.51, 0.00, 15.98
12:57:39.094 , Vol+O2, 109364.00, 6.47, 0.00, 15.98
12:57:39.094 , Vol+O2, 109401.00, 7.67, 0.00, 15.95
12:57:39.096 , Vol+O2, 109438.00, 8.45, 0.00, 15.95
12:57:39.096 , Vol+O2, 109475.00, 9.77, 0.00, 15.95
12:57:39.103 , Vol+O2, 109512.00, 11.21, 0.00, 15.95
12:57:39.103 , Vol+O2, 109549.00, 9.80, 0.00, 15.92
12:57:39.105 , Vol+O2, 109586.00, 8.82, 0.00, 15.92
12:57:39.108 , Vol+O2, 109623.00, 6.13, 0.00, 15.92
12:57:39.108 , Vol+O2, 109660.00, 5.43, 0.00, 15.92
12:57:39.111 , Vol+O2, 109697.00, 6.09, 0.00, 15.92
12:57:39.111 , Vol+O2, 109734.00, 7.28, 0.00, 15.92
12:57:39.114 , Vol+O2, 109771.00, 7.17, 0.00, 15.92
12:57:39.114 , Vol+O2, 109808.00, 10.85, 0.00, 15.92
12:57:39.118 , Vol+O2, 109845.00, 11.64, 0.00, 15.86
12:57:39.118 , Vol+O2, 109882.00, 11.40, 0.00, 15.86
12:57:39.123 , Vol+O2, 109919.00, 11.95, 0.00, 15.86
12:57:39.123 , Vol+O2, 109956.00, 11.56, 0.00, 15.86
12:57:39.125 , Vol+O2, 109993.00, 11.83, 0.00, 15.86
12:57:39.125 , Vol+O2, 110030.00, 12.06, 0.00, 15.86
12:57:39.128 , Vol+O2, 110067.00, 10.45, 0.00, 15.86
12:57:39.128 , Vol+O2, 110104.00, 7.50, 0.00, 15.86
12:57:39.133 , Vol+O2, 110141.00, 6.37, 0.00, 15.83
12:57:39.133 , Vol+O2, 110178.00, 9.60, 0.00, 15.83
12:57:39.135 , Vol+O2, 110215.00, 8.25, 0.00, 15.83
12:57:39.135 , Vol+O2, 110252.00, 6.78, 0.00, 15.83
12:57:39.138 , Vol+O2, 110288.00, 8.19, 0.00, 15.83
12:57:39.138 , Vol+O2, 110325.00, 7.80, 0.00, 15.83
12:57:39.142 , Vol+O2, 110362.00, 8.31, 0.00, 15.83
12:57:39.142 , Vol+O2, 110399.00, 7.65, 0.00, 15.83
12:57:39.147 , Vol+O2, 110436.00, 5.79, 0.00, 15.80
12:57:39.147 , Vol+O2, 110473.00, 5.36, 0.00, 15.80
12:57:39.149 , Vol+O2, 110510.00, 5.47, 0.00, 15.80
12:57:39.149 , Vol+O2, 110547.00, 5.97, 0.00, 15.80
12:57:39.152 , Vol+O2, 110584.00, 6.43, 0.00, 15.77
12:57:39.152 , Vol+O2, 110621.00, 6.40, 0.00, 15.77
12:57:39.155 , Vol+O2, 110658.00, 3.84, 0.00, 15.77
12:57:39.155 , Vol+O2, 110695.00, 3.55, 0.00, 15.77
12:57:39.159 , Vol+O2, 110732.00, 4.27, 0.00, 15.77
12:57:39.159 , Vol+O2, 110769.00, 5.35, 0.00, 15.77
12:57:39.164 , Vol+O2, 110806.00, 9.17, 0.00, 15.77
12:57:39.164 , Vol+O2, 110843.00, 7.07, 0.00, 15.77
12:57:39.166 , Vol+O2, 110880.00, 6.69, 0.00, 15.77
12:57:39.166 , Vol+O2, 110917.00, 5.36, 0.00, 15.77
12:57:39.170 , Vol+O2, 110954.00, 4.23, 0.00, 15.77
12:57:39.170 , Vol+O2, 110990.00, 4.57, 0.00, 15.77
12:57:39.173 , Vol+O2, 111027.00, 4.36, 0.00, 15.77
12:57:39.173 , Vol+O2, 111064.00, 4.62, 0.00, 15.74
12:57:39.176 , Vol+O2, 111101.00, 3.92, 0.00, 15.74
12:57:39.176 , Vol+O2, 111138.00, 3.97, 0.00, 15.74
12:57:39.181 , Vol+O2, 111175.00, 2.72, 0.00, 15.74
12:57:39.181 , Vol+O2, 111212.00, 0.77, 0.00, 15.71
12:57:39.222 , Vol+O2, 111249.00, 0.95, 0.00, 15.71
12:57:39.222 , Vol+O2, 111286.00, 2.33, 0.00, 15.71
12:57:39.224 , Vol+O2, 111323.00, 0.00, 0.37, 15.71
12:57:39.224 , Vol+O2, 111360.00, 0.00, 2.44, 15.71
12:57:39.231 , Vol+O2, 111397.00, 0.00, 4.01, 15.71
12:57:39.231 , Vol+O2, 111434.00, 0.00, 4.51, 15.71
12:57:39.231 , Vol+O2, 111471.00, 0.00, 5.39, 15.71
12:57:39.231 , Vol+O2, 111508.00, 0.00, 4.64, 15.71
12:57:39.231 , Vol+O2, 111545.00, 0.00, 6.72, 15.71
12:57:39.231 , Vol+O2, 111582.00, 0.00, 9.57, 15.71
12:57:39.235 , Vol+O2, 111619.00, 0.00, 15.01, 15.71
12:57:39.235 , Vol+O2, 111656.00, 0.00, 20.05, 15.71
12:57:39.235 , Vol+O2, 111693.00, 0.00, 21.87, 15.71
12:57:39.235 , Vol+O2, 111730.00, 0.00, 21.17, 15.71
12:57:39.237 , Vol+O2, 111767.00, 0.00, 18.77, 15.71
12:57:39.237 , Vol+O2, 111804.00, 0.00, 18.52, 15.77
12:57:39.240 , Vol+O2, 111841.00, 0.00, 19.54, 15.77
12:57:39.240 , Vol+O2, 111878.00, 0.00, 22.41, 15.77
12:57:39.244 , Vol+O2, 111915.00, 0.00, 21.87, 15.77
12:57:39.244 , Vol+O2, 111952.00, 0.00, 20.30, 15.83
12:57:39.246 , Vol+O2, 111989.00, 0.00, 19.28, 15.83
12:57:39.246 , Vol+O2, 112026.00, 0.00, 18.00, 15.83
12:57:39.250 , Vol+O2, 112063.00, 0.00, 15.84, 15.83
12:57:39.250 , Vol+O2, 112100.00, 0.00, 18.69, 15.92
12:57:39.256 , Vol+O2, 112137.00, 0.00, 17.67, 15.92
12:57:39.256 , Vol+O2, 112174.00, 0.00, 17.33, 15.92
12:57:39.258 , Vol+O2, 112211.00, 0.00, 16.45, 15.92
12:57:39.258 , Vol+O2, 112248.00, 0.00, 15.46, 15.98
12:57:39.261 , Vol+O2, 112285.00, 0.00, 13.60, 15.98
12:57:39.261 , Vol+O2, 112322.00, 0.00, 15.08, 15.98
12:57:39.261 , Vol+O2, 112359.00, 0.00, 15.53, 15.98
12:57:39.264 , Vol+O2, 112395.00, 0.00, 15.16, 16.04
12:57:39.264 , Vol+O2, 112432.00, 0.00, 14.15, 16.04
12:57:39.268 , Vol+O2, 112469.00, 0.00, 12.78, 16.04
12:57:39.268 , Vol+O2, 112506.00, 0.00, 9.75, 16.04
12:57:39.271 , Vol+O2, 112543.00, 0.00, 9.75, 16.10
12:57:39.271 , Vol+O2, 112580.00, 0.00, 10.36, 16.10
12:57:39.276 , Vol+O2, 112617.00, 0.00, 10.79, 16.10
12:57:39.279 , Vol+O2, 112654.00, 0.00, 13.12, 16.10
12:57:39.279 , Vol+O2, 112691.00, 0.00, 13.39, 16.13
12:57:39.281 , Vol+O2, 112728.00, 0.00, 12.59, 16.13
12:57:39.281 , Vol+O2, 112765.00, 0.00, 12.52, 16.13
12:57:39.285 , Vol+O2, 112802.00, 0.00, 13.95, 16.13
12:57:39.285 , Vol+O2, 112839.00, 0.00, 12.92, 16.19
12:57:39.288 , Vol+O2, 112876.00, 0.00, 13.53, 16.19
12:57:39.288 , Vol+O2, 112913.00, 0.00, 11.48, 16.19
12:57:39.291 , Vol+O2, 112950.00, 0.00, 10.48, 16.19
12:57:39.291 , Vol+O2, 112987.00, 0.00, 10.55, 16.25
12:57:39.296 , Vol+O2, 113024.00, 0.00, 11.23, 16.25
12:57:39.296 , Vol+O2, 113061.00, 0.00, 9.16, 16.25
12:57:39.299 , Vol+O2, 113097.00, 0.00, 9.69, 16.25
12:57:39.299 , Vol+O2, 113134.00, 0.00, 8.00, 16.25
12:57:39.303 , Vol+O2, 113171.00, 0.00, 10.55, 16.25
12:57:39.303 , Vol+O2, 113208.00, 0.00, 10.36, 16.25
12:57:39.305 , Vol+O2, 113245.00, 0.00, 8.29, 16.25
12:57:39.305 , Vol+O2, 113282.00, 0.00, 5.20, 16.25
12:57:39.309 , Vol+O2, 113319.00, 0.00, 1.75, 16.28
12:57:39.309 , Vol+O2, 113356.00, 0.00, 2.40, 16.28
12:57:39.313 , Vol+O2, 113393.00, 0.00, 3.77, 16.28
12:57:39.313 , Vol+O2, 113430.00, 0.00, 4.09, 16.28
12:57:39.316 , Vol+O2, 113467.00, 0.00, 5.66, 16.28
12:57:39.316 , Vol+O2, 113504.00, 0.00, 6.26, 16.28
12:57:39.320 , Vol+O2, 113541.00, 0.00, 6.30, 16.28
12:57:39.320 , Vol+O2, 113578.00, 0.00, 6.30, 16.28
12:57:39.322 , Vol+O2, 113615.00, 0.00, 6.03, 16.31
12:57:39.322 , Vol+O2, 113652.00, 0.00, 4.42, 16.31
12:57:39.326 , Vol+O2, 113689.00, 0.00, 2.95, 16.31
12:57:39.326 , Vol+O2, 113726.00, 0.00, 2.49, 16.31
12:57:39.330 , Vol+O2, 113763.00, 0.00, 3.04, 16.31
12:57:39.330 , Vol+O2, 113800.00, 0.00, 4.14, 16.31
12:57:39.335 , Vol+O2, 113837.00, 0.00, 4.60, 16.31
12:57:39.335 , Vol+O2, 113874.00, 0.00, 4.84, 16.31
12:57:39.338 , Vol+O2, 113911.00, 0.00, 2.44, 16.34
12:57:39.338 , Vol+O2, 113948.00, 0.00, 2.30, 16.34
12:57:39.340 , Vol+O2, 113985.00, 0.00, 3.37, 16.34
12:57:39.340 , Vol+O2, 114022.00, 0.00, 0.70, 16.34
12:57:44.483 , Vol+O2, 114061.00, 2.45, 0.00, 16.34
12:57:44.511 , Vol+O2, 114101.00, 8.48, 0.00, 16.34
12:57:44.511 , Vol+O2, 114137.00, 12.31, 0.00, 16.34
12:57:44.511 , Vol+O2, 114176.00, 12.31, 0.00, 16.34
12:57:44.511 , Vol+O2, 114213.00, 9.80, 0.00, 16.34
12:57:44.511 , Vol+O2, 114251.00, 8.39, 0.00, 16.34
12:57:44.511 , Vol+O2, 114288.00, 8.37, 0.00, 16.34
12:57:44.511 , Vol+O2, 114326.00, 9.34, 0.00, 16.34
12:57:44.561 , Vol+O2, 114362.00, 9.34, 0.00, 16.34
12:57:44.561 , Vol+O2, 114399.00, 6.83, 0.00, 16.34
12:57:44.564 , Vol+O2, 114436.00, 6.45, 0.00, 16.34
12:57:44.564 , Vol+O2, 114473.00, 8.43, 0.00, 16.34
12:57:44.566 , Vol+O2, 114510.00, 11.13, 0.00, 16.34
12:57:44.566 , Vol+O2, 114547.00, 11.68, 0.00, 16.31
12:57:44.568 , Vol+O2, 114584.00, 11.18, 0.00, 16.31
12:57:44.568 , Vol+O2, 114621.00, 11.13, 0.00, 16.31
12:57:44.570 , Vol+O2, 114658.00, 8.94, 0.00, 16.31
12:57:44.570 , Vol+O2, 114695.00, 7.25, 0.00, 16.31
12:57:44.570 , Vol+O2, 114732.00, 8.48, 0.00, 16.31
12:57:44.573 , Vol+O2, 114769.00, 8.94, 0.00, 16.31
12:57:44.576 , Vol+O2, 114806.00, 7.05, 0.00, 16.31
12:57:44.576 , Vol+O2, 114843.00, 5.22, 0.00, 16.28
12:57:44.580 , Vol+O2, 114880.00, 7.75, 0.00, 16.28
12:57:44.580 , Vol+O2, 114917.00, 8.25, 0.00, 16.28
12:57:44.583 , Vol+O2, 114954.00, 9.05, 0.00, 16.28
12:57:44.583 , Vol+O2, 114991.00, 9.17, 0.00, 16.28
12:57:44.586 , Vol+O2, 115028.00, 8.03, 0.00, 16.28
12:57:44.586 , Vol+O2, 115065.00, 7.48, 0.00, 16.28
12:57:44.591 , Vol+O2, 115102.00, 6.18, 0.00, 16.28
12:57:44.591 , Vol+O2, 115139.00, 4.87, 0.00, 16.28
12:57:44.594 , Vol+O2, 115176.00, 3.33, 0.00, 16.28
12:57:44.594 , Vol+O2, 115213.00, 1.98, 0.00, 16.28
12:57:44.598 , Vol+O2, 115250.00, 2.62, 0.00, 16.28
12:57:44.598 , Vol+O2, 115287.00, 5.35, 0.00, 16.28
12:57:44.600 , Vol+O2, 115324.00, 7.15, 0.00, 16.28
12:57:44.600 , Vol+O2, 115361.00, 6.22, 0.00, 16.28
12:57:44.600 , Vol+O2, 115398.00, 8.65, 0.00, 16.28
12:57:44.604 , Vol+O2, 115435.00, 9.11, 0.00, 16.28
12:57:44.608 , Vol+O2, 115472.00, 8.54, 0.00, 16.28
12:57:44.608 , Vol+O2, 115509.00, 7.97, 0.00, 16.28
12:57:44.611 , Vol+O2, 115546.00, 7.92, 0.00, 16.28
12:57:44.611 , Vol+O2, 115583.00, 6.83, 0.00, 16.25
12:57:44.615 , Vol+O2, 115620.00, 8.25, 0.00, 16.25
12:57:44.615 , Vol+O2, 115657.00, 8.77, 0.00, 16.25
12:57:44.619 , Vol+O2, 115694.00, 11.13, 0.00, 16.25
12:57:44.619 , Vol+O2, 115730.00, 11.68, 0.00, 16.25
12:57:44.621 , Vol+O2, 115767.00, 9.98, 0.00, 16.25
12:57:44.621 , Vol+O2, 115804.00, 7.21, 0.00, 16.25
12:57:44.625 , Vol+O2, 115841.00, 5.31, 0.00, 16.25
12:57:44.625 , Vol+O2, 115878.00, 7.15, 0.00, 16.25
12:57:44.629 , Vol+O2, 115915.00, 7.97, 0.00, 16.25
12:57:44.629 , Vol+O2, 115952.00, 5.95, 0.00, 16.25
12:57:44.633 , Vol+O2, 115989.00, 5.30, 0.00, 16.25
12:57:44.633 , Vol+O2, 116026.00, 5.61, 0.00, 16.25
12:57:44.636 , Vol+O2, 116063.00, 5.70, 0.00, 16.25
12:57:44.636 , Vol+O2, 116100.00, 5.87, 0.00, 16.25
12:57:44.639 , Vol+O2, 116137.00, 6.62, 0.00, 16.25
12:57:44.639 , Vol+O2, 116174.00, 5.22, 0.00, 16.22
12:57:44.643 , Vol+O2, 116211.00, 4.35, 0.00, 16.22
12:57:44.643 , Vol+O2, 116248.00, 4.79, 0.00, 16.22
12:57:44.645 , Vol+O2, 116285.00, 7.37, 0.00, 16.22
12:57:44.645 , Vol+O2, 116322.00, 5.74, 0.00, 16.25
12:57:44.649 , Vol+O2, 116359.00, 1.38, 0.00, 16.25
12:57:44.649 , Vol+O2, 116396.00, 1.80, 0.00, 16.25
12:57:44.654 , Vol+O2, 116432.00, 5.47, 0.00, 16.25
12:57:44.654 , Vol+O2, 116469.00, 5.18, 0.00, 16.25
12:57:44.656 , Vol+O2, 116506.00, 3.18, 0.00, 16.19
12:57:44.656 , Vol+O2, 116543.00, 2.93, 0.00, 16.19
12:57:44.699 , Vol+O2, 116580.00, 0.00, 0.24, 16.19
12:57:44.699 , Vol+O2, 116617.00, 0.60, 0.00, 16.19
12:57:44.700 , Vol+O2, 116654.00, 0.00, 0.00, 16.19
12:57:44.700 , Vol+O2, 116691.00, 0.00, 7.22, 16.19
12:57:44.702 , Vol+O2, 116728.00, 0.00, 9.75, 16.19
12:57:44.702 , Vol+O2, 116765.00, 0.00, 10.12, 16.19
12:57:44.703 , Vol+O2, 116802.00, 0.00, 14.51, 16.19
12:57:44.705 , Vol+O2, 116839.00, 0.00, 19.96, 16.19
12:57:44.705 , Vol+O2, 116876.00, 0.00, 18.77, 16.19
12:57:44.708 , Vol+O2, 116913.00, 0.00, 21.87, 16.19
12:57:44.708 , Vol+O2, 116950.00, 0.00, 20.90, 16.19
12:57:44.712 , Vol+O2, 116987.00, 0.00, 16.93, 16.19
12:57:44.712 , Vol+O2, 117024.00, 0.00, 15.92, 16.19
12:57:44.715 , Vol+O2, 117061.00, 0.00, 18.52, 16.19
12:57:44.715 , Vol+O2, 117098.00, 0.00, 14.80, 16.25
12:57:44.718 , Vol+O2, 117135.00, 0.00, 14.58, 16.25
12:57:44.718 , Vol+O2, 117172.00, 0.00, 16.22, 16.25
12:57:44.721 , Vol+O2, 117209.00, 0.00, 17.83, 16.25
12:57:44.721 , Vol+O2, 117246.00, 0.00, 16.07, 16.31
12:57:44.726 , Vol+O2, 117283.00, 0.00, 15.23, 16.31
12:57:44.726 , Vol+O2, 117320.00, 0.00, 15.76, 16.31
12:57:44.729 , Vol+O2, 117357.00, 0.00, 13.26, 16.31
12:57:44.729 , Vol+O2, 117394.00, 0.00, 17.75, 16.37
12:57:44.733 , Vol+O2, 117431.00, 0.00, 18.17, 16.37
12:57:44.733 , Vol+O2, 117468.00, 0.00, 13.87, 16.37
12:57:44.735 , Vol+O2, 117505.00, 0.00, 10.85, 16.37
12:57:44.735 , Vol+O2, 117542.00, 0.00, 10.61, 16.40
12:57:44.739 , Vol+O2, 117579.00, 0.00, 11.93, 16.40
12:57:44.739 , Vol+O2, 117616.00, 0.00, 12.45, 16.40
12:57:44.743 , Vol+O2, 117653.00, 0.00, 13.53, 16.40
12:57:44.743 , Vol+O2, 117690.00, 0.00, 14.94, 16.43
12:57:44.746 , Vol+O2, 117727.00, 0.00, 16.07, 16.43
12:57:44.746 , Vol+O2, 117764.00, 0.00, 17.33, 16.43
12:57:44.750 , Vol+O2, 117801.00, 0.00, 17.33, 16.43
12:57:44.750 , Vol+O2, 117837.00, 0.00, 14.94, 16.46
12:57:44.753 , Vol+O2, 117874.00, 0.00, 12.06, 16.46
12:57:44.753 , Vol+O2, 117911.00, 0.00, 10.24, 16.46
12:57:44.756 , Vol+O2, 117948.00, 0.00, 10.92, 16.46
12:57:44.756 , Vol+O2, 117985.00, 0.00, 10.55, 16.52
12:57:44.759 , Vol+O2, 118022.00, 0.00, 10.67, 16.52
12:57:44.759 , Vol+O2, 118059.00, 0.00, 9.51, 16.52
12:57:44.763 , Vol+O2, 118096.00, 0.00, 8.93, 16.52
12:57:44.763 , Vol+O2, 118133.00, 0.00, 7.89, 16.52
12:57:44.768 , Vol+O2, 118170.00, 0.00, 9.40, 16.52
12:57:44.768 , Vol+O2, 118207.00, 0.00, 11.23, 16.52
12:57:44.770 , Vol+O2, 118244.00, 0.00, 12.72, 16.52
12:57:44.770 , Vol+O2, 118281.00, 0.00, 9.75, 16.52
12:57:44.776 , Vol+O2, 118318.00, 0.00, 5.39, 16.52
12:57:44.776 , Vol+O2, 118355.00, 0.00, 3.67, 16.52
12:57:44.776 , Vol+O2, 118392.00, 0.00, 5.15, 16.52
12:57:44.776 , Vol+O2, 118429.00, 0.00, 5.47, 16.58
12:57:44.778 , Vol+O2, 118466.00, 0.00, 5.15, 16.58
12:57:44.778 , Vol+O2, 118503.00, 0.00, 5.99, 16.58
12:57:44.780 , Vol+O2, 118539.00, 0.00, 6.62, 16.58
12:57:44.780 , Vol+O2, 118576.00, 0.00, 7.83, 16.58
12:57:44.785 , Vol+O2, 118613.00, 0.00, 5.66, 16.55
12:57:44.785 , Vol+O2, 118650.00, 0.00, 2.08, 16.55
12:57:44.785 , Vol+O2, 118687.00, 1.63, 0.00, 16.55
12:57:44.788 , Vol+O2, 118724.00, 3.62, 0.00, 16.55
12:57:44.788 , Vol+O2, 118761.00, 3.28, 0.00, 16.55
12:57:44.791 , Vol+O2, 118798.00, 3.57, 0.00, 16.55
12:57:44.791 , Vol+O2, 118835.00, 7.43, 0.00, 16.55
12:57:44.794 , Vol+O2, 118872.00, 7.75, 0.00, 16.55
12:57:44.794 , Vol+O2, 118909.00, 5.57, 0.00, 16.55
12:57:44.798 , Vol+O2, 118946.00, 5.70, 0.00, 16.55
12:57:44.798 , Vol+O2, 118983.00, 5.52, 0.00, 16.55
12:57:44.800 , Vol+O2, 119020.00, 4.23, 0.00, 16.55
12:57:44.800 , Vol+O2, 119057.00, 7.15, 0.00, 16.55
12:57:44.804 , Vol+O2, 119094.00, 9.28, 0.00, 16.55
12:57:44.804 , Vol+O2, 119131.00, 10.27, 0.00, 16.55
12:57:44.809 , Vol+O2, 119168.00, 9.98, 0.00, 16.55
12:57:44.809 , Vol+O2, 119205.00, 9.05, 0.00, 16.52
12:57:44.811 , Vol+O2, 119242.00, 10.45, 0.00, 16.52
12:57:44.811 , Vol+O2, 119279.00, 11.43, 0.00, 16.52
12:57:44.814 , Vol+O2, 119316.00, 10.88, 0.00, 16.52
12:57:49.839 , Vol+O2, 119353.00, 7.97, 0.00, 16.52
12:57:49.858 , Vol+O2, 119390.00, 6.62, 0.00, 16.52
12:57:49.858 , Vol+O2, 119427.00, 8.48, 0.00, 16.52
12:57:49.858 , Vol+O2, 119464.00, 10.40, 0.00, 16.52
12:57:49.858 , Vol+O2, 119501.00, 11.13, 0.00, 16.48
12:57:49.858 , Vol+O2, 119539.00, 11.06, 0.00, 16.48
12:57:49.858 , Vol+O2, 119577.00, 11.00, 0.00, 16.48
12:57:49.858 , Vol+O2, 119615.00, 11.43, 0.00, 16.48
12:57:49.866 , Vol+O2, 119653.00, 10.33, 0.00, 16.48
12:57:49.866 , Vol+O2, 119689.00, 11.18, 0.00, 16.49
12:57:49.868 , Vol+O2, 119728.00, 12.76, 0.00, 16.49
12:57:49.868 , Vol+O2, 119765.00, 9.98, 0.00, 16.49
12:57:49.870 , Vol+O2, 119802.00, 9.45, 0.00, 16.49
12:57:49.870 , Vol+O2, 119840.00, 10.40, 0.00, 16.49
12:57:49.873 , Vol+O2, 119877.00, 12.95, 0.00, 16.49
12:57:49.873 , Vol+O2, 119914.00, 15.41, 0.00, 16.46
12:57:49.879 , Vol+O2, 119951.00, 13.68, 0.00, 16.46
12:57:49.879 , Vol+O2, 119988.00, 11.31, 0.00, 16.46
12:57:49.879 , Vol+O2, 120025.00, 11.56, 0.00, 16.46
12:57:49.879 , Vol+O2, 120062.00, 12.82, 0.00, 16.47
12:57:49.881 , Vol+O2, 120099.00, 12.50, 0.00, 16.47
12:57:49.881 , Vol+O2, 120136.00, 8.94, 0.00, 16.47
12:57:49.885 , Vol+O2, 120173.00, 5.22, 0.00, 16.47
12:57:49.885 , Vol+O2, 120210.00, 4.18, 0.00, 16.46
12:57:49.888 , Vol+O2, 120247.00, 4.57, 0.00, 16.46
12:57:49.888 , Vol+O2, 120284.00, 7.05, 0.00, 16.46
12:57:49.891 , Vol+O2, 120321.00, 8.37, 0.00, 16.46
12:57:49.891 , Vol+O2, 120358.00, 6.26, 0.00, 16.43
12:57:49.895 , Vol+O2, 120395.00, 5.79, 0.00, 16.43
12:57:49.895 , Vol+O2, 120432.00, 5.52, 0.00, 16.43
12:57:49.899 , Vol+O2, 120469.00, 4.48, 0.00, 16.43
12:57:49.899 , Vol+O2, 120506.00, 4.61, 0.00, 16.43
12:57:49.903 , Vol+O2, 120543.00, 1.80, 0.00, 16.43
12:57:49.903 , Vol+O2, 120580.00, 0.00, 0.00, 16.43
12:57:49.907 , Vol+O2, 120617.00, 0.86, 0.00, 16.43
12:57:49.907 , Vol+O2, 120654.00, 2.71, 0.00, 16.43
12:57:49.909 , Vol+O2, 120691.00, 3.23, 0.00, 16.43
12:57:49.909 , Vol+O2, 120728.00, 1.04, 0.00, 16.43
12:57:49.914 , Vol+O2, 120765.00, 0.65, 0.00, 16.43
12:57:49.914 , Vol+O2, 120801.00, 0.00, 1.07, 16.43
12:57:49.914 , Vol+O2, 120838.00, 0.00, 6.30, 16.43
12:57:49.918 , Vol+O2, 120875.00, 0.00, 8.17, 16.43
12:57:49.918 , Vol+O2, 120912.00, 0.00, 14.15, 16.43
12:57:49.921 , Vol+O2, 120949.00, 0.00, 20.47, 16.43
12:57:49.921 , Vol+O2, 120986.00, 0.00, 22.05, 16.43
12:57:49.924 , Vol+O2, 121023.00, 0.00, 21.43, 16.43
12:57:49.924 , Vol+O2, 121060.00, 0.00, 20.47, 16.43
12:57:49.928 , Vol+O2, 121097.00, 0.00, 17.83, 16.43
12:57:49.928 , Vol+O2, 121134.00, 0.00, 15.68, 16.43
12:57:49.933 , Vol+O2, 121171.00, 0.00, 16.53, 16.43
12:57:49.933 , Vol+O2, 121208.00, 0.00, 19.45, 16.43
12:57:49.935 , Vol+O2, 121245.00, 0.00, 15.38, 16.46
12:57:49.935 , Vol+O2, 121282.00, 0.00, 16.85, 16.46
12:57:49.938 , Vol+O2, 121319.00, 0.00, 19.45, 16.46
12:57:49.938 , Vol+O2, 121356.00, 0.00, 21.96, 16.46
12:57:49.941 , Vol+O2, 121393.00, 0.00, 22.50, 16.52
12:57:49.941 , Vol+O2, 121430.00, 0.00, 17.01, 16.52
12:57:49.941 , Vol+O2, 121467.00, 0.00, 14.66, 16.52
12:57:49.945 , Vol+O2, 121503.00, 0.00, 10.42, 16.52
12:57:49.948 , Vol+O2, 121540.00, 0.00, 11.36, 16.52
12:57:49.948 , Vol+O2, 121577.00, 0.00, 12.32, 16.55
12:57:49.952 , Vol+O2, 121614.00, 0.00, 12.39, 16.55
12:57:49.952 , Vol+O2, 121651.00, 0.00, 11.55, 16.55
12:57:49.955 , Vol+O2, 121688.00, 0.00, 13.39, 16.55
12:57:49.955 , Vol+O2, 121725.00, 0.00, 12.39, 16.58
12:57:49.959 , Vol+O2, 121762.00, 0.00, 14.36, 16.58
12:57:49.959 , Vol+O2, 121799.00, 0.00, 12.92, 16.58
12:57:49.970 , Vol+O2, 121836.00, 0.00, 10.79, 16.58
12:57:49.970 , Vol+O2, 121873.00, 0.00, 9.04, 16.61
12:57:49.973 , Vol+O2, 121910.00, 0.00, 10.98, 16.61
12:57:49.973 , Vol+O2, 121947.00, 0.00, 11.11, 16.61
12:57:49.975 , Vol+O2, 121984.00, 0.00, 10.05, 16.61
12:57:49.975 , Vol+O2, 122021.00, 0.00, 10.79, 16.64
12:57:49.978 , Vol+O2, 122058.00, 0.00, 10.67, 16.64
12:57:49.978 , Vol+O2, 122095.00, 0.00, 9.51, 16.64
12:57:49.980 , Vol+O2, 122132.00, 0.00, 12.19, 16.64
12:57:49.980 , Vol+O2, 122169.00, 0.00, 13.80, 16.64
12:57:49.983 , Vol+O2, 122206.00, 0.00, 10.61, 16.64
12:57:49.983 , Vol+O2, 122243.00, 0.00, 9.16, 16.64
12:57:49.986 , Vol+O2, 122280.00, 0.00, 4.84, 16.64
12:57:49.986 , Vol+O2, 122317.00, 0.00, 4.88, 16.67
12:57:49.986 , Vol+O2, 122354.00, 0.00, 5.99, 16.67
12:57:49.988 , Vol+O2, 122391.00, 0.00, 5.52, 16.67
12:57:49.988 , Vol+O2, 122428.00, 0.00, 4.64, 16.67
12:57:49.990 , Vol+O2, 122465.00, 0.00, 4.14, 16.67
12:57:49.990 , Vol+O2, 122502.00, 0.00, 5.39, 16.67
12:57:49.993 , Vol+O2, 122539.00, 0.00, 5.52, 16.67
12:57:49.993 , Vol+O2, 122576.00, 0.00, 4.23, 16.67
12:57:49.993 , Vol+O2, 122613.00, 0.00, 3.00, 16.67
12:57:49.996 , Vol+O2, 122650.00, 0.00, 1.75, 16.67
12:57:49.996 , Vol+O2, 122687.00, 0.00, 0.56, 16.67
12:57:50.000 , Vol+O2, 122724.00, 0.00, 1.75, 16.67
12:57:50.000 , Vol+O2, 122761.00, 0.00, 1.80, 16.67
12:57:50.004 , Vol+O2, 122798.00, 0.00, 1.20, 16.67
12:57:50.004 , Vol+O2, 122835.00, 0.00, 0.00, 16.67
12:57:50.008 , Vol+O2, 122872.00, 0.00, 0.00, 16.67
12:57:50.008 , Vol+O2, 122909.00, 0.00, 0.00, 16.67
12:57:50.010 , Vol+O2, 122946.00, 0.00, 0.00, 16.67
12:57:50.010 , Vol+O2, 122983.00, 0.00, 0.00, 16.67
12:57:50.014 , Vol+O2, 123020.00, 0.00, 0.00, 16.67
12:57:50.014 , Vol+O2, 123056.00, 0.00, 0.00, 16.64
12:57:50.017 , Vol+O2, 123093.00, 0.00, 0.00, 16.64
12:57:50.017 , Vol+O2, 123130.00, 0.00, 0.00, 16.64
12:57:50.020 , Vol+O2, 123167.00, 0.00, 0.00, 16.64
12:57:50.020 , Vol+O2, 123204.00, 0.00, 0.00, 16.64
12:57:50.025 , Vol+O2, 123241.00, 0.00, 0.00, 16.64
12:57:50.025 , Vol+O2, 123278.00, 0.00, 0.00, 16.64
12:57:50.028 , Vol+O2, 123315.00, 0.00, 0.00, 16.64
12:57:50.028 , Vol+O2, 123352.00, 0.00, 0.00, 16.61
12:57:50.031 , Vol+O2, 123389.00, 0.00, 0.00, 16.61
12:57:50.031 , Vol+O2, 123426.00, 0.00, 0.00, 16.61
12:57:50.034 , Vol+O2, 123463.00, 0.00, 0.00, 16.61
12:57:50.034 , Vol+O2, 123500.00, 0.38, 0.00, 16.61